Halaman,Nama_User,Rating,Tanggal,Teks_Bersih
1,Ivon Syarif,1,2026-10-03 13:35:58,jaring nauzubillah lot udh yg 70gb saking lot tri akses nonton biar aja rugi yg penting ngk lot
1,Trynatalis Waruwu,1,2026-10-03 13:34:25,harga paket
1,Epul Gendut,3,2026-10-03 13:29:33,harga internet internet mahalmahal kartu khusus orang kaya harga banding orang kaya orang miskin harga langit
1,Imam_ Kurniawan,3,2026-10-03 13:25:40,laku beli internet alas koneksi padahal bagus2 aja pakai wifi bahkan pagi malam tetap
1,Agung m,1,2026-10-03 13:24:14,
1,Usbeck Farker,1,2026-10-03 13:22:21,sumpah ga daerah gw parah jelek nyaa penuh ngleg
1,luthfi al maliki,1,2026-10-03 13:22:11,harga doang lot gua ga masalah kalo kualitas bagus udah kualitas jelek blok
1,Gopal ngadiman,1,2026-10-03 13:20:23,makin hari makin jelek
1,Haris,2,2026-10-03 13:10:10,rewardnya ga yg ngapain pake dapet zaman awal aja
1,Media Digital,1,2026-10-03 13:08:01,lama jelek paket doang baik
1,Mogan Sihotang,1,2026-10-03 13:07:19,harga kualitas buruk sama orang suka lelet
1,Christina Irenesha Trisniadi,1,2026-10-03 13:07:11,lot mau isi malah masuk nomor satu cs ai usah fitur yg buat pulsakuota aja payah
1,Jebjeb Channel,1,2026-10-03 13:04:55,make lama ngotak mana ilang2 kota besar 140rb dah apa gimana lu
1,Amyus Jaaa,5,2026-10-03 13:03:55,bagus
1,Abdulah Aziz,1,2026-10-03 13:00:11,bintang
1,muhamad nur,1,2026-10-03 12:59:06,kek apa tau putus putus korupsi bgsd
1,Adil rahman Rahman,5,2026-10-03 12:58:40,bgus
1,Diki Firmansyah,3,2026-10-03 12:51:16,aplikasi lot ampun
1,adrian fatah,1,2026-10-03 12:43:45,sekali promo gak
1,choerul anwar,1,2026-10-03 12:39:16,malah tambah busuk
1,Nur Teti,5,2026-10-03 12:36:25,
1,Firdaus Jbi,3,2026-10-03 12:31:41,lebih baik lg internetnya
1,Angga Khoirinsyah,4,2026-10-03 12:31:03,sangat bantu
1,Jidan Jidan,5,2026-10-03 12:30:00,sangat bagus
1,Dwiky Fauzi,1,2026-10-03 12:28:59,baik sering bug aplikasi
1,Bapake Raskha,1,2026-10-03 12:28:21,lot
1,Vinaaa Pinn,4,2026-10-03 12:26:51,gajelas bgt ni apk lot sllu lag
1,Dadan Dani,1,2026-10-03 12:26:05,operator pulsa baik fiturnya jaga pulsa cuma
1,papih muda,1,2026-10-03 12:20:54,gak jelas paket mahal2 ancur baik jangan harga aja yg sesuai sama harga masa kadang full gak internet kan lucu
1,SekedarHobi,1,2026-10-03 12:20:21,lot
1,hariet kaurow,1,2026-10-03 12:18:28,dua kali beli data pernah masuk lokasi papua complain customer tetap solusi kalo layan begini mending ganti provider
1,Ichsan Ajoo,3,2026-10-03 12:17:20,mahaal dong min yg masuk akal selalu
1,Andre Jimmy,5,2026-10-03 12:17:18,
1,Rudi Harfis,1,2026-10-03 12:13:05,pulsa hilang terus dikit terus dasar maling
1,Uda Harry,1,2026-10-03 12:11:33,maling pulsa
1,EmperoR N,1,2026-10-03 12:10:16,
1,Sarip 345,1,2026-10-03 12:09:54,jelek kalo mati hujan jelek parah sama internet mahalmahal kata tulis promo harga aja cuman 10gb 28hari bukan promo nama kocak mana lamalama update terus berat haduh udah gak bener
1,yana soetrisna,1,2026-10-03 12:09:34,butut
1,Nanda Hadryani,1,2026-10-03 12:08:48,parah banget jaring buat main game ngelag parah jaring suka hilang timbul ampun
1,MLS AUDIO MLS,5,2026-10-03 12:08:00,sangat baik
1,Rudi Harfis,1,2026-10-03 12:07:08,sering hilang terus pulsa dikit aku gak pernah internet aku pakai wifi terus cara maling pulsa
1,Naflah Althafunnisa,4,2026-10-03 12:06:51,benerin suka ngelag2
1,Bandi Spd,1,2026-10-03 12:02:13,jelek x baik buat kesel apa d parah mampus lh kau
1,Samsung Galaxyssglxy,5,2026-10-03 11:57:37,mantap
1,Tristan 007,1,2026-10-03 11:57:07,rusak apk susah d buka
1,dimas saputra,4,2026-10-03 11:54:22,terlalu mohon beri harga lebih murah
1,Mah Mudin,1,2026-10-03 11:53:52,lama buruk sangat kecewa jadi langgan
1,vicho,1,2026-10-03 11:50:02,5 th pake harga makin harga selalu ubah ubah it
1,Ferdi Yanto,5,2026-10-03 11:49:42,bagus
1,Antigosip 0910,1,2026-10-03 11:44:57,baik sinya lh 4g tpi d pake ga sama aja
1,Eran Nola,1,2026-10-03 11:43:27,gua pakai simpati cman tempat gua
1,Chalisti Tahir,1,2026-10-03 11:32:52,malam sampai keluh kait pulsa reguler beli nomor terima notifikasi lalu sms periksa pulsa sebut masuk tambah mohon bantu periksa kendala beri solusi pulsa sesuai transaksi terima kasih
1,leveltaekwondo club,5,2026-10-03 11:32:31,best provider
1,Fatki Setiawan,1,2026-10-03 11:32:09,berat banget buka force close terus dong ui gausah
1,Hasbi Sidiq,5,2026-10-03 11:30:15,kasih la pket murah bos
1,Abdul Jepara,1,2026-10-03 11:15:18,makin walaupun banyak pilih makin normal promo sama sama mahal parah
1,Ferli sembiring,1,2026-10-03 11:14:29,internet utama habis 0 gb youtube buka youtube
1,CI Memei,1,2026-10-03 11:05:32,kalian minta ampun
1,Hajib.moo Hani,1,2026-10-03 10:54:28,harga sangat buruk
1,Gaul Gaul,1,2026-10-03 10:48:17,tdk guna
1,Muhammad putra Ziyaad ilham,1,2026-10-03 10:46:23,apk kikir pelit g ush sini
1,zavier,1,2026-10-03 10:38:24,ni apa banget dah lama harga ga ngotak udah gitu lot terus guna promo apa kalo gitu bukan promo nama bukan buat buat nguras dompet doang ga isi isi udah muak sama bintang 1 lah terus kira bakal dapet promo murah eh malah dapet promo nguras dompet lebih baik pindah ngabisin duit tempat kikir
1,Rv Rey (Darkqueen),1,2026-10-03 10:35:56,poin tukar langgan prime video ganggu tiba2 patah pas tgl 3 hilang semua poin aku
1,Aditya Ananta,1,2026-10-03 10:34:29,aplikasi ngeleg banget asa yak kadang suka bolak balik sendiri gajelas tambah harga mahal masa harga sama masa laku sama isi kuota beda jauh jir dah gitu gaada bawah 10rb jarang banget gw bawah 20rb banyak 20rb mana banyak ga worth it btw gw dah nyari semua internet buat nyari bagus cuma rata rata jelek semua jadi jangan nyaranin buat nyari rekomendasi
1,uha nasuha,5,2026-10-03 10:32:08,harga internet sebentar naik sebentar naik sebentar cepat bgt harus kesana murah perintah depan sedia internet gratis utk masyarakat
1,Mulyadi Mulyadi,5,2026-10-03 10:31:19,
1,Hendi Saputra,5,2026-10-03 10:25:03,bagus sekali
1,Sulton Amrul,5,2026-10-03 10:18:22,mantap
1,Fadhil Athallah,1,2026-10-03 10:15:06,bayar 140rb for buat apa setia 7 tahun kalau gak kualitas loyo loyo mending xl aja
1,RM D Vister,2,2026-10-03 10:13:57,apk berat nge bug mulu putus mulu kouta gede tpi sering
1,Abdullah Azzam Husein,1,2026-10-03 10:11:04,harga paket bulan makin harga makin sedikit sering kalau buat paket utama penting semua orang butuh langgan utama sisa masa aktif habis malah hangus sangat kapitalis sekali sistem
1,Siroj Uddin,4,2026-10-03 10:00:15,yaa lumayan bagus kadang suka ilang ilang
1,Yauk Well,1,2026-10-03 09:57:10,kartu jelek
1,Ryan Aries,4,2026-10-03 09:54:46,kadangkadang bagus kadangkadang sinyal
1,Nur Anwar,1,2026-10-03 09:52:15,tiap malam minggu ganggu kerja bner jangan mulu
1,Faathin Imaduddin,1,2026-10-03 09:51:37,mahaal
1,Andri Hidayat,5,2026-10-03 09:49:48,tau orang paling tanya aja user udah mahalmahal jelek stabil tiap bulan aja masalah jaring ngirim wa 10 detik baru pas nelpon putusputus pokok user orang yg sabar lah wkwkwk alam user 2014
1,Songoku 46,5,2026-10-03 09:37:32,
1,uzan Uzan,1,2026-10-03 09:31:14,sistem cacat anj kau udah ratus kali verifikasi dana kaga ketik keluar sendiri pas mau
1,Galih Pulong3,1,2026-10-03 09:24:17,punya centang 2 jadi centang 1
1,Berliana Plg,1,2026-10-03 09:20:35,ni klo hotspot trus 3 device yg nyambung malah ngelag pdhl banyak bagusin lgi burik lo
1,Anwar Ujang,1,2026-10-03 09:20:35,aplikasi error buka
1,Awalia Zulfana Rasyid,3,2026-10-03 09:13:55,aku sampe bingung mau kasi bintang berapa gagal terus sampe hari pake m bangking gagal pake ewallet gagal isi pulsa dulu gagal allah sabar sabar ulang mau isi
1,Mazza Yudha,1,2026-10-03 09:08:00,8 tahun pakai 2x alami reward premium akumulasi beli jadi langgan eror padahal beli sangat rugi kartu semua 1 solusi pihak terimakasih
1,Yoas Patadungan,1,2026-10-03 09:07:52,jelek doang sesuai kualitas mending im3 murah bagus jelek
1,DICKY FAKHRURIZAL ULYA,1,2026-10-03 09:07:38,buruk malah bayar
1,Darrel Daffie,1,2026-10-03 09:00:28,benerin lu doang jelek
1,Ibnu Ramadhan,1,2026-10-03 08:52:53,lawak banget 12 tahun pakai hari bener bener kecewa parah beli hasil saldo potong gilir pihak cs nunggu jam parah
1,Dede Kurnaedi,1,2026-10-03 08:52:48,kalo kenceng sih oke lah udah lot banget sekarang gilak gw bukan hut serasa hidup hut pake isi kecil 150 gb lot luar biasa baik lah sistem kalian tuh jangan harga doang
1,May,4,2026-10-03 08:45:28,lumayan
1,Fina,3,2026-10-03 08:44:49,tukar koin jdi
1,Dhau Daimul,1,2026-10-03 08:42:42,kok sekarang sering hilang2 udah ngga nomor gin mending ganti xl
1,RiaBackup Foto,1,2026-10-03 08:40:06,heran udah ilangan pdhal kota heran dah jengkel kali
1,Bayo Regar,5,2026-10-03 08:38:37,
1,Muhammad Naufal caesariandri,1,2026-10-03 08:36:05,lama lama gua satu kantor lu signal hilang hilang ganggu gua lgi
1,Imam Adi,1,2026-10-03 08:27:13,yg bener dong jelas jelas mau nomor udah ganti nomor malah masuk nomor pertama ga becus
1,Medina Rahmy,1,2026-10-03 08:23:34,nyesal yg utama habis gak pakai rugi dong mana aplikasi murah nyata
1,Shaqueela Kila,5,2026-10-03 08:22:27,keren
1,Mesi Rinaldi,1,2026-10-03 08:08:19,gak sedot semua gak pake hilang pulsa gak pernah tiba2 pulsa hilang sampah
1,BUANA RIDHO,1,2026-10-03 08:01:03,operator mahal2 flash sale ga jelas udah maruk
1,Axel Syahputra,1,2026-10-03 07:58:03,kaya sering banget kali download game gw ken langsung download sering lebih 6 kali habis download ulang customer mumpuni harga terima kasih moga dengar tindak lanjut sekali mohon maaf mohon bantu
1,Cah Rimba,1,2026-10-03 07:57:00,apk jelas
1,Ml fanidaman fanidaman,4,2026-10-03 07:54:05,kartu dong parah
1,Sarwan Erwan (Apen),1,2026-10-03 07:50:55,jelek banyak loading buka
1,Bang Tappu,4,2026-10-03 07:41:17,y
1,Vexana,5,2026-10-03 07:31:35,sangat murah
1,Tiarah Maniati,4,2026-10-03 07:18:49,sangat oke is the best lh
1,T. SUPRIATNA,2,2026-10-03 07:06:53,ulas berat loading lambat 2 menit data seluler apk yg lambat tiba tiba pulsa kurang 25 rb yg bener aja min bumn kok malah kapitalis konsumen tau gk sih bumn apa
1,Fajra Nadhifa,4,2026-10-03 07:06:12,cara liat sekarang gimana sih
1,Rony Drams,5,2026-10-03 06:50:59,mantap
1,Aden Zarnuji,1,2026-10-03 06:50:58,gilak zaman 2014 pake kesini gak ngotak poin punya bingung pake buat apa gak pilih buat nuker harga internet tiap bulan naik naik drastis banget gak nanggung bulan kemaren 100k 80gb sekarang 100k jadi 40gb
1,Ainun Lubis,5,2026-10-03 06:50:50,bantu
1,M. Ricky Rinaldy,1,2026-10-03 06:49:56,jelek masa download file aja gak butuh 2 jam mana harga gak ngotak kapitalis
1,Kus Nadi,5,2026-10-03 06:46:43,
1,oliviaaa rd,1,2026-10-03 06:40:47,kemarin 80gb tera tulis 40gb 40gb internet hari dapet notif kalo udah habis padahal 40gb cek tiba2 ubah jadi youtube serius jadi kayak gin aku ga salah baca loh awal youtube ga semua org butuh beda ga internet aja udh sekarang cuma 10gb jadi 100k lama2 kok bikin rugi langgan
1,Moto Momo,1,2026-10-03 06:30:50,bapuk banget cuma buka google susah minta ampun
1,thor hamer,1,2026-10-03 06:27:05,promo hilang harga sering hilang saat cari provider lain
1,Micro Transistors,1,2026-10-03 06:25:59,parah pakai nyesel banget pakai wa terus
1,chocomalt,1,2026-10-03 06:25:28,harga prioritas buruk sesuai sama guna
1,ahmad Musabbih,1,2026-10-03 06:23:49,
1,achmad fauzan,1,2026-10-03 06:21:13,dah harga padahal pas masuk transaksi malah harga naik gak jelas padahal pulsa sesuai harga yg tera pas mau malah naik harga mana cuma beda dikit karna beda dikit yg bikin malesin mana gk dikit
1,Alfarizi Saifudin,1,2026-10-03 06:19:01,semua solusi yg ikan gak guna kalo gak no lama banyak banyak ganti fitur jaga pulsa bukan solusi kalo data guna pulsa potong pulsa game jelek parah bagus iklan doang
1,Aka Una atu,1,2026-10-03 06:13:08,kikir internet serba masa aktif pangkas apk banyak
1,embuN bekU,2,2026-10-03 06:09:27,lot bener jadi susah mau bayar tagih bulan lah baik mudah akses masa lebih berat game main game aja baik baik terimakasih
1,Yanson Johan,4,2026-10-03 05:59:02,bagus
1,Fitrahwah Yuda,5,2026-10-03 05:57:55,yaa
1,Sami liar,2,2026-10-03 05:51:01,lelet bet
1,RAHMAT NGAB,1,2026-10-03 05:45:23,tiap hari kapitalis harga paket gk manusiawi
1,Egis Anggara Cahya,1,2026-10-03 05:39:09,jaring walaupun bagus ngleg maen ml parah
1,Asman Manik,1,2026-10-03 05:39:07,bobrok
1,Izal Abdul,1,2026-10-03 05:39:06,bagusss sangat si telkom lot sesuai harga
1,Sidabutar Hend,1,2026-10-03 05:38:53,makan kalian tu saldo gw kalian potong data ga masuk
1,Amilu Rantass,5,2026-10-03 05:33:53,aplikasi bagus makanya aku bintang keren mantap
1,Ari Gunawan,1,2026-10-03 05:27:02,gak paham tuju apa apa
1,CELVIN,1,2026-10-03 05:26:57,gak pakett suruh terus parahhh
1,Natan,1,2026-10-03 05:26:34,lag
1,iyan ar,1,2026-10-03 05:24:34,pake udah lebih malah jadi jadi banget benah paling kartu
1,Kosmas Nggaha,1,2026-10-03 05:18:03,parah sekarang 10gb gak pake mending balik indosat
1,Ahmedd Jae,1,2026-10-03 05:16:41,minggu my telkomsellll sangat sangat buruk sering keluar enak keluar kecewa
1,Aba najwaliyah,5,2026-10-03 05:15:54,suka
1,Veri Jianto,1,2026-10-03 05:11:36,bapuk lebih parah pake telepon
1,SKA PERMANA,4,2026-10-03 05:11:10,
1,ckl why,1,2026-10-03 05:09:23,harga
1,Gusti Rangga,3,2026-10-03 05:04:44,woy asal kouta sampe 100gb lebih selalu ngelag sekali yg 10gb malah lancar la baik kouta 100gb atas rasa rugi udh malah ngelag udh suka hilang hilang baik layan jaring sangat ganggu sekali terima kasih
1,Mario Putra,1,2026-10-03 05:03:33,jauh lebih bagus internet yg tetangga belah harga ngak sesuai kualitas untung krn buat doang klo internet mikir lah harga ngk banding kualitas lama lama dr bot paling mohon maaf silah cs satu operator layan kartu as yg mau jawab provider sampah
1,Rony Batam,5,2026-10-03 04:57:06,bagus x
1,Salman Farid,3,2026-10-03 04:40:46,bagus
1,Alif Thomas,1,2026-10-03 04:31:24,kuota masa iya 100 rb gb doang kmrn buka gb 100 ribu pelit nih ganti kartu aja lah udh
1,Angga Sp,1,2026-10-03 04:21:30,apa jelek banget hp harga 5 pakai hp gara gara pernah baik 0 bintang kasih
1,REx MONDEY,1,2026-10-03 04:20:30,sih eror mulu mau aja susah minta ampun padahal aman aman ajaa jadi salah
1,Terminus Kogoya,5,2026-10-03 04:06:55,jadi lebih baik
1,Kampung Laut,3,2026-10-03 04:05:58,larang
1,Tristan D.Yohanes Siallagan,1,2026-10-03 04:05:54,ngelek kali udahlah lot
1,Wirda Ely,5,2026-10-03 04:04:27,bagus
1,Iwan Nurjaman,5,2026-10-03 03:56:30,
1,Aditya Aja,1,2026-10-03 03:53:56,pulsa 50 ribu tiba kartu non aktif pulsa hilang parah
1,Ahmadfarouk,5,2026-10-03 03:50:50,keren
1,Irwan Naya,1,2026-10-03 03:49:06,ber juta juta susah minta ampun atur perintah jelas sisa hangus liat hari tgl 31 agustus 2026 sisa 8gb lebih besok tgl 1 september hangus kalo iya emang bener korupsi sisa emang lancar
1,Fajar Bagus,1,2026-10-03 03:48:41,kartu babi susah bgt
1,Aldi Arya,1,2026-10-03 03:45:01,min lu cek punya ku sekarang min bukan harga min jual diri nama masak paling murah aja kouta ku 4g 150 35 gb gimana min anjir gw jadi gk bayar kalok gitu min
1,Iwan Budiman,1,2026-10-03 03:36:05,baru mau login ga masukin nomer jadi salah terus payah bumn
1,Paiman Paeng,5,2026-10-03 03:25:51,apk bagus banget moga lancar terus banyak promo
1,Aep,5,2026-10-03 03:22:09,bagus
1,Edy Maba,1,2026-10-03 03:21:14,tolong harga kuota buat jelas jumlah sedikit harga
1,Muhammad Adha18,5,2026-10-03 03:20:06,baik
1,Azriel Maliq,1,2026-10-03 03:19:07,ga jadi lah emang buruk ga padan harga selalu udah buruk terkadang main game tiba tiba putus emang ga ubah lama mungkin iya kalau kota kota sama aja tiba tiba jaring lag udah coba kartu by u pasang wifi eh tetep lag entah mungkin gua doang nge kesini kok kayak tiba2 suka ilang lah lag buruk lah
1,Rohana ito Harahap,5,2026-10-03 03:17:53,mantap
1,Pizzaguy,1,2026-10-03 03:12:11,ampas bayar mau bayar bayar sekarang provider yahudi
1,Fransh Joseph,5,2026-10-03 03:06:29,oke
1,Y F,5,2026-10-03 03:04:15,sangat bagus
1,Heribae12 Bae,4,2026-10-03 03:02:49,
1,Ulil Chusna,3,2026-10-03 02:58:26,wilayah kendala
1,Ade rissa Hemania,4,2026-10-03 02:43:03,asal selalu jaring ngelag akhir gak pakai tp gak pakai
1,Shem,1,2026-10-03 02:38:59,hari gk ngotak harga biasa 150rb sekarang bye bye aja deh
1,Munafri Sutcha,4,2026-10-03 02:37:52,oke
1,Dimas Afriyan,3,2026-10-03 02:10:44,adain vitur kayak dulu lagi mana sekarang lagi
1,Alicia Muscika,1,2026-10-03 02:10:30,kikir layan 0 kualitas 0 0 harga langit banyak korup tilep tilep tower
1,TV_Oki Channel,1,2026-10-03 02:05:11,burik
1,erwin kotto,5,2026-10-03 02:04:04,sangat bantu
1,Yahya Game,2,2026-10-03 02:00:56,update malah jadi ngebug terus selalu gin terus
1,Tomy Faroza,1,2026-10-03 02:00:46,signal buruk
1,Muhammad Chesar Ardiansyah,2,2026-10-03 01:50:34,lot mau isi paket ayo sistem dibenerin masalah mulu
1,Andy pratama,5,2026-10-03 01:48:09,
1,Motifasi hia Hia,5,2026-10-03 00:48:06,bagus
1,Bhejo Pituwolu,1,2026-10-03 00:46:25,gak jelas 2x gak masuk masuk mending pakai kartu
1,Zayn Onar,1,2026-10-03 00:42:32,berat lot
1,Klarisa Julianti,5,2026-10-03 00:34:07,
1,Riki Wardiman,5,2026-10-03 00:32:06,lebih praktis kalau masalah jelek banget leg parah padahal tower belakang rumah minta ampun
1,Rewiasasty,1,2026-10-03 00:18:09,jelek
1,Eden fiwei1,5,2026-10-03 00:13:58,10
1,RIFQI 13,5,2026-10-02 23:42:00,promo promo sama data kecil harga langit
1,Fitria Ningsih,1,2026-10-02 23:36:46,harga kouta makin walaupun rekomendasi banding kouta
1,Mizan Maralla,3,2026-10-02 23:22:07,hujan padam lampu
1,Andre Dompu,5,2026-10-02 23:19:08,sangat bagus
1,johansyah A,5,2026-10-02 23:15:06,baik
1,Heri Ardana,1,2026-10-02 22:10:37,maaf lot paket sekarang makin mohon promo yg lebih murah terimakasih
1,Moeh Moehammed,1,2026-10-02 22:01:59,kaya
1,Gabriella Polak,1,2026-10-02 21:46:53,fitur tes cepat cek fungsi baik padahal dua fitur tsb sangat user alami ganggu indihome mohon aplikasi baik jangan fitur jual produk fitur maintenance jalan baik
1,Sunshine Atmoss,5,2026-10-02 21:23:12,udah coba semua tetep aja ilang ilangan dulu kaga ubah sama sekali padahal kartu baru sama aja update terus aplikasi malah tambah berat jaring bukan update aplikasi terus kaga jelas kalo kata mah mending tutup aja operator udah jaring lelet orang ngasih rating bintang 5 bukan karna puas malah kesel
1,Tolo Rahmat,3,2026-10-02 21:06:54,bagus
2,Search Randi,2,2026-10-02 20:56:30,udah lah hapus aja aneh jelek ga mau baik nyari untung rugi
2,Alberth Latan,2,2026-10-02 20:55:46,jelek
2,Sehanik 1971,1,2026-10-02 20:54:14,gak tau
2,Angga Kurniawan,1,2026-10-02 20:51:28,uang dana 500 pernah apa
2,Tony Barton,1,2026-10-02 20:14:03,extra gembira baik banyak orang guna padahal
2,Novita Vita,1,2026-10-02 19:48:13,apk ny sdh gk pulsa lewat tukar poin
2,Surya aji Bhatara,1,2026-10-02 19:13:19,ga depan jangan kartu telkom xl aja indosat uda rekomen bgt inti
2,Mul Yadi,1,2026-10-02 19:13:15,gak jelas gak pake gak usah sini
2,Yasae Purnama,5,2026-10-02 19:02:43,
2,Tempat Kita,2,2026-10-02 19:01:14,lama
2,Andri merandaru,4,2026-10-02 18:51:13,isi voucher gak bs
2,Ramdhon 666,1,2026-10-02 18:50:58,bijak perintah sisa ga hangus lah hangus provider macam apa
2,Tam Hal,1,2026-10-02 18:41:15,lama buruk suka hilang lot minta ampun makin lama make harga ga ngotak dasar koruptor
2,Yudah Roy,4,2026-10-02 18:33:14,
2,APALAGI SIHH,1,2026-10-02 18:28:23,gak siyal burik
2,Jian Ferdiansyah,1,2026-10-02 18:25:24,doang jelek
2,Tiara Adisti Allo,1,2026-10-02 18:17:26,migrasi nomor telkom biasa halo kendala mau ktp
2,Kezo88 Kezo,5,2026-10-02 18:14:47,
2,Herlina Lina,4,2026-10-02 18:11:49,sangat baik
2,Oppo,5,2026-10-02 18:00:31,klw murah dikit
2,Rian Dani,5,2026-10-02 17:57:34,bagus
2,Noval Pratama,1,2026-10-02 17:55:03,kembali
2,Rizall Cuong,5,2026-10-02 17:37:21,muas
2,Satu Hati,1,2026-10-02 17:36:02,sekarang sangat buruk apa an sangat buruk buka youtube gak kalah jauh sama nyesel gak pakai lot banget
2,Abdul Hasan,4,2026-10-02 17:32:11,apk mantap
2,DARUSSALAM DASRA,1,2026-10-02 17:14:29,sangat jelek bikin kesel buat hapus gb sungguh lu
2,Desi Talia,1,2026-10-02 17:07:24,jelek cuman sampe 28 hari
2,Suluhsy Luhur Harita,1,2026-10-02 17:05:44,harga gak bagus sangat kecewa sekali ganggu saat sedang kerja
2,Akhmad ridwan makhabih,1,2026-10-02 16:57:04,payah malah bikin ribet buat langgan gausah pake kartu
2,Andrianto 96,5,2026-10-02 16:35:30,baik
2,Wandi Deniyanto Simandalahi,1,2026-10-02 16:30:03,korup 28 hari bukan 30 hari waktu waktu gila naik harga paket
2,Sus Auk,1,2026-10-02 16:24:41,buruk
2,Awaliya Tasyakhurin,1,2026-10-02 16:23:49,tu kek dulu sekarang bagus sma sekali lah baik kualitas sesuai sma tarif beli yg
2,Alfino Pratama,1,2026-10-02 16:23:10,nge lag paling jelek buat teman teman mending kartu semua jangan pake udah lah lemott emosi ajaa kartu jelek yaa bayar tetap gaada
2,yana sutiana,1,2026-10-02 16:22:30,jlek banget super lot cuma doang beli amit lebih baik pake axis super cepat baik tuh jaring jangan doang yg
2,Eja Zachary,1,2026-10-02 16:16:13,provider paling korup
2,Workshop,1,2026-10-02 16:05:20,gak rekomendasi
2,Aldo Avanda69,1,2026-10-02 15:58:46,jelek data provider yg gk keluh
2,Muhamad Zuhri,1,2026-10-02 15:51:34,kaya babi
2,Arif,1,2026-10-02 15:49:58,banyak maling pulsa malas pake tiap hari pulsa potong nyata pas langgan entah apa kode 500 padahal nggk pernah langgan apa parah
2,Bang Tako,1,2026-10-02 15:41:03,anj emg koneksi ga stabil
2,Sakban Sitompul,1,2026-10-02 15:38:47,apk hp ram 4 berat suka keluar sendiri lah baik berat siscamling gk fungsi tetap spam no
2,Randika Alyana,1,2026-10-02 15:37:25,pake nomor gua masuk nomor kan kaga transfer kuota pake admin 5000 wkwk mana cuma 500 mb doang emng
2,Arsyad Hidayat,1,2026-10-02 15:24:13,jaring sangat sering kata gara sering sangat bagus beri a
2,Sheravina Pinkqueen,1,2026-10-02 15:19:33,tiba tiba eror keluar internet stabil tarif mulai naik 2 ribu alas tingkat layan moga gak tambah naik naik
2,Erga Zanvio,1,2026-10-02 15:18:57,kagak jelas apk kntl apk pelit kayak lu apk bego
2,Marsel Jagal,1,2026-10-02 15:17:40,jelek 5g
2,Galid Galid,5,2026-10-02 15:05:31,
2,Zikru Alhadi (Bang Z),1,2026-10-02 15:03:56,harga sulit
2,Robi Taofik Hidayat,1,2026-10-02 15:01:08,nyari untung pake data beli
2,Jaka Prayoga,1,2026-10-02 15:00:40,saran mending sistem customer hilang kendala beli malah ny muter muter ga tanggap lapor buat
2,Arthafa Rizky Darrel Islamy,1,2026-10-02 14:58:47,harga
2,Joni Pranata,1,2026-10-02 14:57:05,kesini gak jelas isi orang malah masuk nomor sendiri udah detail ulang sampe 3x malah masuk sendiri gak jelas bikin sakit hati mana harga ga otak 9gb 50k
2,Arthur Laylado,1,2026-10-02 14:52:49,tipu aja lu t
2,Aran Ngau,1,2026-10-02 14:46:24,potong pulsa yg baru utk tarif non jengkel sdh jauh isi pulsa tau tau padahal pakai hotspot hp satu data seluler isi pulsa tetap jg tarik sedikit rugi jadi
2,Iwan Setiawan,1,2026-10-02 14:43:51,harga elit sulit
2,Maulana Ardi,1,2026-10-02 14:35:26,parah harga malah ngga sesuai
2,Maun 0233,1,2026-10-02 14:34:50,koneksi internet bagus update mau aja susah emang taekkk
2,Asep Ugay,1,2026-10-02 14:31:17,simpati paling buruk
2,Pradita Kurniasari,1,2026-10-02 14:27:40,gak internet gak masa aktif jg gak
2,Devin Harsianto,1,2026-10-02 14:26:36,buruk buruk buruk hari gila trs
2,yoela intan,1,2026-10-02 14:26:31,cok
2,Ikhda Ulinnuha Akhsan,1,2026-10-02 14:26:29,harga jelek banget pakai xl sama indosat jauh lebih lancar kalah sekarang emang
2,Ipan Lingga,1,2026-10-02 14:20:05,lama anjg bukan baik jaring
2,Eko Yuli Setiawan,1,2026-10-02 14:12:05,harga sangat buruk lot siput
2,Zon Putra,1,2026-10-02 14:10:58,lelet dasar gak untung aja kalian puas langgan kau tiap hari lelet trus
2,Joy Jelmawan laia,1,2026-10-02 14:06:52,kok gak bagus kek dalam
2,Stiyo winarni,1,2026-10-02 13:59:53,gak buka padahal update lot banget
2,Andika Choiruda,5,2026-10-02 13:54:06,lot harga gk ngotak lambat mending pake im3
2,Hasan Segaf,5,2026-10-02 13:50:52,enak jaring
2,San,1,2026-10-02 13:49:38,nonton video stamp hari tonton kali jadi begini gausah banyak alas doank layan macam sampah
2,Joni Septian,1,2026-10-02 13:48:12,apk parah mau gk ngotak
2,Hana Kim,1,2026-10-02 13:47:48,jelek banget aplikasi loading terus
2,Ahmad Mustakim,1,2026-10-02 13:47:43,kartu sendiri internet ko pulsa bintang nol harus
2,Surya Ananda,1,2026-10-02 13:44:06,sampah sengaja kali bar sinyal baru mau
2,Jum Adin,1,2026-10-02 13:38:39,ngelag
2,Lilis Eppang,5,2026-10-02 13:37:00,krn sering susah payah jaring
2,Zahria SIL,1,2026-10-02 13:25:18,baik kalian tu lelet kali ni harga gak banding mati lampu hilang hujan hilang kikir ni
2,ris ka,5,2026-10-02 13:22:10,mantap
2,Arsya Vindy Maulidina,1,2026-10-02 13:21:24,lama banget buat isi data
2,Sal Gap,1,2026-10-02 13:20:54,aduh makin jelek jaring ikan ulas ubah sama sekali bahkan daerah sekarang sering keluh kait operator hampir semua masyarakat formal non formal guna operator alih operator lain masuk bahkan operator belah jauh lebih stabil harga jauh lebih murah heran harga telkom turun kualitas makin turun
2,Zaki Nur Hidayat,1,2026-10-02 13:16:16,dongok idiot
2,GANDOANG MISTIS TV,1,2026-10-02 13:14:34,udah kuota lot eh apk lebih parah dah males gua pake
2,Budi Kurniawan,1,2026-10-02 13:13:02,binatang
2,Arka alana,1,2026-10-02 13:12:56,
2,Naeni Triyani,1,2026-10-02 13:12:54,pake udah 8 tahun bukan lama tambah bagus signal tp malah tambah buruk loading terus paket internetnya tambah mahal2
2,Lukito Anwar,3,2026-10-02 13:11:29,buka my sering respon lambat
2,Anugerah tobii Tobii,1,2026-10-02 13:10:36,harga kualitas buruk hadehh
2,Muhammad Yusuf,1,2026-10-02 13:08:35,paket kaya
2,Hilman Rifai,5,2026-10-02 13:00:06,baik
2,Danu Kurniawan,4,2026-10-02 12:59:07,
2,Zidane Awalian,1,2026-10-02 12:57:12,lot banyak bug
2,Annasurohman,1,2026-10-02 12:55:28,gak jelas nomor hp masa tenggang sampe tanggal 01 oktober malah ubah jadi tanggal 01 september mah nama langgan biar nomor angus nih mah
2,Kn Nu,1,2026-10-02 12:54:33,jaring buruk sangat lag mau nonton youtube aja mas ngak mulai kadang henti segi harga harap lebih baik mungkin lama2 alih lebih baik
2,Ennank Pasolle,5,2026-10-02 12:53:49,mantap
2,bemm freak,1,2026-10-02 12:50:49,apa anjeng lelet banget buka fb gabisa babi
2,Rofirobani Robani,1,2026-10-02 12:29:00,udh jelek dulu gak bagusin aj terus klo kualitas buruk mah gak usah deh ngerugiin aja klo bagus mah gk udh ilang ilangan gak sesuai pindah aj udh jgn
2,Anes,3,2026-10-02 12:12:12,ga orbit fitur tukar poin internet jadi hilang sangat sayang padahal dulu apk orbit tukar poin internet percuma dapet poin ga dipake kasih bintang atas dulu moga saran terima kasih
2,Yusuf Kurnia,1,2026-10-02 11:45:28,enak kan dulu sekarang mh masuk pke jadi nggk ttp ajh lewat telepon seluler
2,Jidan Ramdani,1,2026-10-02 11:41:36,kali buka registrasi selalu kendala
2,KILONG Ar,5,2026-10-02 11:40:39,sampah normal asli parah jelek
2,ZULFAJHRI OHOIRENAN,5,2026-10-02 11:38:38,aplikasi lot nnti baik bug
2,Pian Sopaindi,1,2026-10-02 11:37:49,kadang suka
2,Iqbal lana,1,2026-10-02 11:33:03,kesini gak jelas
2,Asman Abdul,1,2026-10-02 11:22:52,laku beli data taik apk ny eror
2,ANGGA WIRATRIADI,1,2026-10-02 11:20:21,langgan setia jaman harga internet bukan murah malah gila
2,Azza Ahmad,1,2026-10-02 11:18:24,najis bosok
2,Attamimi,1,2026-10-02 11:16:13,uda kayak berak berak
2,Ari Blenk,1,2026-10-02 11:13:25,aja gilir susah g bener benerin sampe 3 hari kira sini ga butuh buat kerja
2,Roma doni,1,2026-10-02 11:10:52,udah potong m bank gagal parahhhh
2,Twenty three 04,5,2026-10-02 10:50:17,hadeh ga ngelek ato apa ga harga kecil buat sebentar gitu
2,Fadiyah Arifah,4,2026-10-02 10:45:13,harga jangan mahal2 dong
2,Ninth Clover,1,2026-10-02 10:42:15,guna kartu sampai keluh banyak orang komplen sekarang sering hilang enggak stabil maksud guna lihat banyak komplen balas beri bot otomatis kouta sesuai kualitas bodoh
2,Pray Yoga,1,2026-10-02 10:40:18,dar nanya poin buat tuker malah tuker tiket hotel percuma banyak poin jga ga jangan sama sekali
2,Emi Yulita,1,2026-10-02 10:40:02,males ah aplikasi ga stabil udah gitu atur akun mulu malah masuk no yg sama kali kali padahal udah milih nomor masuk tambahin nomor bayar
2,M Nurhakim,5,2026-10-02 10:33:05,bagus lima
2,nana mulyana,1,2026-10-02 10:31:19,jelek bos telpon suara ubah
2,muh almunawar,1,2026-10-02 10:29:52,paket internetnya mahalmahal
2,Kangen Ngopi Jagiya,5,2026-10-02 10:08:16,alhamdulillah
2,Rizky Yk,1,2026-10-02 09:55:37,apk sering bug mana kuota ga sering ngasih bonus pket data habis ga masa laku rekomen pake buruk
2,Sugi Sing,1,2026-10-02 09:36:50,hari boros internet udah harga boros biasa buka tiktok 1 jam pakai 23 gb sekarang 1 jam sedot 13 gb
2,Dhea Chaby,5,2026-10-02 09:36:19,i love you
2,Akmal MA,1,2026-10-02 09:34:38,sering hilang tibatiba paket udah belah mending pakai belah sekarang
2,Rusli Tangkiling,2,2026-10-02 09:33:57,mau panjang masa aktif selalu gagal
2,Yae Sakura,3,2026-10-02 09:32:46,ampass tiap hari promo gk yg dengar promo nomor beda kalo gitu sesuai pakai bulan dapet berapa gb gitu loh aku cuma 50 gb bulan masa promo selalu gb an harga gk ngotak gua apa ampas sering hilang udah restart segala cara tetep aja aku semua entah premium apk aja kayak butuh buat kerja kalo gin gua pindah xl
2,Rahmat Hidayat,1,2026-10-02 09:32:45,pakai tsel dri tahun pket bukan murah malah
2,PayMent,1,2026-10-02 09:24:55,15 thn akhir hrs krn zaman skrg ekonomi tdk stabil harga produk internet yg sangat yg buat sy pindah provider dgn kualitas yg buruk terima kasih lama 15 thn sy
2,Kirana Alciasianturi,3,2026-10-02 09:23:56,dulu seru 25k 12 gb 7 hari sekarang kok hilang padahal murah kuota banyak masa aktif cukup lama sekarang 25k cuma 8 gb 5 hari mohon suara rakyat kecil internetan tenang dompet ikut balikin seru 25k 12 gb 7 hari
2,Yono Aku,1,2026-10-02 09:11:42,kabel putus udah 3 hari baru bayar tagih koq sampe sekarang sambung sama teknisi indihome mau henti gak make tetep tagih
2,Hendri,1,2026-10-02 08:49:34,apa
2,Toni Aelah,4,2026-10-02 08:45:03,mantap
2,Bonefolensia Pulharia Ugha,1,2026-10-02 08:38:34,jengkel banget masa youtube pas buka youtube pakai malah padahal aku paling banyak nonton youtube youtube internet malah gitu jgan youtube sama internet kalau sesuai
2,Scoopy Merah hitam,1,2026-10-02 08:27:24,lelet pulsa makan sendri baru isi pulsa makan ny padahal ambil hutang pulsa
2,Ikhwan Hadi,1,2026-10-02 08:13:56,payah
2,Agustinus Sabolak,5,2026-10-02 07:57:51,sangat bantu
2,Bagas Putra,1,2026-10-02 07:46:43,tolol mahal2 tolol banget
2,zainal abidin,1,2026-10-02 07:40:35,tak buka
2,KMJ_ MOCHAMAD RIZAL FIRMAN SYAH,1,2026-10-02 07:35:59,apk jelek
2,Cahyadin 1134,3,2026-10-02 07:30:55,
2,Ageung Komara,3,2026-10-02 07:30:51,klo bukan nomor sdh ganti provider
2,bardy 78,5,2026-10-02 07:19:37,mantap tsel kalo adakan lebih murah buat satu bulan
2,XOnenrico,1,2026-10-02 06:59:55,berat banget anjeng
2,Enga Yawan,2,2026-10-02 06:59:34,jangan naik harga internet orang kurang
2,Ajis.s Jis,1,2026-10-02 06:52:52,please lah nih hp aku kayak udah fungsi pas mau atau liat pulsa baru beli pas cek langsung
2,Nur Diansyah,5,2026-10-02 06:51:37,my harus transaksi kirim pulsa minta otp lewat whatsapp dong jadi gak
2,Apriyansah Renaldi,5,2026-10-02 06:42:31,bagus
2,Rian Apriana,2,2026-10-02 06:42:08,worth it mahal2 ilang2an benerin tuh
2,Mila Kasilah,5,2026-10-02 06:39:40,my pulsa semua
2,richard alberto,1,2026-10-02 06:29:48,lama dah dulu cuma 15 rb buat 15 hari masa guna sekarang 20rb cuma 7 hari bener aja
2,Oleh Muchamad,1,2026-10-02 06:29:47,berat makan memori hmpir tengah giga klo mau ngisi aja nunggu loading ni apk jam lebih tambah
2,Kis Wati,5,2026-10-02 06:24:45,sangat bantu mudah transaksi layan baik rekomendasi guna
2,Febrian Mardiantono,1,2026-10-02 06:17:46,setan lambat lot macam ga ngotak setan emng
2,Fakhri Afif Fadhilah,1,2026-10-02 06:13:05,ngeleg terus
2,Affan Depp,5,2026-10-02 06:10:24,
2,Abg nong,1,2026-10-02 06:03:09,my udah malas kau kau mati lama
2,Ridwan Musa,5,2026-10-02 05:55:58,suka apk
2,Anomali Medium,1,2026-10-02 05:54:41,masa aktif abis aku mau kirim pulsa nomor malah gabisa percuma dong aku pulsa nomor
2,Anam Walker,1,2026-10-02 05:54:07,bintang 0 ga gua kasih bintang 0 kalo
2,ISS97,1,2026-10-02 05:48:48,data stabil cuman untung nama
2,Rial Syah,1,2026-10-02 05:48:42,data ga murah semua belah jauh murah
2,Galen,1,2026-10-02 05:34:37,apa 4g
2,Rudi armanda,1,2026-10-02 05:14:41,apk korupsi masa pulsa sisa rp 10000 korupsi jadi sisa rp 1000 padahal jaga pulsa korupsi sama layan digital kan aneh percuma isi banyak banyak kalo korupsi dikit dikit bikin orang rugi bagus apk ny kurang rekomendasi si kalo
2,Mohchoirul Anwar,5,2026-10-02 05:11:44,moga promo muas guna
2,Annt Shaga,1,2026-10-02 04:59:36,harga malah harga langit paket kualitas hancur
2,Jajang Lukmanul Hakim,1,2026-10-02 04:56:42,harga elit sulit boss pokok udah lah sampe gak berkatakata sekarang
2,Raihan noer rahman ibrahim,1,2026-10-02 04:55:26,kartu doang ga hadeh telkom telkom kartu ribet
2,Ditt Keun,3,2026-10-02 04:55:07,mau beli cuma muter doang padahal bagus sangat lot
2,sure yakin,1,2026-10-02 04:45:21,sini parah amit amit jelek ngilang mulu batu kepake 1gb udah ga internetan parah sih emang
2,Anak ff Deroz,2,2026-10-02 04:43:22,mytelkomsel baik ga jls jir
2,Amaq Izmi Suci,3,2026-10-02 04:32:56,lelet
2,Kartiyem Saja,5,2026-10-02 04:29:49,
2,Moon Light,1,2026-10-02 04:14:12,harga lama udh cek rekomendasi untuk sama aj apk lot terlalu berat
2,Muhammad Angga Sapada,1,2026-10-02 04:14:02,oi lah udah kouta kaya gin
2,Andreas I.P Siahaan,1,2026-10-02 04:11:57,kacau bolak rusak kek bujang udah gitu buat hadiah dr beli rollover tp kosong habis paket jelas
2,herdi baebae,3,2026-10-02 04:08:57,sih
2,Renandacrypto,1,2026-10-02 04:03:48,udah busuk harga
2,Syifa Thanisha,2,2026-10-02 03:55:54,berat banget bgt loading isi gtu doang
2,Hamzah,1,2026-10-02 03:55:53,sangat internet gak lancar moga
2,Jamal Nasirudin Official,1,2026-10-02 03:46:40,update malah lot gak bagus tambah jelek aplikasi sekarang isi data via padahal kuat pakai wifi
2,weny aprillyani gaja,1,2026-10-02 03:42:32,jelek ga mau registrasi maksa
2,gito laksono,5,2026-10-02 03:38:51,bagus
2,Elly Avrielyani,2,2026-10-02 03:36:15,lot pake lama banget mau pulsa ato lama banget loading padahal wifinya kenceng
2,Anselmus jodi,5,2026-10-02 03:29:01,
2,Seigreitz Klali,5,2026-10-02 03:27:24,sangat puas
2,Arif Wahono,4,2026-10-02 03:24:57,apk g guna
2,Ali,5,2026-10-02 03:23:43,mantap
2,Fahri Fahri,5,2026-10-02 03:05:36,sangat bagusss
2,Dedi Adrian,5,2026-10-02 03:05:25,the best
2,Ardie,1,2026-10-02 03:02:05,punya kartu 2 1 mengunakan internet 2 pakai internet malah potong pulsa sedang akses internet tarif walaupun aktivitas internet tetap aktivitas yg jadi belakang simpati
2,Zee Oi,1,2026-10-02 02:55:48,kesini kecil malah cepat super lelet mending ganti kartu aja
2,Dendi Anugrah,1,2026-10-02 02:51:31,banyak bug mana paling berat kalau buka apk udah gtu makan hampir 1 gb paket sini gak wajar aja harga mana sinyal sering bgt ngilang gak jelas
2,Kesatria Argus,1,2026-10-02 02:50:22,busuk harga terlalu banyak banyak korupsi
2,Aminamin Aminamin,5,2026-10-02 02:47:00,sangat
2,Nita Eksan,4,2026-10-02 02:41:26,masa laku cuma 28 hari kayak dulu 30 hari
2,Zacky Pjt,1,2026-10-02 02:35:39,kemarin harga sini ga hasil saldo tetap kurang
2,Mas Geng,5,2026-10-02 02:35:12,
2,Perhatikan laia,5,2026-10-02 02:23:23,
2,Egi Yugian,1,2026-10-02 02:07:55,sering kali ga beli doank buat apa y
2,Ezzy Gaming,3,2026-10-02 02:05:49,apa gk dana
2,Gameplayer,3,2026-10-02 02:05:39,kualitas lumayan bagus kadang ngeleg harga makin makin sedikit kata harga naik terus sekian terimakasih
3,Mohd Furqon,3,2026-10-02 02:02:35,sampah lot tiap hari minta update buat apa
3,aa wan,5,2026-10-02 02:00:20,pake lama 7 tahun mau bayar internet beli selalu salah sistem baik
3,Rahma Arif,1,2026-10-02 01:59:53,apa mau buka halaman aja maaf masalah terus sampe ratus kali tutup aja klo ga niat
3,Nizar Samich Bahweireth,1,2026-10-02 01:52:53,bikin bingung mau cari update lapor susah veronika lot smooth paling pernah pakai
3,Af F,1,2026-10-02 01:52:38,minus 3 kalo
3,Andi Yuss,5,2026-10-02 01:51:33,bagus
3,ericson setyawan,5,2026-10-02 01:46:58,coba guna chat veronica menu bantu guna
3,ROY RIZKI SAPUTRA,2,2026-10-02 01:44:35,kuata skrng
3,Agil Purnama,1,2026-10-02 01:42:48,udah makin tetap jelek buka youtube cahari gak riwayat maen loading mulu ayo udah banget gin 5 gb aja udah 25 rb jelek
3,Prabaswara Raditya,1,2026-10-02 01:40:38,gw kalau main jangan ngelag percuma gw 200k ngelag2 anj
3,M Nerf,1,2026-10-02 01:39:14,udah banyak bug maksa gajelas sering lah sok sok an ngasih masuk gk ngebantu gk jelas bgt masa mau gabisa pake bgt a
3,Ricko Plb,1,2026-10-02 01:34:25,allah jangan pakai buat
3,Azhar Tnm,1,2026-10-02 01:30:55,apk lot isi pulsa sms masuk pulsa hilang gk jelas
3,Septiyan Tiyan,1,2026-10-02 01:30:10,kek taik gin baik dulu tu lu anjg ngeleg mulu sampah hama
3,Deddy Anwar,1,2026-10-02 01:28:55,ngga login
3,Abdul Aziz,1,2026-10-02 01:27:50,sampah semenjak orbit app jadi ngak fitur poin tukar data app bobrok
3,Dida Kurniawan,1,2026-10-02 01:21:32,
3,Ahmad Taufik Nur M,2,2026-10-02 01:16:51,percuma gede kalau lot padahal full
3,Lucky,1,2026-10-02 01:08:00,opsi gua mau ganti provider soal harga naik terus naik banyak banget dulu 18gb harga cuman 50k lalu naik jadi opsi gb harga 50k lalu 18gb naik jadi 60k sekarang 60k cuman
3,Andini Meifiana,4,2026-10-02 00:55:39,tonton youtube 15 gb internet 15 gb kok potong internet 13 gb aneh
3,Zainul Abidin,1,2026-10-02 00:54:21,layan buruk berat tengah jam buat mau
3,Junaidi Bin Mukhtar,1,2026-10-02 00:23:47,appnya lelet
3,Rahman Syah,2,2026-10-02 00:16:08,terkadang lot apa indihomenya kalah sama produk internet mohon lah kalian baik kalian jangan lot
3,Erdy Ismail Bartolome,1,2026-10-02 00:05:59,gajelas kluar apk ga login aneh
3,Susi Yati,1,2026-10-01 23:54:42,dulu nominal pulsa masa aktif sekali buka lngsung nampak skrg ga nampak
3,Azri Muhammad Ikram,1,2026-10-01 23:51:04,susa banyak hangus my lot tak
3,extreamerz s. o. s,1,2026-10-01 23:47:45,harga gak ngotak
3,Ali Sofyan,2,2026-10-01 23:34:57,terlalu
3,barry Gmr,1,2026-10-01 23:33:05,jelek
3,Muhammad Asraf,1,2026-10-01 23:32:35,lama buruk aja telkom
3,Eko Budi,1,2026-10-01 23:18:42,kali dua sy edit ulas hari masa 30 hari kok jd 28 hitung gmn perintah tdk hangus provider paling provider tipu
3,Armal Afrimal,5,2026-10-01 23:03:20,
3,Glorym Bethany,1,2026-10-01 23:02:31,bintang 0 kasih macam apa parah sekali pakai lag luar harga naik sering banget kualitas jelek sering bug mau pakai pulsa kok deh ga berkatakata sama
3,Muhammad Makmun,5,2026-10-01 22:57:20,bagus sekali mudah orang
3,Bili Hermawan,5,2026-10-01 22:53:04,top bgt
3,Herlinah elin,1,2026-10-01 22:39:48,paket dikit hari
3,yuni sri88,2,2026-10-01 22:37:55,sering eror not d tambah lot tambah padahal udah jadi langgan
3,Awi Kho,5,2026-10-01 22:33:35,good
3,Rooney Alfredoo,1,2026-10-01 22:22:49,salah satu provider jaringn hari harga gak karuan dikit biar sama rakyat kecil cumn ngisi terus perut kalian jabat
3,Gilang Restu Adyatma,1,2026-10-01 22:15:46,update ga jelas aplikasi
3,Muhammad Kendi,2,2026-10-01 22:15:01,upgrade jdi ngelek si
3,Alex Tangki,1,2026-10-01 22:04:52,login lambat
3,Nezh Campur,1,2026-10-01 22:04:18,mahalmahal paket
3,Gondes_ 135,1,2026-10-01 21:42:29,sering banget guna lama nyaman system yg skrng sering data tpi kwalitas nol besar
3,Heru tirta Mulya,1,2026-10-01 21:11:14,lama gak jelas buruk layan
3,Bos novi,1,2026-10-01 21:08:54,transfer
3,Rio ratna rioo582,5,2026-10-01 21:00:38,baik
3,Radiator Tiga putra,1,2026-10-01 20:51:17,susah padahal jam 3 pagi
3,Yuliyanti,5,2026-10-01 20:50:27,mudah transaksi
3,Aldi Aldi,5,2026-10-01 19:41:26,sangat baik
3,April Nanda,5,2026-10-01 19:18:52,mantap
3,Hasriani Sianturi,2,2026-10-01 18:52:00,tp sering loding mana harga internet selalu ubah harga tambah kecewa berat
3,Ayubi March,1,2026-10-01 18:51:48,bonus lama gak akun
3,Alia Humaira,5,2026-10-01 18:42:32,senang banget layan sekarang
3,Kipli,1,2026-10-01 18:20:59,apk penuh bug bnyak bug ngeleg
3,Adrian Ginanjar,1,2026-10-01 18:06:35,keluh yg jangan bot kelas gak bayar
3,Suvryan Pilekpapakang,1,2026-10-01 17:59:12,kesini apa buruk utama konyol jadi alih rame rame
3,Agus Ardi,1,2026-10-01 17:59:04,jelek sangat manusiawi dah lo abis guna
3,Muhammad Rafli Rafli,1,2026-10-01 17:54:38,kok ngak ad pilih paket udh jelek lgi
3,Heri Tianus,1,2026-10-01 17:50:02,provider binatang ilang selalu kalian bayar trus naik ga otak liat xl sama 5g harga lebih murah kalian harga blok kali kali selalu mau pake otak gin aja ga becus kapan korupsi uang betul
3,Tiki Taka,1,2026-10-01 17:43:53,kesini parah 2gb lebih tp gak buka youtube udah gtu suka ilang pdhl harga paket
3,Samadi Didi,5,2026-10-01 17:33:36,
3,tonipribadi Anfr,4,2026-10-01 17:14:06,kurang bagusss kalau mendung
3,Andi Anditamrin,5,2026-10-01 16:52:06,bagus
3,Infinix Hot 11 play,1,2026-10-01 16:50:18,delay banyak ganggu
3,Elton J,1,2026-10-01 16:40:02,sangat kecewa harga paket in pulsa proses gak masuk masuk 2 x sama uang hangus ga dpt pulsa thank you
3,Deden Yanyan,1,2026-10-01 16:37:38,bapuk update trus malah bapuk mau isi aja muter gagal terus
3,Ethaah offical,1,2026-10-01 16:36:33,recommended pake karna apa karna harga ga ngotak jumlah hari rangin bulan kemarin kouta harga sekarang pas mau harga naik jdi naik dikit bener bener kapitalis gb yg sama harga yg beda jauh udah gitu 28 hari worth it terima kasih
3,Perto,1,2026-10-01 16:28:24,via dana
3,Novan Arifin,1,2026-10-01 16:25:48,apk paling lemottt
3,Malik Nopo,3,2026-10-01 16:25:30,
3,arief homemade,1,2026-10-01 16:08:52,lu reng sih
3,Alex Syaputra,1,2026-10-01 16:07:14,fitur bayar pas mau suruh bayar lu
3,Muammar Syahadat,1,2026-10-01 16:06:43,benah lama banget
3,Muhamad Ra'if Gaura,5,2026-10-01 16:06:16,banyak tawar tarik praktis
3,Dio Fernando,1,2026-10-01 16:05:45,lambat parah
3,Ondion Arianto Aritonang,1,2026-10-01 16:00:43,bapuk
3,Padang Limpa,1,2026-10-01 15:59:41,data sampah
3,Bang Fajar Jr.,1,2026-10-01 15:53:15,sangat kecewa pakai kartu atas sinyal kurang bagus tolong baik
3,Yogha AP,1,2026-10-01 15:53:07,sinyal busuk bgt kok sampe kosong padahal paket baru
3,Ajo Bae,4,2026-10-01 15:41:42,sinya
3,Alex Capu,1,2026-10-01 15:37:34,ndak bayar dr dana
3,Pardison Pardison,1,2026-10-01 15:36:38,babi
3,Robbie Khan,2,2026-10-01 15:31:08,jelek pas buat main mobile legend pas tiba tiba jelek pas mati baru bagus
3,kiki ky,5,2026-10-01 15:30:08,bagus
3,Serlyka Nre,1,2026-10-01 15:25:06,jelek suka ilang ilangan gajelas
3,Dimas,1,2026-10-01 15:23:48,bujang harga langit kayak taik
3,Muhamad Wildan,1,2026-10-01 15:23:41,apk error uang gak
3,SALAM SHOBUR LHJ RODI,5,2026-10-01 15:17:48,bagus
3,Denil Alexender,5,2026-10-01 15:17:19,daerah lumayan banyak ganggu panggil spam
3,Wiah Wi,1,2026-10-01 15:13:28,busuk hrga
3,Aditya Aulya Rakhman,1,2026-10-01 15:13:19,lambat
3,Crazy person,1,2026-10-01 15:13:01,aneh metode bayar tiba tiba hilang udah ga masuk aneh tolol
3,Fahri Sendipermana,1,2026-10-01 15:12:56,lag trs komtol
3,Tumiyati 11,1,2026-10-01 15:10:35,gak da bayar dana
3,Sam Damba,1,2026-10-01 15:07:15,mau isi susah suka ngebug gilir udah isi sinyal ga muncul ga rugi isi gabisa dipake
3,Janoz Nade,5,2026-10-01 15:07:00,makin lelet lot harga paket aja makin kualitas muas kecewa pakai kalau teruss
3,Alya Kinasi,1,2026-10-01 15:00:00,pas pake dana skrng ko udh gk lg fitur jdi ssh klo mau gk bayar lewat dana
3,supermadi 22,2,2026-10-01 14:57:37,jelek pantes kalah saing sama xl
3,Inggar Irawan,1,2026-10-01 14:57:17,gajelas berat lot banyak bug update tetep aja nama apk tolol harga bakal jamin kualitas nyata malah bikin emosi ga pakai anak magang kan buat maintenance aplikasi bgt gw sama kalian
3,Akbar Aqil,1,2026-10-01 14:51:59,terlalu kualitas jelek
3,Al Amanimovic,1,2026-10-01 14:49:13,harga kesini parah jadi susah login
3,ahmad khairul,1,2026-10-01 14:48:32,ga bsa
3,Imron Azza,5,2026-10-01 14:46:31,lumayan bagus
3,Hari Sandi,1,2026-10-01 14:43:37,gaguna gua ratus ribu kualitas kek taiiiii ngelag ngelag ga karuan ga banding sama harga
3,Fizzi,1,2026-10-01 14:41:38,baik lama bug lah kek apk jaman
3,Ade Rendi,1,2026-10-01 14:40:39,lot
3,Karmin Boi,1,2026-10-01 14:35:22,memang gx layak pake ajah butut baik jangan ajah naikin tp kualitas 0 butut
3,Syarif Brd,1,2026-10-01 14:33:39,ngeleg ngeleg
3,Pren Frengki,5,2026-10-01 14:33:17,
3,Irawati Yuliana,5,2026-10-01 14:33:12,
3,Bangg Puttt,1,2026-10-01 14:33:03,gajelas ni apk orang lgi mau pket malah ngebug mana lama
3,AGUNG Prasettyo,1,2026-10-01 14:32:00,jelek hadehh
3,Aji Agusti Mulyana,1,2026-10-01 14:30:52,doang signal
3,Meinisa Muhromah,5,2026-10-01 14:30:48,baik
3,Eman Safrudin,1,2026-10-01 14:29:03,lot
3,Muhamad Munawar,1,2026-10-01 14:28:57,jaringn baik pake harga kualitas buruk nyusahin orang minimal baik
3,M Abd Rozzaq Khaidhor,1,2026-10-01 14:27:55,pernah
3,Setyo Adi,1,2026-10-01 14:27:53,busuk
3,fiqh rumpin,1,2026-10-01 14:27:52,sering jelek malah ga pernah bagus harga mau kouta eror kartu ga jelas gila
3,Heru Tarakan,1,2026-10-01 14:26:36,aneh bayar masukin bagus tibatiba bayar gagal aneh
3,Squall Leonheart,1,2026-10-01 14:26:19,ganggu banget padahal mau isi tpi susah
3,Inggrid Cantikk,1,2026-10-01 14:25:25,busuk mau ngisi peket susah bngt ga udh ulang kali
3,Umar Abdul Aziz,1,2026-10-01 14:24:44,apa kata internet baik pakai daerah ku malah sinya 23 udah nge lag bet mending kartu
3,Ray_Arkha,1,2026-10-01 14:23:53,pusing dah sama nih provider udah tahu aja sering lag error terus minimal kalo udah tahu layan tuh upgrade jangan harga jauh sama layan 11 12 ngelag mulu nih gimana mau paket dah woy
3,Adiska28,1,2026-10-01 14:23:26,mau susah pdhal wifi data aman anjg
3,Abdul Syukur,5,2026-10-01 14:23:04,kata kouta 2 hari eh nyata cuma hari malam
3,Itep 1793,1,2026-10-01 14:22:57,apk paling lot pernah banyak iklan gak penting jadi maaf kasih bintang satu
3,Ri fahri,1,2026-10-01 14:22:42,harga aja cik tiap bulan naik harga astaga gw lama 3 bln akhir naik jadi lama lama jadi gilak ga ngotak naik speed ga berapa naik harga gila biarin dah ganti provider aja
3,Hennop,2,2026-10-01 14:21:26,lemottt
3,Gunawan Tumiang,1,2026-10-01 14:21:04,apk lot
3,ahlul bisri,1,2026-10-01 14:20:54,app tolol
3,Sai Akuto,1,2026-10-01 14:20:36,gajelas apk suka ngelag
3,Willy ardiansyah Ridwan,1,2026-10-01 14:20:32,ga jelas ntah apa apa kasih kemaren bayar lewat gaada
3,Muhammad Saifulloh,1,2026-10-01 14:20:03,banyak bug
3,Akbar Ramdhani,3,2026-10-01 14:18:47,banget aku transaksi loading terus jam ga beres aku udah coba restart hp terus refresh apk tetep gabisa ganggu gimana aku ga ngerti
3,Muhammad Rizki,5,2026-10-01 14:18:13,baik sistem
3,Cebong Gaming,1,2026-10-01 14:18:09,hari lot berat buat buka
3,A s w a n d i 76,1,2026-10-01 14:17:17,bayar gk sesuai harga sama yg sedia
3,sari febriani,1,2026-10-01 14:17:07,sering eror
3,Syah Rul,1,2026-10-01 14:15:55,kaya banyak
3,Iqbal.s Gorbon,1,2026-10-01 14:14:52,susah banget masuk make wifi mau kouta ngak ush
3,ryan textil,1,2026-10-01 14:11:41,korupsi gb langsung padahal edar no bijak hangus kouta internet biaya masa kouta sebut
3,Fa Jar76,5,2026-10-01 14:11:33,
3,Riza Kurnia,1,2026-10-01 14:11:05,makan ram besar banyak fitur yg guna
3,Muhamd Idris,2,2026-10-01 14:10:53,gw mau pake knpa gk sih
3,Huahvc Hauavs,5,2026-10-01 14:10:26,mantap
3,Stok Akun2,2,2026-10-01 14:09:52,lot pas mau isi
3,Gandhy Putra,1,2026-10-01 14:09:20,lot banget
3,Solah Udin,1,2026-10-01 14:07:29,kaya ngeleg
3,Yayoe Prassetya,1,2026-10-01 14:07:06,suka hilang signal hangus sesuai edar komdigi
3,irfan,3,2026-10-01 14:06:41,buset dah nih mau bayar beli aja mulu gagal mulu padahal wifi lancar gk masalah lah jangan sulit klo butuh sangat
3,Juli Irawan,1,2026-10-01 14:06:10,parah ganggu daftar gak buka susah dulu gak baik
3,Hafizd Pratama,1,2026-10-01 14:05:20,busuk kouta aja lelet padahal bagus
3,Mi nwrmhn,1,2026-10-01 14:02:41,jangan pakai provider kalau gajelas sering ganggu
3,Awan 82,1,2026-10-01 14:02:03,buat internet dana jam yg harga yg cm komplen 1x24 ampe skrg gak jelas sama sekali
3,MUHAMAD NURHIDAYAT,1,2026-10-01 14:01:40,baik lah udh ganti sana sini nyata apk busukk buruk jelek ga baik apk
3,ririi. rimb,2,2026-10-01 14:00:44,lot asa berat padahal cuma mau dar bayar lewat pulsa kualitas apk makin turun mohon baik jelek banget cuma mau aja susah ngga tolong
3,Riva Oktorizal,1,2026-10-01 14:00:35,sampah bayar sering gagal gak jelas banyak korupsi nih
3,Mohammad Rasyid,1,2026-10-01 14:00:18,berat buat bayar susah lot banget hp ram 8
3,ya ni,1,2026-10-01 13:59:47,elit sulit
3,Tama Puji,1,2026-10-01 13:59:25,gak super paksa ttp pake karna nomer lama
3,Adit Fitri,1,2026-10-01 13:59:11,lot mau aja gk mulu gagal terus padahal buka apk provider aman2 aja
3,Febryan Ismail,5,2026-10-01 13:58:16,sangat mudah guna
3,Sopian hadi,1,2026-10-01 13:57:05,sering ganggu
3,Rohainingsih,1,2026-10-01 13:56:42,masa aktif
3,Lightcaster 46,1,2026-10-01 13:55:45,paling ga delay lot
3,Rizki Samsurya,5,2026-10-01 13:54:53,sangat bagus bantu
3,Vika Fitria septriasa,1,2026-10-01 13:54:03,aplikasi suka eror gabisa pakai terus jaring jelek
3,AST KARA,5,2026-10-01 13:53:31,babi bulan jelek main game susah sosmed susah jangan kecewa sekarang aku mau aja gak loding terus gimana sih binatang baik lah main game ilang
3,Achill Nyalsee,1,2026-10-01 13:53:12,dikit dikit ganggu dah update tetep
3,Riyan,5,2026-10-01 13:52:20,apk tolol mau malah gak bayar ngeleg gak tau apk emng
3,Bagenin Udah,1,2026-10-01 13:51:14,loading lama
3,su yanto,1,2026-10-01 13:50:49,busuk hari malah kalah sama kartu
3,Hyditzz12,5,2026-10-01 13:50:06,
3,Bang Misel,1,2026-10-01 13:49:14,heran cuma 28 hari jaring timbul
3,Jefri Hcell,2,2026-10-01 13:48:51,beli atas 20rb selalu tulis sedia cape bngt bolak balik krn 10rb teruss moga aj habis baik
3,M REVAN Harits (REVANS),1,2026-10-01 13:48:46,app dongo ngelag mulu tolol
3,Aanaan Sundi,2,2026-10-01 13:48:43,smakin lama smakin
3,Agus Saepul,5,2026-10-01 13:48:25,baik
3,Surya Darma,4,2026-10-01 13:48:13,
3,Google Form Papua,1,2026-10-01 13:48:00,org mau ganti nomor gak mulu udah kasih kluar kartu sama aja
3,Muhammad Vickri,1,2026-10-01 13:47:43,apk apa sih
3,Muhammad al adis,1,2026-10-01 13:47:43,muter muter banyak fitur g penting
3,Star Daezan,1,2026-10-01 13:46:35,tolol banyak bug
3,Bagusaurus,1,2026-10-01 13:46:27,larang
3,Ahmad Nur Fauzy,1,2026-10-01 13:46:25,sekarang gak rekomended makin kesini jaring tambah lot
3,ardiann 0277,1,2026-10-01 13:45:45,apknya ngelag bgt kalau mau isi
3,Riki Subagja,2,2026-10-01 13:44:25,sekarang ewallet dana hapus bug
3,Bugar Irianto,5,2026-10-01 13:43:48,nice
3,Fikran,1,2026-10-01 13:43:05,banyak bug sistem lot udah hampir make telkom pdhal dulu bagus bgt sekarang ko jadi buruk
3,Ambrosiuz Noya,1,2026-10-01 13:42:08,jelek
3,Jorgi Mboeik,1,2026-10-01 13:42:05,bapuk ga benah aplikasi lot banget sumpah ampas
3,Ihsan Badiuzzaman,1,2026-10-01 13:41:20,harga koneksi lot padahal rumah deket tiang kalau susah minta ampun layan buruk besok besok ganti indosat aja mah
3,Tidi,1,2026-10-01 13:41:09,paling loading taiiiii
3,Devi Lestari,1,2026-10-01 13:40:41,babi busukk
3,diwa abdul,1,2026-10-01 13:40:24,buka lelet sekali padahal aja mau gagal terus lama gak jelas
3,Trimolyono Trimolyono,1,2026-10-01 13:40:13,tolol sangat susah dar pket susah ampun
3,Reza Tufahlevi,1,2026-10-01 13:40:06,benerin napa nih berat banget woy padahal buka aja pas masuk malah ngelag berat banget masa provider gede kayak gin jangan malah harga yg terus dimahalin
3,Reyhan Novriansyah,1,2026-10-01 13:39:29,najis gw buka apk ga ngeleg buka apk ngeleg mo aja ribet
4,Permata,1,2026-10-01 13:39:07,lemottt parahhhh
4,dikri Wahyudi03,2,2026-10-01 13:38:54,ngeleg
4,Tegar Prawira,5,2026-10-01 13:38:49,transaksi lelet harga keren luar biasa
4,Toharil Tohari,1,2026-10-01 13:38:13,lemottt
4,waluyo yogo susilo,1,2026-10-01 13:37:58,guna setia malah larang
4,Beny Cahya,5,2026-10-01 13:37:33,baik
4,Saeful Anwar,5,2026-10-01 13:36:20,aktifasi kartu lewat chrome benerin gagal kayak dulu pake
4,Syahril Ramdhani,1,2026-10-01 13:36:05,sini jelek ah sinyal
4,Antonio Maldini,1,2026-10-01 13:35:25,sampah
4,Adi Nst,1,2026-10-01 13:34:32,rusak lag harga bgt
4,Marhaban,2,2026-10-01 13:34:15,lot
4,Aghnia Mulqiah,1,2026-10-01 13:34:10,kesini bnget ga ngotak ngasih harga ga kaya zaman dulu gampang eror apk
4,Febrian Rizki,1,2026-10-01 13:33:52,kek mau kalo buka mau transaksi nunggu 2 jam saking lot
4,Harry Tober Paruntungan Tambunan,1,2026-10-01 13:33:49,update ngelag mau gabisa metode bayar aneh banyak bug
4,Deni Firmansyah,1,2026-10-01 13:33:20,sering lot
4,Jesslyn de volunteer,1,2026-10-01 13:32:47,
4,Raka Gusti,3,2026-10-01 13:32:46,lot
4,Nayla,1,2026-10-01 13:31:54,pas mau data selalu gaada internet padahal wifi lancar kok udah berkalikali eh tetep sama gaada internet udah beda ga kayak dulu
4,Zyn,1,2026-10-01 13:31:43,gaje pulsa mau bayar paket aja malah gabisa padahal aman bagus bagus aja untung lo gw ga ngomong sini eh anjg lu kok lama ngelunjak lama mati aja
4,Amir Regas,1,2026-10-01 13:30:54,lama jelek pakek dana ngak
4,Solomon Murray,1,2026-10-01 13:29:41,busuk buat buffering mulu
4,ari 229chika,4,2026-10-01 13:28:19,
4,s. murrohman,1,2026-10-01 13:27:52,lama gak becus make 4g ngelek pake yg 5g parah sini mahalmahal baik lah pake bagus dlu ingat yg blm pake jgn pernah rugi
4,Rudi Hartono,1,2026-10-01 13:27:24,idiot
4,DG donny gunawan toraja,1,2026-10-01 13:26:39,lu gk bagus asw udah jelek gak bener lu mending ga usah sok buat apl kalo ga pakai mending balik cara daftar dr buat apl ga tp nyusahin
4,Adri Ansyah,1,2026-10-01 13:26:35,lot lelet jdi kualitas apk jelek
4,Haikal Fahrezi,5,2026-10-01 13:25:47,lag hilang
4,Ryan Ferdyan,1,2026-10-01 13:25:38,mau masuk lama banget mau aja lot parah pusing
4,Lalu PraYoga,1,2026-10-01 13:25:35,aplikasi lot
4,Hengki Kecil,5,2026-10-01 13:24:41,puas
4,Tri Wahyudi,1,2026-10-01 13:24:24,memang proveder perintah nyesel data tp kualitas buruk akhir bosok si
4,Jefri Maruhum Tampubolon,1,2026-10-01 13:24:18,apk sampah harga layan kalo memang niat harga baik kualitas apk lu
4,yondri praing suwarsono,1,2026-10-01 13:23:28,paling sampah masa tenggang habis ulang ulang malah loading mampus buka lancar aneh pas ambil darurat tibatiba lancar emang provider sampah
4,Gede Anune,1,2026-10-01 13:22:15,gak jelas mau bayar aja susah
4,Felisitas Angga,5,2026-10-01 13:21:47,mantap
4,Najwa Isnain,1,2026-10-01 13:21:41,ngeleg ngeleg pdhl punya buka apk lancar tpi buka ngeleg nunggu lama kontolll
4,M Isyq Azhari,1,2026-10-01 13:21:27,mau bayar gagal terus
4,ANDARIAS ERSON,1,2026-10-01 13:21:01,keluh masalah mau laku beli masalah pakai wifi bagus transaksi tiba tiba loading lama developer baik masalah
4,Pengguna Google,1,2026-10-01 13:19:44,kecewa banget lot banget mau ngisi ga padahal pake wifi ga buka
4,Prastiadi Prastiadi,4,2026-10-01 13:19:35,sulit
4,ATHHAR YASYFA R GAMING,1,2026-10-01 13:19:03,sangat delay
4,Ridho Kurniawan,1,2026-10-01 13:18:26,parah t hari lelet kadang tibatiba harga beda sama dulu kuat gak lelet harga jangkau kecewa guna lama tahun
4,Wo Mama,5,2026-10-01 13:18:12,jelek leg mulu sial sengaja kasih b5 biar atas
4,Jefri Djami,1,2026-10-01 13:17:48,mau aja muter terus padahal gua
4,Basyarul Hafi,1,2026-10-01 13:17:29,jelek banget daerah aceh lah baik udah lambat banget
4,Putra Budiman Mbeo,1,2026-10-01 13:17:16,banyak error
4,Victor Tambunan,1,2026-10-01 13:16:47,tolol harga jelek
4,Ilham Wahyu Abdullah,1,2026-10-01 13:16:31,sering lot aplikasi
4,Bhela Nagur,5,2026-10-01 13:15:52,baik
4,Sanjaya Putra,1,2026-10-01 13:15:44,lambat mau bli gede kyk
4,Rayi Rayan,1,2026-10-01 13:15:24,gue kasih bintang 1 tiap mau ngelag mulu lama2 gw ni kartu
4,First Second,1,2026-10-01 13:14:35,ga jelas ngelag terus gimana sih bikin apk ga niat
4,Muhammad Difa Sya'Bani,1,2026-10-01 13:14:13,tolol sistem ga bener mau bayar aja
4,Plonco 95,2,2026-10-01 13:13:57,qris error
4,Syahrul Mobilingo,1,2026-10-01 13:13:11,my gak jelas ganggu terus gak pantas
4,Muhammad Ferdy Ridwan Hakim,1,2026-10-01 13:12:20,jelek banget lelet apknya
4,Erik Wahyudiana,1,2026-10-01 13:12:14,ga jelas idiot bagus mau pas pket data nglag benerin udah mah paket ga bener aja min
4,Iman Muhkal,1,2026-10-01 13:12:13,update malah tampil nyusahin banget terlalu ribet gak login anjeng ngisi aja susah
4,Sumi Sumiati,2,2026-10-01 13:12:03,sekarang jadi lebih susah datanyaudah gitu ganggu sistem mulu pas mau bayar datanyaudah gitu sekarang data benerin deh tuh sistem sama harga paket moga lebih baik depan
4,Kaka Harfenli,1,2026-10-01 13:11:57,apa dah ngelag bener orang mau aja susah karna lag bagus baik apk lu
4,siti,1,2026-10-01 13:11:45,aja wifi kencang
4,Novandry Behuku,1,2026-10-01 13:11:35,server lag terus
4,Ainun Najla Mutia,1,2026-10-01 13:10:49,sering bgt ngelag tiap buka bahkan mau aja loading stuck lama bgt
4,Hariansyah Laksana,2,2026-10-01 13:10:45,lot loding kalo mau kouta
4,Diyannor Kanssas,5,2026-10-01 13:10:29,
4,Lippp Gerung098,1,2026-10-01 13:09:36,my lot alas hp suruh masalah bukan hp
4,Jehan Nm,1,2026-10-01 13:08:18,apk yg lot
4,YiViY hafza,1,2026-10-01 13:08:14,kalau memang bobrok mau tetap ga cuma jadi koruptor biaya beli serba kualitas bintang 1
4,mardian syah,5,2026-10-01 13:07:50,mytelkomsel is the best
4,Auliadin Adin,1,2026-10-01 13:07:49,jelek apk sering eror kouta mahalmahal
4,Jumaili_saputra foza,1,2026-10-01 13:07:34,puki memang jelek jangan mau untung aja baik dong kualitas mu njing
4,Irhan Nur Rosyid,2,2026-10-01 13:06:56,mau isi pulsakuota aja lot kira harga kualitas
4,Ahmad rudi Rudi,1,2026-10-01 13:06:48,leg trs
4,FEBRI Grey,2,2026-10-01 13:06:18,hampir mau lelet banget padahal tinggal bayar aja tp loading sngat lama kali keluar jd waktu ganggu bnget
4,habib maulana,1,2026-10-01 13:05:59,kikir ngelag suka eror padahal bagus
4,Aazar Zar,5,2026-10-01 13:05:07,
4,Rendy santoso,2,2026-10-01 13:04:57,apk berat
4,Luky Kurniawan,1,2026-10-01 13:04:31,apk
4,Lalu Dicky,5,2026-10-01 13:04:27,sangat bantu
4,Wahfid Janaka Saubari,2,2026-10-01 13:04:19,udah sering jelek bahkan ilang udah ga kaya dulu buka mytelkomsel jga lama banget mau data jga loading tahun padahal udah pake wifi bagus tetap aja loading tahun rekomendasi sekarang mending cari kartu aja
4,Hari Yanto,1,2026-10-01 13:03:53,knp jelek sih kalau gin rugi
4,Sabrina Sabrina,5,2026-10-01 13:03:21,rasa senang sekali banyak pilih
4,Baguss,1,2026-10-01 13:02:45,baik aplikasi lot banget waktu sampe bayar selalu lot gilir restart tambah lot sampe salah pilih nomor buat isi jadi 2 kali
4,Muhammad Raihan Firdaus,1,2026-10-01 13:01:47,gilaa kelas apk lot banget mau gabisa payment dulu apk bayar it bukan apa gaada kembang banget
4,Taufik Rahman,1,2026-10-01 13:01:38,berat loading buffering refresh sangat lama beli data pulsa dulu yg potong data refresh lebih tp gin paling lambat kualitas rusak tambah buat isi aja ribet buffering gagal mulu gak layak susah aja
4,Ingrid,1,2026-10-01 13:00:56,harga rekomendasi jg ttp lawak
4,Faiz Syarifuddin,1,2026-10-01 12:59:54,ngelag
4,Aditya Hutagalung,1,2026-10-01 12:58:20,kena kualitas internet daerah barat makin hari kondisi internet makin buruk internet jadi butuh masyarakat
4,fathirlaiufar Zamil,1,2026-10-01 12:58:18,aman kendala loading pesan kouta sangat lama sekali selalu benah banyak komplain apa kamu sangat lot sekarang benah
4,Aris Musliman,1,2026-10-01 12:57:57,apk
4,Rangga Adi,1,2026-10-01 12:57:54,ui busuk
4,Egi G,1,2026-10-01 12:56:42,kesel banget sama bug punya 2 nomor waktu tambah nomor 2 malah nomor pertama jadi salah isi
4,BONET RNA,1,2026-10-01 12:56:20,parah parah ancur mau bli gak apa bukan bagus malah jelek emng aja sulit babi
4,Ahmad Siraj,1,2026-10-01 12:54:37,loading trs asw
4,Fauzi AR,1,2026-10-01 12:53:17,sisa yg msh 60gb an kata perlu masa aktif nyata
4,George Jhon,1,2026-10-01 12:52:57,apk lelet bagus gak aneh lot bikin apk gak sih sekali bikin apk gak apk lot kaya
4,NRS 29,1,2026-10-01 12:52:35,cuma 28 hari sejak kapan bulan 28 hari provider korup berat
4,Tamimah Bangun,1,2026-10-01 12:52:25,buruk
4,Ash,1,2026-10-01 12:52:13,apa sih mo apa2 lot banget
4,Calvin Febrian,2,2026-10-01 12:51:38,niat buat aplikasih apa stabil pulsa pas bayar mutar lama banget tingkat aplikasih cukup lumayan berat
4,Julian Vino,1,2026-10-01 12:50:08,jelek banget gak isi
4,Fennn Gamezzz,1,2026-10-01 12:49:47,busuk
4,Axxa Gaming,1,2026-10-01 12:46:41,lama pakek
4,IPOY ADRIAN PRATAMA,1,2026-10-01 12:44:31,apk lelet berat
4,Ledo pangestu,2,2026-10-01 12:44:30,mau paket aja susah banget apk jelek padahal ku bagus buka apk gilir buka apk susah banget
4,Fasa,1,2026-10-01 12:43:56,
4,Serli Amania,5,2026-10-01 12:41:31,bgus
4,Ninda Arsip Foto Bias 2,1,2026-10-01 12:40:50,in this ekonomi udahlah paket banget pake gagal transaksi berapa lelet banget kesel banget sama nih sampe sekarang tahan doang
4,Candra lebay,1,2026-10-01 12:39:24,banyak lot operator sering ganggu ngerugiin langgan aja lo
4,Abidzar Al Ghifary,1,2026-10-01 12:39:17,jelek banget sih cuman mau bayar doang beberapa langkah udah gitu muter nyaa kali wkwk come on developer gw cuman mau anjir nunggu sampe berapa lama
4,achiint,1,2026-10-01 12:38:39,sampah beli oke naik pertama lama dipake buang aja pake yg mikir kalau jawab app pake appnya lah mau aja aplikasi muter terus jelek
4,nadine zalma,1,2026-10-01 12:38:35,ngelag mulu gajelas benerin deh hp gw jg hp mau payment aja buat susah
4,Leo Danzz,1,2026-10-01 12:38:11,apk
4,Muhammad Reza,1,2026-10-01 12:37:53,lot busuk update busuk
4,Sat Dj,1,2026-10-01 12:36:46,update parah tolol
4,Ahmad Muzaki,1,2026-10-01 12:36:45,mau pulsa aja ribet banget alas ganguan padahal ngak buat apk ngak usah buat
4,Sulis Setia,2,2026-10-01 12:35:31,susah pas mau
4,Kaldi Rom,1,2026-10-01 12:35:25,binatang
4,Brian,5,2026-10-01 12:34:47,
4,Muhamad Rizki,1,2026-10-01 12:32:52,stuck mulu metode bayar
4,Rudolf Tadayu,1,2026-10-01 12:30:57,buat apk ngotak dong hari hari ganggu mulu mau aja
4,Deddy Desmawan,1,2026-10-01 12:30:26,sampah bug
4,Mitsuya Kimura,1,2026-10-01 12:25:56,lot banget udah kenceng tetep terus gk jelas
4,Sakha Rizal,1,2026-10-01 12:25:45,ngebug mulu lag parah
4,Ranggi Rahfiyogo,1,2026-10-01 12:24:42,jelek banget sering bug leg
4,Cindy Ulvi Nabila Aulia,3,2026-10-01 12:21:31,apk lot banget padahal butuh buat ngisi lama banget banget banget baik dong
4,ardi pratama putra,1,2026-10-01 12:20:46,suka ilang ilangan buat main game sering ngelag imbangin harga makin imbangin dong
4,Fadhil,1,2026-10-01 12:20:11,paling buruk
4,Beny Bambang,1,2026-10-01 12:19:45,mytelkomsel lot
4,Roby Rohman,1,2026-10-01 12:17:04,buruk
4,Devi Andriansyah,1,2026-10-01 12:16:45,cik teh bli jlek banget sok perbaikin d jlek jelek teh
4,SRM PROJECTS,1,2026-10-01 12:09:52,lelet lot
4,Aziz Wahyudi,1,2026-10-01 12:08:50,lot ga tolong
4,Mega Marlina,1,2026-10-01 12:06:01,udah beberapa bulan sering banget signal hilang udah gitu bukan menit jam jam bahkan hari pagi baru signal udah mah sebentar trus sering masalah kecewa banget sih
4,Barudin 21,5,2026-10-01 12:03:42,taik lu mahal
4,Heriyanto 666,1,2026-10-01 12:02:06,restart aja paling lemah
4,kei arsen,2,2026-10-01 12:01:47,promo lebih murah dong
4,Irvan Syobari,5,2026-10-01 11:56:21,langgan tetap sdh 10 thn kurang lebih masa ga dpt prioritas promo murah paket internet terima kasih
4,Zonanya Oped,1,2026-10-01 11:56:10,hari rusak harga kayak siput lot sering hilang pulak jaring gara gara sering hilang jadi sering hancur dapat gw
4,Samsul,5,2026-10-01 11:50:04,luar biasa harga jangkau kualitas jaring mantap
4,Official Dii.,1,2026-10-01 11:45:29,oi malu lah sama kartu 3 udh bagus murah sama jelek sekali
4,M. Hadi,1,2026-10-01 11:44:11,sering ngirim pesan ga penting pesan langsung hp jadi aktif
4,ronald Mere,1,2026-10-01 11:42:27,besar 30gb lot kadang henti sendiri apk
4,Kusnul Khotim,3,2026-10-01 11:40:13,udah enak pulsa aman engga apk suka eror ga ngerti mau isi panjang masa aktif malah eror terus
4,evan marsel,1,2026-10-01 11:33:44,sy guna yg lama sekali sekarang sy benarbenar kecewa 1 lot sering buruk sekali 2 mahalmahal semua benarbenar buruk sekali sisa hilang hari 3 hari waktu bahkan saat hujan memang benarbenar sangat sangat sangat buruk sekali
4,Irfan Di,1,2026-10-01 11:32:43,kurang bagus suka biar pulsa isi
4,Upin &ipin,1,2026-10-01 11:30:46,ny busuk ga layak ga rekomen pakek
4,Putra Kulo,5,2026-10-01 11:28:32,adakan fitur ganti kartu yg hilang online lewat video call data grapari daerah cukup jauh
4,Agus supriyanto Agus supriyanto,1,2026-10-01 11:24:46,taiiii jelek perbaikin dulu provider min mahal2
4,Malik RanggaSaputra,1,2026-10-01 11:22:34,masa aktif jual harga mahal gk ngotak masa aktif cuman 28 hangus kuota klo habis lupa isi pulsa 10rb lama bgst lu
4,Marli Simbolon,5,2026-10-01 11:20:34,periksa berapa gb
4,Khka Wan,5,2026-10-01 11:14:09,bagus
4,RASS Danzz,1,2026-10-01 11:12:07,udah ga kaya dulu lemott harga kesini kesini tambah mahall kali kalo harga lancar lah iya kalo buruk percuma buang buang duit aja klo rating bintang 0 kasih nol
4,Kristal putih,5,2026-10-01 11:11:32,sangat keren sekali my
4,Arif Sunandar,4,2026-10-01 11:08:43,bagus
4,Hdyt Mara,4,2026-10-01 11:02:28,nice
4,Arie Suherman,1,2026-10-01 10:45:38,daerah parah hmpir sama sekali baik jangan daerah kota aja bagus bagus malu sama iklan
4,Aldi,1,2026-10-01 10:44:58,dikit harga langit pelit lawak banget
4,Tayu,5,2026-10-01 10:38:20,bagus
4,Wahyu Aji,1,2026-10-01 10:22:15,ganggu mana harga gak sesuai sama harga udah gb kecil
4,Wahyu Budiman,5,2026-10-01 10:19:35,alhamdulillah segala keluh dengar baik cs responsif
4,miftahul jannah,1,2026-10-01 10:14:12,baik lot banget my internet sakti lot banget dong baik udah kali kali tetap lot parah
4,alexa twailort,1,2026-10-01 10:13:15,sering keluar sendiri
4,Enjel Pai,5,2026-10-01 10:08:15,bantu cek nomor lalu mytelkomsel app ubah minimal beli
4,Threisje Mandey,1,2026-10-01 10:05:10,paling buruk restart hp segala jadi rusak gagal pakai operator rekomendasi semua operator kalau mau operator buruk cacat
4,Aura Mahdi,5,2026-10-01 10:01:25,good
4,Muhammad Yasin,1,2026-10-01 09:59:05,enggak jelas 2 x enggak bsa buka tiba2 keluar sendri
4,Eri Junaidi,5,2026-10-01 09:54:02,bagus
4,Asep Mulyana,1,2026-10-01 09:53:50,jadi lot update susah log in udah hapus lalu download susah log in payah
4,Samsung 7186,5,2026-10-01 09:50:19,
4,Iip Gojali,5,2026-10-01 09:48:37,layan cukup bagus moga makin seluruh
4,Arya Rakimin,1,2026-10-01 09:45:36,paket jelek
4,Arief Mulyadi,5,2026-10-01 09:43:48,sangat
4,Emilsalim,1,2026-10-01 09:42:50,promo ny mahal2 semua
4,Adlan Aska,1,2026-10-01 09:40:44,baca telkom sangat bagus harga gak guna sinyal jelek mohon baik
4,Anton Mstp,5,2026-10-01 09:27:20,sangat bagus
4,Abdi Setiawan,1,2026-10-01 09:23:59,ntah apa salah hilang timbul padahal lah
4,Raziq Hanan,5,2026-10-01 09:21:53,paket rangin gak
4,Fadilah Hasby,1,2026-10-01 09:20:05,kartu gajelas
4,Fera Syaputri,2,2026-10-01 09:17:54,no hp pake lama banget kasih promo lebih tarik harga sesuai promo sekarang terlalu
4,SAHRUL MAULANA,5,2026-10-01 09:14:57,sangat
4,Muh Sujadi,3,2026-10-01 09:13:55,gak rekomended update tambah lelet
4,Eeng Julian,5,2026-10-01 09:08:45,sangat bagus
4,Bambang Sujadi,2,2026-10-01 09:04:53,terlalu besar bikin hp lot
4,RAJA HASIBUAN,1,2026-10-01 09:02:45,harga sedikit kalau ngk niat pakai
4,Okta Via,5,2026-10-01 08:57:58,sangat mudah guna praktis
4,Jepriadi,5,2026-10-01 08:56:50,baik
4,Sindyclaudya05,1,2026-10-01 08:39:32,udah kalau terus harga jadi naik sekarang malah mau paket
4,Saiddt86 Dwi,1,2026-10-01 08:39:15,ga jelas keluarga yg ilang dah dinonaktifin ganti keluarga baru sekarang yg dinonaktifin malah aktif lah nnti bayar indihomenya jadi double apa gimana grapari cs ga jelas
4,Sabir Cess,1,2026-10-01 08:35:01,mantap sangat bantu
4,Muhammad gapit,1,2026-10-01 08:26:58,aplikasi force close mulu system promo sering isi pulsa tau update berat ga ubah
4,Irfan Pauji,1,2026-10-01 08:22:04,dong baik masa mo buka my keluar keluar sendiri mo buka gitu terus
4,sekolah,1,2026-10-01 08:21:55,jelas abis
4,Muhammad Fihir,1,2026-10-01 08:13:17,tolol mau bayar aje dulu padahal lancar engga jelas udh harga
4,Mahoni Onic,4,2026-10-01 08:08:46,
4,plafonpvc smg,1,2026-10-01 08:04:59,aplikasih berat busuk
4,Krisdianto Krisdianto,5,2026-10-01 07:59:02,baik
4,babat toman,1,2026-10-01 07:40:26,kaya mana telkom ga jls bngt
4,achi whaci,1,2026-10-01 07:35:26,masa laku 28hari harus kan akhir lahh akhir loyal aneh provider kocak
4,Belkis,1,2026-10-01 07:28:38,isi via my pakai qris tp ga masuk jg kuota udh lapor ga masuk jg lebih 24 jam
5,arif Wibowo,1,2026-10-01 07:27:23,buka
5,Suhandi Andi,1,2026-10-01 07:21:48,baru banget download masa iya eror banget heran
5,NightRess1913 Mc,3,2026-10-01 07:17:27,udah ga tau gw cuma mau ngomong sinyal rusak
5,Deni Mulyana,5,2026-10-01 07:14:39,kalah beuki beuki diri teh
5,Oga Irfan,3,2026-10-01 07:07:26,kesini aja yak padahal pake kartu zaman sekolah sampe sekarang langgan kesini ga sahabat harga sama nominal kuota
5,Dolvi Adrian,1,2026-10-01 06:52:35,parah betul internet blokir cm krna tdk byr darurat mau byr darurat harga data cm 15gb cm provider yg blokir internet 1 gara2 darurat blm
5,oktohaumeni okto,5,2026-10-01 06:48:00,sangat baik
5,Andreas Saputra,1,2026-10-01 06:41:24,coba dulu klo benar kasih bintang
5,Ole New,1,2026-10-01 06:40:12,miskin banget pulsa 5 ribu bayar blokir
5,Master Dewala,1,2026-10-01 06:38:03,ga jelas kemarin gw kasih saran hilang fitur hotel apa fokus pulsa sekarang muncul fitur belanja
5,Radit 276,1,2026-10-01 06:31:32,udah 2 kali trus udah bayar ngga masuk skrng
5,paa too,5,2026-10-01 06:29:58,
5,ferry ferry,1,2026-10-01 06:29:27,lot parah
5,Rangga20,2,2026-10-01 06:24:19,mau hp bagus apa buka app mytelkomsel lot
5,mhd Nasir,5,2026-10-01 06:23:59,bagus
5,Fhatir 241,5,2026-10-01 06:22:49,
5,bmt nurrahmah,1,2026-10-01 06:10:58,jangan sedikitsedikit keluar sendiri nomor sedikitsedikit login isi nomor sangat ganggu
5,Tita Sarika,5,2026-10-01 06:04:42,sangat arti bantu
5,Joko yulianto Yulianto,1,2026-10-01 06:04:34,kurang baik wilayah
5,MUHAMMAD FENDY,1,2026-10-01 06:01:52,update banyak complain bukan baik malah buruk coba sekarang telpon operator gak gak mungkin saking sekarang sangat buruk dulu memang paling juara pelosok kalau sekarang paling juara harga harga masalah sangat jauh belah jangan baik tinggal tunggu
5,kamit dy,1,2026-10-01 06:01:19,keluh
5,Arsa Hulu,1,2026-10-01 05:54:24,kau lag kali engga puas aku make udah beli nglag
5,Kantata Taqwa,1,2026-10-01 05:53:16,udah langgan bukan murah malah promo konyol banyak gak pakai kota busuk padahal utara sangat jijik busuk jijik oprator busuk
5,Raman Saputra,5,2026-10-01 05:42:54,kok aku mulai suka emosi pake my kualitas sangat lemah suka keluar sendiri ngak kayak gin kesini ngak jelas tingkat kualitas
5,Mussafir,1,2026-10-01 05:39:39,jelek klo mendung lot klo main ml suka jumping males bgt pantes aja xl jd juara no 1
5,Irull,1,2026-10-01 05:36:55,busuk pas mau ngisi susah banget buka aneh aneh kartu aplikasi busuk
5,alfryansah ryan,1,2026-10-01 05:19:15,kecewa rasa pertama bulan 80 rb bayar belakang eh nyata 2 bulan jadi mau bayar double gak pakai jd kartu jelek masa tenggang awal tinggal 1 blm pokok buat mau ganti jangan mau nomor riwayat hampir 10 th akhir sia rasa
5,Mahrus Effendi,3,2026-10-01 05:17:55,lumayan cukup bantu fiturnya
5,Pard Jaswan,5,2026-10-01 05:10:15,recommend
5,Fad'aq Ben Alwy,1,2026-10-01 05:05:40,ngelag terus mau paket
5,itha purnama,1,2026-10-01 05:04:34,selalu eror
5,Elo3000,1,2026-10-01 04:56:27,eh kalo pulsa masuk biasa apa sih error apa
5,Sinar Media Citra,1,2026-10-01 04:45:44,bagi2 asa tau gitu mending an axis
5,Zahrah Nakia Kalilah,1,2026-10-01 04:39:54,jelek banget aplikasi internet 4 kali gak dapet sekarang internet gak dapet saldo sedot iya lama lama ganti kartu biaya layan sampah
5,Hanchinmaru,5,2026-10-01 04:38:18,cukup baik
5,Dewi Moni,1,2026-10-01 04:34:32,kesini 50 gb 120 paksa kli pke iya ilang timbul
5,Dyaz Yuli,5,2026-10-01 04:32:19,bgus
5,Mustopa Opa,5,2026-10-01 04:30:59,baik
5,Endi idolla,5,2026-10-01 04:29:52,mantap
5,Supriadi Supriadi,5,2026-10-01 04:26:02,sngat batu mudah
5,Dandy Rizky,1,2026-10-01 04:24:39,paket kesini gak jelas promonya kalah saing sama promo jor jor an buat konsumen maaf jadi kasih bintang 1
5,Wahyu Sidik riyadi,1,2026-10-01 04:22:41,udah sering ganggu tolol
5,farid sukron,3,2026-10-01 04:21:54,harga internet makin batas waktu makin sedikit pulsa masuk2 bikin tambah malas langgan
5,Boydiky Humau,1,2026-10-01 04:14:23,apa iklan muncul buka aplikasi nih ganggu
5,Dede Nugraha,1,2026-10-01 04:05:46,e 2 hari gak stabil tiba2 ubah kualitas
5,Arjan,5,2026-10-01 04:03:57,sangat bantu laku transaksi
5,maryam qonitah,1,2026-10-01 04:02:53,asli lelet bgt eror mulu bapuk dah
5,Arry?,1,2026-10-01 04:02:29,bulan harga selalu naik jadi males mo sini
5,Ocvan Helmi,1,2026-10-01 04:01:01,ampas csnya lama kerja responsif
5,Denis Saputra,1,2026-10-01 03:51:42,suka ngilang paket tambah
5,Yap Senpai,1,2026-10-01 03:48:12,gak promo
5,Fishing Group,1,2026-10-01 03:47:05,sangat buruk
5,Yoga Hadi N,1,2026-10-01 03:45:23,bug parah
5,Didi,1,2026-10-01 03:45:05,sering ganggu hangus kuota
5,Maria Sari,1,2026-10-01 03:43:34,selalu error bayar
5,julian,1,2026-10-01 03:35:26,telkomsellll kapan kalian putus mk klo sisa bnyak tetap guna langgan masa laku gak 30 hari minimal laku 30 hari lahh kesel bangett
5,Boby Julian,1,2026-10-01 03:33:59,lot kadang eror
5,Idris Hasan,5,2026-10-01 03:23:39,baik
5,Hari Tio Prakoso,1,2026-10-01 02:54:40,provider tolol ilang ilangan putus mk kaga laku tolol
5,Wati Lisna,5,2026-10-01 02:52:26,wow
5,Nina Marlina,1,2026-10-01 02:31:33,parah lemah
5,Firman Syah,1,2026-10-01 02:30:47,cepat udah bagus stabil kadang susah padahal posisi dah kota wah si gw deskripsi bulan lalu 80gb full internet sekarang kok jadi mana youtube sakit ni operator
5,Ck Wijaya,5,2026-10-01 02:29:54,mantap
5,El Patok,1,2026-10-01 02:25:15,usaha lu banyak korupsi ngelag kali tahun tahun bukan tambah bagus malah tambah bikin asw gara2 lu jelek parah buat sering keluar sendiri patah patah buat masa ping sampe ajg bukan gw doang hp gw jelek gw gitu jelek parah sampe ganti yak telkom jangan cuma harga doang kualitas tambah jelek jujur kecewa gw
5,Ivaan Oglo,5,2026-10-01 02:14:27,murah
5,Rispiani Lht,1,2026-10-01 02:13:34,harga isi pulsa ubah harga
5,Maya Madyaningsih,5,2026-10-01 01:59:34,bagus
5,Ramona,2,2026-10-01 01:57:34,ribet mau ganti orbit aja susah my sedia menu buat ganti modem biar gak buka chrome
5,GD OPANJU,1,2026-10-01 01:55:40,emang paling bener indihome sama orbit beda udah 3 hari login error mulu bahkan udah grapari aja solusi
5,Bang Zein,2,2026-10-01 01:53:59,tarif koq naek terus harga tukar poin sering banget balas sibuk untung aja telepon bagus dong kasih lama kalo begini terus lama lama gw pindah aja lah ulas buat belum tahun 2016 sekarang 2026 lemah padahal kota harga capek bikin
5,Nuralil Fikri,1,2026-10-01 01:53:09,kalian hari sampah bgsd
5,Gerpaz Ganol,1,2026-10-01 01:48:11,kesini aja dasar lintah darat
5,Karol Rau,3,2026-10-01 01:40:24,super seru promo sekarang padahal bulan lalu 25gb males pakai
5,Albert,1,2026-10-01 01:32:30,lag
5,Yadi Collection,5,2026-10-01 01:24:21,siyal ganggu
5,tofanurfauzi Fauzi,5,2026-10-01 01:15:31,jos
5,phmi Mii,5,2026-10-01 01:04:50,promo murah mana
5,Kim,1,2026-10-01 00:45:29,aplikasi jelek susah buka loadingnya lama minimal kalo paket aplikasi bagus
5,Acep Anam,1,2026-10-01 00:45:17,tagih mah tgl 1 jatuh tempo kasih terus gilir sisa bulan kemarin gak
5,Beny Setiawan,5,2026-10-01 00:42:44,sangat pulsa
5,Atta dinata,1,2026-10-01 00:39:44,kartu paling buruk pakai udah suka jakarta lo masak suka hilang hadeh
5,Adhe Fox,2,2026-10-01 00:26:56,gak jelas
5,Dhea Bachri,5,2026-10-01 00:25:44,
5,Bapak Amel,5,2026-10-01 00:25:26,
5,Lira Firna,1,2026-10-01 00:15:49,gak usah download mau login aja udah kayak nunggu gilir udah masuk aplikasi keluar mau buka layan lain udah kayak antri perlu nomor aku sekarang udah 6 paket hari lemott harga gak otak kadang hilang mati lampu hilang hujan hilang terus guna poin apa yaa sekarang poin aku gak guna selalu notifikasi gak bs guna
5,Fort dexx,1,2026-10-01 00:14:58,harga gk sekali jual aja
5,Bang kayy,1,2026-10-01 00:13:58,ngeleg mulu pake main game nyesel aku isi
5,Awey Fufas,1,2026-10-01 00:11:24,sini harga ga ngotak
5,Jojo Lie,1,2026-10-01 00:11:02,sendiri pindah esim jadi kartu halo taik login jadi susah
5,Tawi jaya,1,2026-10-01 00:06:13,punya 2 kartu simpati banget yg satu boros luar biasa yg satu knpa beda yaa padahal 6gb buat minggu habis hari 4 pdhl hp cuma buat whatsapp doang gk kok boros udah mah boros nyebelin
5,robi umami,1,2026-10-01 00:04:54,lah baik sampek kapan lot terus telkomsell jelek banget telkomsell
5,Ratu Anisa,2,2026-10-01 00:01:30,kadang2 susah masuk
5,LaOdeFachriMuhammad,1,2026-10-01 00:00:13,lu
5,Budi Ampauni,5,2026-09-30 23:58:23,mantap
5,Mayang Musrif,1,2026-09-30 23:53:42,500gb harga rp 24 jam lebih masuk padahal bayar hasil kecewa sekali
5,Fathurosy Yustisiawan,1,2026-09-30 23:48:21,lama kualitas buruk harga masa aktif 28 hari terus
5,Valentino zacky,1,2026-09-30 23:48:13,jual apa nih susah jg
5,Densius Billi,5,2026-09-30 23:45:54,baik
5,Mochammad Mulyanto,1,2026-09-30 23:38:28,stabil login nge terus masa terus tiap mau login sini banyak aja bukan bagus baik
5,Fachri Maulana,1,2026-09-30 23:37:27,gada ajg mytelkomsel
5,Mujizah,5,2026-09-30 23:37:00,
5,Christinus Bagaring,5,2026-09-30 23:27:27,metode bayar 1 fitur dong kayak jangan metode bayar lalu transfer bank
5,Muhammad Aldi,1,2026-09-30 23:22:21,sangat aceh lebih perhati sini sangat parah jaring
5,Agus Cima,1,2026-09-30 23:18:52,apk buruk mental terus gak buka
5,Aqilla Ulyamoefidah,1,2026-09-30 23:12:39,harga data jelek kalo bintang nol kasih nol
5,Ikram Kader,3,2026-09-30 23:08:31,sekarang poin pakai buat tukar telepon internet poin bas ribu habis percuma tiap tahun
5,Sbr Sbr,1,2026-09-30 23:08:27,harga data banget data cepat habis jelek kalo bintang nol kasih nol
5,Muhammad Afif Al Irsad,1,2026-09-30 23:07:41,apa2an my aneh gk sih tim it kena aplikasi dr kmrn grapari asa gk yg aplikasi lot
5,Jessica Kang,3,2026-09-30 22:53:43,rasa sekali sama udah jadi langgan 1 lebih ganti nomer pake sekarang semua internet jadi 28 hari rasa korupsi minta sakti yg 30 hari nomer baru internet tetap 30 hari udah internet kasih waktu sekarang quota bikin angus tiap bulan aja udah kesel lah kasih contoh provider lebih
5,Andri Bono Rasta,1,2026-09-30 22:52:59,lot
5,Cona BSA,1,2026-09-30 22:33:28,sangat sangat jelek update aja lemotmau sangat sangat gitu harga internet makin
5,Itz Bibb,4,2026-09-30 22:33:20,aja aku voucher tetangga ku kalau habis padahal aku tinggal ulang loading udah ku deh
5,Franky Aja,5,2026-09-30 22:31:17,
5,Mhan,1,2026-09-30 22:20:46,tambah biaya internet indihome doble speed segala tulis gratis bayar bulan naik sama aja bohong padahal gk mau pakai doble speed langsung masuk
5,Hendrik Joe,1,2026-09-30 22:18:48,alas ganggu lebih malah
5,Suyatno,1,2026-09-30 22:13:50,tukang harga paket gak ngotak poin tipu vitur tukar
5,Arifin Zainal arifin,5,2026-09-30 21:43:12,cara mudah
5,Fuad Khoirul,1,2026-09-30 21:39:00,
5,Super Devhriant,1,2026-09-30 21:27:08,mohon maaf kok cepat banget habis jangan jangan korupsi jangan 28 hari habis tambahin 31 aja soal penting banget
5,Ery Ekklesia,5,2026-09-30 20:46:35,tingkat
5,Miko Haryanto,5,2026-09-30 20:45:42,mantap
5,Fery Purnama,1,2026-09-30 20:31:19,muncul 1 internet tulis muat ulang terus bulan padahal mau internet sy sdah pasti kali kali stabil sdah tutup paksa buka tetap sama muncul data apa mau beli
5,Badarullah Rizki Romadon,3,2026-09-30 20:28:43,mohon timbang pakai lebih mudah timbang beli
5,Ade Sopian,4,2026-09-30 19:50:20,top
5,Yusuf Choirudin,5,2026-09-30 19:38:22,good
5,Errenstin Embang,1,2026-09-30 19:27:56,jangan suka hilang doang
5,Khusnan Nazar (Nan),5,2026-09-30 19:19:03,
5,Arka Pbun,5,2026-09-30 19:10:33,
5,De Li,5,2026-09-30 19:07:04,
5,Siswanto Zaky,1,2026-09-30 19:03:12,komentar bintang 5 isi bot btw bener masa cs isi ai mulu buat orang asli lama minta ampun loh come on lah orang terus kok malah dimahalin ni mas kikir gua ga kikir lu dah orang tiap hari kikir aja gada udah kayak ngomong ama perintah aja
5,Ardy Nano,1,2026-09-30 18:38:30,lot akun gampang keluar mahal2
5,Mencari Recehan,1,2026-09-30 18:25:19,mlah gk bsa d buka mau buka mlah kluar sndiri lgi login udh kluar udh trus download lgi sma yg cman bsa 1 no lgi tu
5,OPENIUS HALAWA!!! 1,5,2026-09-30 18:12:27,keren ni apk semua serba gw kasih 5
5,Firman Slamet,1,2026-09-30 18:08:23,kek
5,Panda Ardiansyah,4,2026-09-30 17:59:25,perhati
5,Hardi,1,2026-09-30 17:55:33,app error ga cek udah ganti beberapa device jugaa sama error aplikasi
5,Ahmad Hrd,1,2026-09-30 17:51:06,paling paling jelek cek sering sekali hilang akhir akhir padahal pakai kartu lebih 5 tahun lama turun isi bulan jelek sekali lokasi kota barat
5,Riyan Hendrawan,5,2026-09-30 17:45:13,bagus
5,Maryana Tira Sary,1,2026-09-30 17:23:21,lucu udh sulit mau migrasi halo trus gilir udh nih migrasi eh gilir mau scan ktp cuma putih doank lapor tetep aja grapari ehh admin gue udh pake m3 mau migrasi aja susah bgd beda sma m3 langsung gk orang waktu buat grapari hari minggu kocak bgd lama2 udh paket mahal2 lot klo bikin apk nanggung
5,Nona Monalisa,1,2026-09-30 17:16:52,dong mau isi transaksi terus aplikasi selalu lot baik kadang kesel kalau isi lot kadang susah mau langgan dulu bukan diskon harga malah lama naik gak ngotak harga oke kalau lot banget harga layan jelek
5,Ahmad Yusuf,1,2026-09-30 17:05:06,kata rollover nyata tetep hilang
5,Onong Lavigne,5,2026-09-30 16:53:54,ga ngotak harga quota ga stabil kasih bintang 5 biar muncul atas
5,Padillah,1,2026-09-30 16:44:55,gajelas lu benerin aneh
5,Ezy Zy,1,2026-09-30 16:07:01,lot suruh baik malah yg suruh refresh udah bulan ilang ilangan 0 mutar mutar jawab
5,Akunba Ru,1,2026-09-30 16:00:26,selesai masalah online super seru via qris saldo keluar masuk buat lapor jawab pas tunggu 1x24 jam sedang kan saldo lenyap
5,Jafar,1,2026-09-30 15:51:33,jangan tampil stamp
5,Rudi Santoso,1,2026-09-30 15:42:19,buruk g ikut langgan pulsa q d habis gilir minta hilang langgan q g langgan g d bantu malah d sulit layan buruk baget
5,Hedar 90,5,2026-09-30 15:30:26,
5,budiman bradford,1,2026-09-30 15:23:57,bangke ni kelas punya negara layan bikin yg mudah langgan mau isi data aja susah buka anjay emang ni apk ntar tiba2 pulsa habis bangke bangke
5,Jansen Tanuartha,1,2026-09-30 15:23:25,gajelas selalu hilang signal cuma 1 batang patah bayar gada
5,Yusef Sopian,1,2026-09-30 15:21:17,gak stabil harga malah kartu apa mending pake kartu
5,NINGSI ZIDAN,5,2026-09-30 15:18:51,alhamdulillah
5,Heru Setiawan,1,2026-09-30 15:17:47,buruk pakai buat game online
5,Trisno Roebianto,5,2026-09-30 15:14:34,mytelkomsel masa aktif tibatiba kosong hangus mohon lebih
5,Wahyu cahzra,1,2026-09-30 15:10:10,parah tambah parahpercuma parah
5,Riki Putra,1,2026-09-30 15:05:18,force close terus anjeng
5,Renaldi Saefulloh,1,2026-09-30 15:03:37,makin hari makin aja jujur guna tahun harga makin padahal kartu lama jaring lot lelet makasih hari pasti pindah provider kartu lama kek aja
5,Asep Saepul m,3,2026-09-30 15:02:03,siyal sering leg
5,Salwa Tami,4,2026-09-30 14:57:28,cukup
5,Adam Tham,1,2026-09-30 14:54:20,ga baik kouta busuk buat yg baca mending ganti kartu jgn coba coba make telkomnyet
5,Ahmad Deden,1,2026-09-30 14:50:44,saran kan guna jaring sini ancurr mending pindah xl im3 lebih bagus sinyal kecewa pakai main game lain suka hilang kesini buka bagus malah ancurr riset tetap aja emng jaring jelek parah aja
5,Thomas Arisman,5,2026-09-30 14:44:41,sangat bantu
5,Dwi Arjuna,1,2026-09-30 14:43:30,lama kartu
5,emilia Dirayanti,5,2026-09-30 14:42:13,terimakasih atas fitur baru sangat bantu dulu lupa pulsa no mati antri sekarang aktifasi rumah terimakasih
5,Muhammad Maulana,5,2026-09-30 14:40:30,internet jangan hangus
5,Edi Bae,3,2026-09-30 14:30:10,lelet bgt
5,Kris laia,5,2026-09-30 14:25:14,harga dong
5,Teguh12widodo0123,3,2026-09-30 14:22:56,kemarin masuk hilang
5,Zikri Wahyu Prianto,4,2026-09-30 14:20:50,harga pangkas udah kayak perintah aja nih eh iya kan provider punya perintah gak heran si kalo gitu
5,KHAYAX GAMING,1,2026-09-30 14:15:40,
5,Ira Iriawanti,5,2026-09-30 14:10:35,
5,Andika Febrian,5,2026-09-30 14:10:14,jual telkom otak
5,Bagas Setiaaji,3,2026-09-30 14:09:14,tahun jelek
5,Zamzam Ubaidillah,1,2026-09-30 14:08:30,paket bngt
5,Bad boy Afk,1,2026-09-30 13:47:03,sisa 2 gb malah blokir internet gua cok pikir ga pake uang tunggu habis biarin mati aja kartu ngeselin cok segitu
5,Ken Bilal Azoka,1,2026-09-30 13:42:19,benerin kok tiap bulan udah ga jawab mulu bangkrut lu kerja bener jangan mau untung doang
5,Fatih,5,2026-09-30 13:39:29,
5,ejad,4,2026-09-30 13:34:16,telkom pas serius maen malah ngeleg bintang 1
5,《KING》 •ARS•,1,2026-09-30 13:30:11,sinya
5,Rizky Kasfriandi,1,2026-09-30 13:29:16,sampah
5,sales accgrosir,4,2026-09-30 13:29:07,oke
5,Daus Daus,1,2026-09-30 13:28:45,harga sedikit apa
5,Hendri Hndr,1,2026-09-30 13:25:34,kartu gk jelas banyak kali update yg bikin pusing lama lama kartu telkom ni bikin susah hidup org aja
5,Shaffy Annisa,1,2026-09-30 13:22:04,jujur aku buat murah cuma pas aku deskripsi ga sesuai aku minta saran veronika malah ga udah sama langsung malah ga ngebantu sama sekali
5,Syila Ilham,1,2026-09-30 13:16:32,asu udah ngeleg semua yahudi ga bener benerin malu tuh ama bukan buat benerin malah nambah gaguna apk apk lebih ngelag malah nambah parah
5,Jody Septian,1,2026-09-30 13:11:45,kek
5,Dadan Ramdan,1,2026-09-30 12:50:16,udah sinyal jelek tambah data makin saat ganti
5,Asep Ulumudin,1,2026-09-30 12:49:37,kalau mau isi sumpah
5,Ika merina,1,2026-09-30 12:49:01,suka ilang jaring padam ilang kalau hujan gin ilang timbul kadang cuma hari kadang tiba2 gak intrnet bikin suka hangus ga jd rugi lah daerah jgn kota aja
5,Sopian Heriadi,5,2026-09-30 12:46:41,banget paket
5,Muh. Ziqra' alhaj,5,2026-09-30 12:46:29,sengaja kasih 5 bintang biar lihat sampai kalau kartu sekarang mahalmahal sekian terimakasih
5,Raiden Ei,1,2026-09-30 12:45:34,woy kerja woy ngelag bgt ni buset tahun kapan gw komen kaga masuk nih lu ngelag bgt woy
5,Deni Supriatna,1,2026-09-30 12:44:22,jelek sering ngelag ga jelas
5,ayyubi chanel,1,2026-09-30 12:38:25,paling hancur paling
5,Muhammad Yusuf Al-Farizqi,1,2026-09-30 12:37:21,apk payah ngga bgt udh mh paket mahal2 sering ilang banyak apk
5,IFAN HARI SETIAWAN,1,2026-09-30 12:32:32,layan registrasi buruk layan mudah langgan
5,SARI DAL,5,2026-09-30 12:22:56,smoga
5,Visqy Parasdia,2,2026-09-30 12:16:12,internet sekarang parah turun naik lot
5,Abdul Fattah,1,2026-09-30 12:12:00,kata orang atas bumn halo mana
5,Neng Syiva,1,2026-09-30 12:10:39,udah putusputus sering update pulsa potong bilang guna data padahal data selalu 2 jam waktu habis suka force close kalo update balas kata memori emang memori sisa 70gb cukup buat serius wow sayang ga 0 bintang
6,Basuki Ongkowidjojo,5,2026-09-30 12:09:50,layan mantap
6,Aldi Ferdian,4,2026-09-30 12:06:31,mantap
6,Rinika A,1,2026-09-30 12:06:26,esim ga dapet qr barcode email konfirmasi cs ai bot terus hadeuh bikin sabar
6,Bgs APS,1,2026-09-30 12:02:22,tetap hangus masa aktif bukan 30 hari 28 jadi lebih harga sekarang cekik sekali sangat worth it rekomendasi
6,edi edi,1,2026-09-30 12:00:36,harga doang terus dinaikin jaring ti
6,Samsulbahri Dibonas,1,2026-09-30 11:59:56,layan parah jawab gak
6,H 13,4,2026-09-30 11:54:16,gak buruk cuma klw stop buat log out sendiri org nomor aktif tp udh log out aja nih apk akun yg
6,Ilham Lubis,5,2026-09-30 11:48:47,good
6,Muchsin Aza Ubaidah,1,2026-09-30 11:46:27,mu benerin ilang ilang mulu heran
6,Christina Simbiak,1,2026-09-30 11:45:20,kata kalo lunas darurat internet blokir lunasin pket mlh sama baik bikin emosi
6,Erwinedo Edo,5,2026-09-30 11:44:49,makasih
6,Mailaja. Ajamail.,1,2026-09-30 11:32:01,terima poin tukar kan y pesan
6,Cahyo Budi,1,2026-09-30 11:31:15,wow indihome by knp wifi sering internet bayar tagih gak pernah telat wifi gak becus banget
6,Julius Zebua,5,2026-09-30 11:27:42,jadi lebih mudah
6,Najwa Alfatharani,1,2026-09-30 11:22:28,ga jelas banget 4 hari lalu super seru deskripsi dapet premium wetv vision plus prime video cuma wetv ga dapet udah jadi 2 kali pertama aku chat wa ga dua aku mytelkomsel sama aja ga maju jangan begini terus dong aku wetv malah wetv ga dapet jangan sampe jadi 3 kali mohon
6,Revandi Pranata,1,2026-09-30 11:20:21,ngelek kali kontolll masak 2 ngelek terus malah ngelunjak
6,RIZAL ICAL,1,2026-09-30 11:19:39,kontoll jadi langgan pake poin refund poin refund ga kontoll emang
6,Posyantek Kotabaru Chanel,5,2026-09-30 11:18:54,bagus
6,FAM,1,2026-09-30 11:17:50,kikir
6,Ayu Tinting,1,2026-09-30 11:13:55,lot
6,arul 023,1,2026-09-30 11:12:28,harga internet sangat
6,Enjel Larosa,1,2026-09-30 11:07:56,dulu bagus banyak promo murah sekarang aplikasi berat error paket jugaa masa 4gb 7 hari 20 ribu 7gb 28 hari ribu masuk masa akhir paket baru
6,Hazkha Channel,1,2026-09-30 11:07:52,jelek buka bagus malah jelek isi 10 gb padahal ngeleg banget asu telkomtol bloon buat apa isi ampe byk klo ngelek bgt mh
6,fardhanesha syfah,3,2026-09-30 11:04:49,gampang buka justru berat banyak berat buka susah
6,Muhammed Haja,5,2026-09-30 10:56:57,bagus
6,Ravael Putra,1,2026-09-30 10:53:59,buset dah udah harga paket timbul ilang lihat komentar bawah buruk semua lah layan jaring aplikasi malah suruh coba ambil paket lain clear cache clear ram restart hp semua udah tetap aja masalah sama aplikasi masa iya dulu baru benah masalah nama mental
6,Nandr Nanda,1,2026-09-30 10:50:42,mulai jelek buat bulan tiba hilang jelass padahal apa plosok benerin dong
6,Adhyslank 07,5,2026-09-30 10:48:42,mantap
6,mrssriwahyuni Yhuni,5,2026-09-30 10:25:20,bagus
6,Elekjon Harianja,1,2026-09-30 10:25:05,gila isi pulsa masuk jelek stres
6,Naoval Ikhsan,1,2026-09-30 10:23:07,susah betul jaringn sedia terus
6,chanel apaini,1,2026-09-30 10:09:55,
6,Nofianti Nofiie,1,2026-09-30 10:08:23,gak jelass
6,Denis Purwanto,5,2026-09-30 10:07:44,sangat baik
6,Bariqrayyan Ibrahim,1,2026-09-30 10:06:14,paket serasa wifi gratis sekolah
6,Mas Akmal,5,2026-09-30 10:04:30,
6,Ran Li,1,2026-09-30 09:42:20,minta maaf aja tp tak ubah lama tahan belah lot utk internet nyari hati yg mau terima
6,Jagad Sprite,2,2026-09-30 09:33:31,makin hari makin tdk jelas jaring tiba langsung hilang padahal paket paling yg
6,Hitokanan,5,2026-09-30 09:11:16,mantap
6,Ahyat Art,2,2026-09-30 09:05:28,sangat berat gak stabil jaga pulsa kadang gak konsisten internet luar biasa jaringn 5g seluruh wilayah
6,Jelia Duwi Isnaini _036 B,2,2026-09-30 09:04:21,harga yg promo yg hari makin tarik pakai lama harga makin hadia
6,Ade Kurniawan,1,2026-09-30 08:57:44,telkom telkom 6gb malah kaga pake udah kepake cuma sampe 6gb pake malah pulsa sedot gilaa emang
6,Ramdhan Jayn,1,2026-09-30 08:54:37,ribet
6,Madina Dumai,1,2026-09-30 08:42:53,mati lampu ilang 30 menit mati lampu jaring ttp ilang baik dehh lo
6,Musa Sa,1,2026-09-30 08:28:59,tolol lah mau registrasi aja susah kali
6,Yusran,5,2026-09-30 08:21:06,sangat puas
6,Budi Serigar,1,2026-09-30 08:18:13,busuk
6,Eddi Junna,5,2026-09-30 08:09:20,muas
6,Adinda Dinda,5,2026-09-30 08:07:41,
6,Sar Wadi,1,2026-09-30 07:59:57,bobrok hadeh gak kayak dulu
6,Muhammad Ahza Munawar,1,2026-09-30 07:59:27,kan pakai internet buat main terus kok suka ilang2
6,Nurul Hikmah,1,2026-09-30 07:53:17,eror tiap minggu update gak buka tiap bulan
6,Machfudz Iphone,3,2026-09-30 07:51:26,suka keluar sendiri sungguh kecewa
6,hasan biotank,1,2026-09-30 07:36:51,ganggu indihome susah buat open tiket sekarang susah sekali open tiket ganggu indihome oke pake ai banyakin dong kirim otp suruh ngapain gada tlp call putus otomatis sambung
6,Dinara Kribo,1,2026-09-30 07:22:24,lama tolol registrasi kartu susah minta ampun
6,Ardho Rahmanta Putra,1,2026-09-30 07:20:27,mahal2
6,Sawalikal Mahluli,3,2026-09-30 07:19:30,dulu aku suka pulsa langsung mytelkomsel karna sangat mudah biaya layan tinggal dana sekarang ribet anj dana udah my pas mau bayar suruh scan qr qr jujur ribet anj kalau dulu bintang 3 mungkin terobos baru app sayang terobos reng bos
6,afrian topit,5,2026-09-30 07:08:27,mantap
6,Alfin Nur,1,2026-09-30 07:03:52,harga puki padahal bukan daerah plosok ajg ajg
6,Fajar Azhari,1,2026-09-30 06:47:42,mahal2 kualitas sisa proses perut
6,Reviewqquuu,1,2026-09-30 06:37:32,pusing tiap buka mytelkomsel terlalu banyak semua jadi satu semua 1 halaman harus apa 4 yg aktif harus 1 halaman khusus 1 nomor plus gak penting pokok tampil aplikasi sekarang masa aktif quota jadi 27 hari dulu 28 hari malah jadi 27 hari padahal kata 30 hari
6,Ircan LBH,1,2026-09-30 06:27:02,sebut cocok beri bintang satu
6,Deva alfiandivadca,5,2026-09-30 06:25:54,good
6,Lando Prayoga,1,2026-09-30 06:10:08,login makin hari makin buruk nyesel pakai harga sesuai harga
6,Alzaky bintang Yacub senawi,1,2026-09-30 05:47:06,woi jadi orang ga usah maruk lh masa tadi 5 gb 14 hari jadi 5 gb 7 hari mana boros apk kikir
6,Firman Apriyanto,1,2026-09-30 05:40:02,jelek ilang sama ilang timbul klo gk mau baik gk usah buka usaha tutup usaha kalian
6,Hajman Abdul rizaldi,5,2026-09-30 05:39:21,sangat bantu
6,Nadia Vega,2,2026-09-30 05:31:43,sangat baik
6,Sahid Saipul anwar,1,2026-09-30 05:30:12,bagi2 utama padahal masyarakat gak terlalu butuh banyak pakai
6,Annie Siswohardjono,3,2026-09-30 05:29:54,bulan dah kali jelek terus jaring
6,Wong desoo Desoo,3,2026-09-30 05:26:00,coba
6,Na'im Zabbagh,1,2026-09-30 05:23:07,berat gak jelas cuma aja gila berat banget
6,Tan Xilyo,1,2026-09-30 05:10:33,harga mahal sinyal suka jelek
6,FAKHRI FAKHRUDIN,5,2026-09-30 05:09:22,terima kasih my atas mudah akses internet guna butuh internet
6,Norman AP Pakpahan,5,2026-09-30 04:52:24,bagus
6,Wili Tnomel,2,2026-09-30 04:50:04,loyal info kartu lebih
6,Didik Susilo,5,2026-09-30 04:30:02,sangat bantu
6,Hamba Allah,1,2026-09-30 04:23:16,busuk mau blokir guna wifi gak muncul
6,Adi Hernawan,1,2026-09-30 04:23:10,ajg
6,harry utama,5,2026-09-30 04:15:47,
6,Budi Hartono,5,2026-09-30 04:07:53,baik
6,Duda Pirang,1,2026-09-30 04:02:28,doang ngeleg
6,Suci Adiwardana,1,2026-09-30 04:01:26,peket
6,Indra Oi,1,2026-09-30 04:01:24,lama ny ga urus data sinyal busuk beberapa kali main game online mulu
6,may 0012,5,2026-09-30 04:00:19,bagus
6,adi wibi,1,2026-09-30 03:58:38,baik buruk sekali kelas wa gimana apk berat kalau bagus sinyal ganti b5
6,"Akh. Jumiadi,",5,2026-09-30 03:49:22,
6,Taufik Alkarani,1,2026-09-30 03:46:44,harga naik gila kecil harga 28 biasa 25gb sekarang ganti provider
6,idjang soetikno,2,2026-09-30 03:44:31,bagus
6,Akhsana Naufal,1,2026-09-30 03:41:23,lot
6,Winda Gustiana,1,2026-09-30 03:32:12,woy sih lu buruk bangett jangan deh ni dah harga paket minta ampun nonton aja loading mulu main game online ngelag parah udah sekali ngelag
6,mas dicky05,1,2026-09-30 03:25:52,doang lot
6,Marny Serafina,1,2026-09-30 03:23:24,sngat buruk suda parah biar kota kasih merah trus
6,zri,5,2026-09-30 03:19:08,bagus
6,Rahmandani Johanda,5,2026-09-30 03:16:52,mantap
6,Elvano vano,1,2026-09-30 03:12:54,terlalu batas 28 hari sisa banyak makan ambil nama korupsi
6,Shakira Foster,1,2026-09-30 03:04:25,lama kartu dah pakai lebih bukan murah malah aplikasi ga jelas buruk ganti kartu bye
6,Alfian Sanak,5,2026-09-30 02:59:05,terlalu
6,santoso adjha,5,2026-09-30 02:57:47,sangat
6,Muktar Ryan,1,2026-09-30 02:57:02,susah sangat nyaman pakai provider mungkin kalau nilai aku pilih nilai 1 provider aja in sangat sulit
6,M Nabil,1,2026-09-30 02:52:57,busuk
6,Aku Jawa,1,2026-09-30 02:46:25,sangat rekomendasi harga terlalu tawar selalu lelet ngelag signal daerah update manfaat harap langsung apk
6,nopianto,5,2026-09-30 02:46:03,baik
6,Ratna Djuningsih,2,2026-09-30 02:41:42,lot suka nyangkut
6,Alisha senja Nismara,1,2026-09-30 02:34:44,bodoh tolol gajelas gua isi pulsa 50ribu ga masuk njing gajelas bgt ni bodoh tolol gua udah lunas data gua hutang tpi udh pas hari gua pulsa 50ribu kagak masuk njing tipu
6,Eko Jufram Wahyudi,1,2026-09-30 02:32:35,harga konsisten
6,Ainun Shofy,5,2026-09-30 02:24:47,dah
6,Masa lalu,5,2026-09-30 02:24:45,sengaja kasih bintang 5 biar atas internetnya udah terlalu ken pindah
6,Hadi Winarno,1,2026-09-30 02:13:49,mk nih sisa hangus nih kata rollover bohong lu
6,Ubay,1,2026-09-30 02:07:22,udah gak perintah harga pulak sering
6,Ray Wardani,1,2026-09-30 02:03:14,mau top up game aja susah semua udah bener aja bilang salah apk sampah
6,Farkah Sultan,1,2026-09-30 01:53:05,mau data pakai pulsa kok ga silah coba balas kalau ga niat promo flash ga usah lah lama gajelas aja layan
6,Dianita Sarah Janu,5,2026-09-30 01:47:50,woi lah in this malah ngelunjak harga lu parahhhh
6,uptppd kasongan,4,2026-09-30 01:36:52,
6,andhika,1,2026-09-30 01:34:57,apk jalan buruk berat buka performa kualitas beda sedikit langsung eror utama sistem bayar
6,desya putri,1,2026-09-30 01:29:35,tambah kesini tambah gak jelas nih mau gak darurat langsung busuk aja malam sampe pagi jam hari akhir pake busuk
6,setiawan hendri,3,2026-09-30 01:28:49,pas paket data pulsa udah potong paket data baru masuk beberapa menit kemudian sinyal sering ilangan masa ruang kalah sama provider yg sekalipun ruang
6,andi sumange lipu,1,2026-09-30 01:23:13,jaring jelekkkk banget penting
6,Tarlim,1,2026-09-30 01:16:45,ribet
6,Kiki Kandu,1,2026-09-30 01:05:47,sekarang baru muncul my knpa nomor my login akun orang yg muncul nomor sama sekali login lewat my salah yg jadi ad apa my
6,Melki Teya,5,2026-09-30 01:04:45,
6,Rahmat Achyar,1,2026-09-30 00:55:57,internet
6,sɪʟᴠᴀ ғᴠɴᴋʏ ❶,5,2026-09-30 00:48:17,oke sedia mana wkwkw
6,kus yanti,5,2026-09-30 00:46:55,my sekarang ssh buka selalu eror bahkan kemaren aku pke wifi beli my susah minta ampun selalu keluar sedang loading mau buka paket data muncul tulis padahal wifinya kencang ayo baik make no simpati sdh lebih dr 20 thn sayang klo pindah
6,pras santoso,1,2026-09-30 00:40:30,kata habis masa aktif gak hangus
6,Bagus Saputra,1,2026-09-30 00:24:38,eh kalok bikin kartu yg jelas setan jangan lu aja orang gaje banget
6,Polycarpus AF,1,2026-09-30 00:22:27,mau masuk
6,Agus Qirun,1,2026-09-30 00:20:20,gak stabil
6,ana agung,5,2026-09-30 00:12:02,puas
6,Lutfi Zulfikar,1,2026-09-30 00:09:23,ribet udah liat yg mau beli pas isi pulsa paket malah ga jadi 2 kali isi pulsa kalo ga nanggung udah dipake akun males pake telkomnyet
6,Dicky Steven Nailo,1,2026-09-30 00:03:57,ngeleg bgt ni kntl
6,Usaru Laode,5,2026-09-30 00:02:47,mantap
6,Muhammad Abib,1,2026-09-29 23:54:34,apk loyal pakai tahun tahun dinaikin harga internet kek tel tel
6,Pengguna Google,1,2026-09-29 23:45:28,lot banget padahal sia sia
6,icijou raku,1,2026-09-29 23:45:21,isi pulsa 150 rb masuk rb terimakasih
6,Willson Tunner,1,2026-09-29 23:44:13,makin eror masa aktif kartu aku september koq malah masa aktif habis memang kartu eror bangat bagus kartu tri gak ribet gak susah makin buruk padahal guna lama hampir 20 tahun
6,Afikvidianendrik 22,5,2026-09-29 23:38:16,murah
6,coffee addict,1,2026-09-29 23:36:58,kalah sama tri indosat bukan baik malah buruk sekali jaring
6,Robian Hapid,5,2026-09-29 23:33:43,good aplication data
6,Juli Safwansyah,5,2026-09-29 23:32:56,
6,Awan Suryanto,3,2026-09-29 23:24:45,terlalu berat lot
6,Ewen chanel,3,2026-09-29 23:22:52,selalu jalan latar belakang buat habis cepat sy jadi baik
6,Rahmat Alamsyah,1,2026-09-29 23:20:13,aplikasi udah bagus sayang ga buka sama sekali perangkat sekarang malah ga qris bank ribet ga
6,Saepul Ma'rup,2,2026-09-29 23:11:57,semenjak harga data sini ga ngotak harga kartu gue jadi masa tenggang krna ga pernah gue isi pulsa
6,x x,1,2026-09-29 23:09:18,telkom gak jelas isi pake data pake qiris gak masuk jam qiris pake loh gimana sih
6,Fajri Fajri,1,2026-09-29 22:59:14,bangat gak kayak dulu enak pakai
6,Rudi Ardiyansah,1,2026-09-29 22:53:51,ga suka sekarang selalu data jadi ga internetan
6,Pengguna Google,1,2026-09-29 22:42:53,udah niat uninstall app mytelkomsel dulu tp soal kadang suka checkin buat stamp hadiah sekarang malah gak klaim meski udh checkin bulan the last buat ngeselin banget jujur apa bagus kartu data paket lot gak pakai buat main game mulu selalu pakai kartu belah buat paket mungkin alas kartu kartu lama nyambung akun akun penting
6,Fighter,5,2026-09-29 22:41:15,atur stamp hadiah apa
6,Sukri Adi,5,2026-09-29 22:40:36,sangat bagus kalau sering sering harga diskon
6,Alianus wenda,5,2026-09-29 22:27:08,bagus sangat bantu
6,nasurono 128,1,2026-09-29 22:17:00,promo laporin parah
6,Iyan Aliansyah,5,2026-09-29 22:08:15,jangkau mana mana
6,Achdan Zahid,2,2026-09-29 22:04:46,bet
6,Nalaratih Wardhani,5,2026-09-29 21:27:02,mantap
6,romavis romvis,5,2026-09-29 21:01:42,
6,Herisusilo Susilo,5,2026-09-29 19:54:37,puas layan
6,Edo Soedarwan,2,2026-09-29 19:52:40,dong jgn tiap hari pulsa jd pulsa
6,Eka Kepel,1,2026-09-29 19:35:40,35 gb cuma masuk 7 gb lapor 1x24 jam ga jelas sangat buruk
6,Aditia putra Nurohman,1,2026-09-29 18:50:10,korupsi sini jelek
6,Dijah Wahab,5,2026-09-29 18:22:07,mantap
6,David AP,1,2026-09-29 18:11:22,maling sisa 8gb hangus padahal putus mk jelas dasar maling
6,Suarti,1,2026-09-29 18:09:32,jadi ribet masuk pake kode otp
6,Prayogo Yudhiantono,1,2026-09-29 18:08:20,percuma
6,Iqbal Elsyarief,2,2026-09-29 18:04:00,aplikasi tdk coba
6,M sahlan Sahlan,1,2026-09-29 18:02:12,ko dulu koneksi internet mu data malah ngelek kali
6,andik prasetyo,3,2026-09-29 17:44:35,penuh isi bikin bingung paksa semua
6,Fikran Motor,1,2026-09-29 17:38:52,ny kecewa sama mu buruk
6,Bramm 33,4,2026-09-29 17:37:29,baik
6,Auli Stanza,5,2026-09-29 17:25:20,
6,alif manday,1,2026-09-29 17:06:58,baru isi 10gb tgl 24 masa aktif 28 hari baru 6 hari 0
6,Muhammad Taufiq,1,2026-09-29 16:50:50,masa aktif nomor ga nambah
6,Dedi Wahyudinata,1,2026-09-29 16:48:42,sesuai jumlah benar update kecewa tiba2 habis penting isi bukan 3g
6,Akao012,1,2026-09-29 16:45:12,kartu tel harga kualitas gk mending tanya tukang soal csnya semua pertama ai gilir csnya langsung malah chat cepat balas chat template
6,Catur Trinawa,1,2026-09-29 16:44:27,apk kontoll
6,Ferri Bos,5,2026-09-29 16:37:37,mantap
6,Fahmi Saeful27,2,2026-09-29 16:29:06,knpa jelek bgt sinyal
6,Ilham muhammad,1,2026-09-29 16:26:22,kan harga kualitas malah harga kaga kualitas harga sering masalah
6,Selvianus Gabriel,1,2026-09-29 16:14:14,udahh mau kota nda internetnya mulai murah
6,Gojali,5,2026-09-29 16:12:19,oke ku tes
6,Diki Rohadi,1,2026-09-29 16:01:36,d kota ngleg kek d doang
6,Ibnu Qmr,1,2026-09-29 15:58:05,woi ajg ku ga timbul
6,Ego Siki,5,2026-09-29 15:48:06,
6,Andi Wahyudi I.,2,2026-09-29 15:45:46,buka stamp hadiah langsung solusi
6,Raska Pratama,1,2026-09-29 15:44:11,kwalitas kayak anjeng harga
6,Dokter Phone cell,5,2026-09-29 15:41:14,baik
6,Nur Salman,3,2026-09-29 15:39:59,ai admin bantu selesai masalah seperti langkah datang langsung grapari jadi baik
6,Maulana Akbar,5,2026-09-29 15:38:09,
6,Avenged Seventeen,1,2026-09-29 15:38:07,harga lah masa kartu lama malah kalah sama udahlah ga stabil harga ga worth it
6,Wahid Nur,1,2026-09-29 15:34:45,perbaikin jaring jangan cuman doang busuk
6,Sony Mancunk,1,2026-09-29 15:25:00,bintang 5 turun bintang 1 bonus tarik untung komplen konsumen jaman pakai cara lama cari untung provider nomor 1 nih boss
6,Yan ia,1,2026-09-29 15:09:20,doang kura kura lambat
6,shofi,1,2026-09-29 15:00:23,lu jelek bngt kesini deh kata gue udahlah harga gak lancar internet
6,Ilham 1105,1,2026-09-29 14:55:10,harga data jaring kaya
6,Miah Miyah,5,2026-09-29 14:54:50,nyebelin banget jelek susah mana lama guna kartu harga bukan diskon error terus pulsa kadang kadang abis sendiri
6,Ichsan Maulana Muhamad,1,2026-09-29 14:53:41,buat lu mau paket terus mau milih mending jangan dah udah harga naik mulu bukan paket dinaikin malah rangin kuota wkwkwk layan esim eh pas beli tinggal registrasi doang malah sistem sibuk wkwkwk udah gw coba kali kali sistem sibuk bre bre kalo kaga registrasi esim gimana cara bloon sekali kaga usah dah udah beda jaman dulu bagus sekarang gaje
6,Arjuna Maramis,1,2026-09-29 14:53:10,kikir harga tiba tiba naik drastis ampas
6,M. Alhaq Badruzzaman,1,2026-09-29 14:45:08,sinyal gk jelas selalu hilang kalau gak niat buat tutup aja
6,maskur rafka,4,2026-09-29 14:43:44,maaf kok aplikasi buka
6,apip suka chocolatos,1,2026-09-29 14:43:39,komplen apk kendala apa min ko belakang selalu ga stabil jadi kurang nyaman buat guna hari guna dri baru kali kendala bener mohon kalo baik min jaring karna udah ngelag kan gimana gitu min mohon kerja sama yg baik
7,Muhammad Fahril Apriansyah,1,2026-09-29 14:38:56,pilih tsel gak pilih mahal2 kalo bagus mah udah mah pilih tetep aja kualitas mana boss
7,Vo do,1,2026-09-29 14:36:16,lu wa jelek bgt lah kasih paket busuk
7,Ayl “yati” 11,2,2026-09-29 14:34:51,pulsa darurat blm bayar harus jangan main ganti baru kl main blokir
7,Ical Haikal,4,2026-09-29 14:22:18,bagus
7,Segara,2,2026-09-29 14:20:45,provider busuk apa ga mana harga
7,Sano,1,2026-09-29 14:19:08,bug
7,Nyoman Soerabratha,5,2026-09-29 14:16:22,tingkat koneksi internet
7,Arya Wijaya Kusuma,5,2026-09-29 14:09:48,aku sangat my jelek ngeleg terimakasih
7,Rheza Robiansyah,1,2026-09-29 13:55:46,
7,Fhin,1,2026-09-29 13:55:44,lot cepat internet lebih cepat wifi cepat cuma operator 3
7,Serli ayu Nur laila,1,2026-09-29 13:53:36,2x cuma masuk nomor
7,om Rivky,5,2026-09-29 13:52:56,good
7,putra saputra,1,2026-09-29 13:52:28,tadi pagi jam 2 3 pagi dapat sms internet blokir jadi hari mau minta pihak kait tanggung jawab
7,19_019 Ezri Nainggolan,1,2026-09-29 13:52:10,sale 20 gb rb sama sekali ga guna apa mana solusi tanggung pake duit beli bukan gratis
7,Wawan Setiawan,5,2026-09-29 13:42:15,kadang lot
7,Sikopat 2525,1,2026-09-29 13:40:16,dah bayar mahal2 ampas konyol
7,Rizky 29,1,2026-09-29 13:37:33,bnyk bug ni ngirim pulsa k nomor malah masuk k nomor sendiri aneh balikin uang gua
7,Hamzah 93,5,2026-09-29 13:35:48,bagus
7,Rohmat Ali Fauzi,1,2026-09-29 13:34:45,jelek banget jaring lapor cs percuma pake ai ga jelas
7,Assa syahnul Azhar Ramadhan Sitompul,1,2026-09-29 13:30:34,apk selalu lag kondisi apa padahal selalu bagus apk sampah
7,defik Andik,2,2026-09-29 13:29:40,mau pulsa eror pulsa makin lama makin sekarang kurang bagus
7,Khoirul Pahmi,1,2026-09-29 13:25:42,busuk busuk korup aja banyakin
7,Thohir Musthofa,2,2026-09-29 13:24:32,bug
7,Liana Saputri,1,2026-09-29 13:22:41,baru nelpon detik aja langsung sedot pulsa parahhh harga
7,JOGETS,1,2026-09-29 13:20:25,siapa sih yg bikin yg bikin orang bego
7,Naya MQ,1,2026-09-29 13:14:40,rugi krn pulsa sering potong krn masuk sms tawar yg guna
7,Galuh Apriansyah 29,1,2026-09-29 13:12:13,kartu menang doank kualitas gada paket aje ngelag bet
7,Danis Ahmad,4,2026-09-29 13:09:06,sekarang jaringanya bagus dulu
7,Oh iyo Iyo yo,3,2026-09-29 13:04:48,hari ny
7,Nabil,5,2026-09-29 13:03:11,bagus sekali
7,Azep Rukmana,5,2026-09-29 13:00:47,data jadi lebih mudah jangkau
7,JRi,1,2026-09-29 13:00:33,ampun bener skrg harga data sdh klu lg suka pusing
7,Devin Streets Attacks,3,2026-09-29 13:00:00,sih ngelag loading mulu lag dong baik enak enak nonton lag loading udah file hp sampe hp aja
7,izhan •,1,2026-09-29 12:59:55,tolol ni mau login suruh registrasi kartu kartu udah registrasi tolol
7,Yohanes Maran,5,2026-09-29 12:59:12,
7,Munawir,1,2026-09-29 12:54:15,apa mana tetap ga jamin lancar lah contoh mytelkomsel
7,Putra,1,2026-09-29 12:53:48,ngeleg pulsa 30gb masa hilang langsung kosong harga ga ngotak 50ribu 15gb diskon kata diskon bikin kesel 50ribu aja
7,Ijam Ijam,1,2026-09-29 12:49:01,buruk semua provider sungguh kecewa hilang hilang sia sia mahal2 guna pihak kalian baik jangan kalian mau makan uang langgan layan kalian buruk suka hilang hilang provider apa kayak gin
7,Muhamad Andri,2,2026-09-29 12:45:43,gak login
7,Esa Purnama,1,2026-09-29 12:45:14,siapa ngasih isi scan barcode klo bsa scan nama punya bodoh
7,Wadaw GGWP,1,2026-09-29 12:39:36,udah 4 tahun make mytelkomsel dulu harga murah besar besar sekarang lama baru aja kemaren isi 10 gb sekarang udah dinaikin aja jadi 45k produk sama padahal dulu isi 45k udah 14 gb lah jangan dimahalin terus
7,Miftakhul Jannah,2,2026-09-29 12:39:13,langgan mlh
7,Doharlin Simanullang,5,2026-09-29 12:35:47,mantap
7,Algrita Syakira,1,2026-09-29 12:33:19,parah besar menu bikin bingung mau lapor indihome aja susah
7,Didi Didi,5,2026-09-29 12:29:33,makin lama langgan makin harga
7,Dhea Apwnadiya,1,2026-09-29 12:29:31,kembali
7,Za Achwan,5,2026-09-29 12:29:17,macet macet
7,Erwin Wu,1,2026-09-29 12:28:27,woy harga lama aja masa ribu cuma gb pelit aja dong harga paket buat lebih masuk akal
7,Yusuf -,1,2026-09-29 12:25:48,kek anjg tpi harga langit
7,Syahrul Ramadhan,1,2026-09-29 12:23:04,evaluasi baik apa kurang bukan tingkat kualitas malah dulu mana jelek tambah jelek banget sekarang kecewa
7,Pa Yumi,1,2026-09-29 12:21:32,sih paket data banyak 165 gb gak pakai padahal lama tanggal 5 oktober baru habis hampir 1 minggu lebih mau jangan bikin orang guna gantung kayak gin padahal harga paket data naik tetap pakai kartu bikin orang emosi aj sumpah gak jelas minta baik data data habis terang data habis lain padahal byk 165 gb
7,Indra Mulyana,3,2026-09-29 12:21:15,harga kualitas
7,Samurai 84,5,2026-09-29 12:19:44,puas
7,Muhammad Ferdian,1,2026-09-29 12:15:51,
7,Muhammad saiful,1,2026-09-29 12:12:56,klo lebih rendah bintang satu pilih klo kuota guna baru kasih bintang 5
7,risky idul,1,2026-09-29 12:11:37,aplikasi berat sering keluar
7,Dadank 11,1,2026-09-29 12:04:06,lapor ganggu indihome tdi cuma proses proses layan payah bukan dlu
7,Tata Rega,3,2026-09-29 12:02:56,promo banyakin
7,Reza Syahdianto,4,2026-09-29 12:01:11,minimal harga jangan terlalu
7,Jevi To,5,2026-09-29 12:00:35,oke
7,Muhammad Badali,1,2026-09-29 12:00:10,knpa g gua pagi tadi sampe malam ga ubah 4g
7,Fendy Oncel,1,2026-09-29 11:58:59,sangat sangat buruk
7,Ronald Ananda Setiawan,1,2026-09-29 11:55:18,najis lelet bgt harga kenceng si ga masalah lah udh 28hari lelet najis
7,Valleri allen354,1,2026-09-29 11:52:14,harga kouta nga ngotak gilir pake kouta lelet kaya taik buat liat youtube aja loding lama nga pake pindah aja pake m3
7,Anwar Aster,5,2026-09-29 11:41:47,oke
7,Obom Lampung,1,2026-09-29 11:37:52,knpa taikkk
7,Tuntung Sungai,5,2026-09-29 11:36:44,sangat manfaat
7,Wahyu Hasbullah,1,2026-09-29 11:36:37,banyak iklan bikin berat
7,Verci Baneno,4,2026-09-29 11:34:38,bagus
7,Fadil_ 0288,1,2026-09-29 11:29:20,oprator tolol youtube pakai nonton youtube kepake malah utama telkom tolol
7,Markus Caho,1,2026-09-29 11:27:18,provider paling bikin stres bikin hp gara gara emosi jelek ku mau buka youtube loading terus
7,Diki Eka Prasetia,1,2026-09-29 11:26:36,nge game bantu bahkan guna sama sekali
7,Rifan Oye,5,2026-09-29 11:22:01,sangat baik
7,Gilbet Angkat,1,2026-09-29 11:10:44,ngeleg ngeleg pas main ml pas nonton gak ngeleg gw jadi gara gara leg
7,Ayi Komarudin,1,2026-09-29 10:52:21,busuk kata akses gratis buka aplikasi butuh fitur stamp masalah solusi lambat tgl 13 sampe sekarang tanggal ubah bikin lapor yg bot semua via sama aja gak becus tipu peras tolol
7,Ivan Andre,1,2026-09-29 10:48:11,kesini jelek rakyat terus
7,Halawa November,1,2026-09-29 10:48:04,kurang bagus
7,Damar,1,2026-09-29 10:44:56,ganti ganti mulu anj
7,Mike West,1,2026-09-29 10:42:16,terlalu lambat pulsa
7,Puput Chipo,5,2026-09-29 10:41:37,banyak promo tarik makasih
7,Deni Alfian,5,2026-09-29 10:38:53,
7,Muhammad Bakri,5,2026-09-29 10:38:36,bagus c
7,ari wibowo,1,2026-09-29 10:23:36,paket banget sumpah
7,Achir Muda94,1,2026-09-29 10:21:03,bikin emosi pas main game jadi kalah nyesel pake sdah mahal2 gak
7,Rudz X,1,2026-09-29 10:20:43,internet makin buruk kalau malam hari meski 2 kota besar lot parah
7,n n,1,2026-09-29 10:19:56,normal makin setia makin untung segi harga layan kualitas aneh buat bijak manusia punya hati yg makin setia guna makin ngelunjak kasih harga gak layan kualitas makin buruk
7,Eko Aji,1,2026-09-29 10:17:26,tiba tiba tagih pulsa darurat ribu siapa pakai
7,Muhamad Al gifari,1,2026-09-29 10:07:59,pulsa 25k gue gue uda kuota kaga masuk
7,Idhaar Steel,1,2026-09-29 10:03:08,baik masalah
7,JAMAL jamal,5,2026-09-29 09:56:37,baik
7,Imam Fauzi,1,2026-09-29 09:54:11,kartu banyak sekali spam notifikasi sangat coba stop spam masuk akun muncul sangat kartu banyak sampah spam bank lah banyak sekali internet berapa spam notifikasi sangat luar biasa banyak sampah
7,andri agriyana,1,2026-09-29 09:45:57,pakai taun nomor ga pernah ganti karna ga keluh banyak sekarang ko jadi gin signal lot kadang2 lama trus mahal2 jauh mungkin pindah
7,Farid Adr Robby Al eyyubi,1,2026-09-29 09:45:09,sering naik harga kualitas jaring tetep jelek buat apa harga kualitas lelet gausah lu suruh chat cs gw selalu chat cs tetep aja sama jaring jelek jelek harga kualitas kalo telkom mah harga ga kualitas
7,Ilham Q,1,2026-09-29 09:35:03,jelekkkk
7,Thomas Hariyanto skep ns,5,2026-09-29 09:25:01,u daerah daerah jaring hilang timbul apk kadang lot kadang bug promo paket kadang
7,marini Annisa,5,2026-09-29 09:08:29,kasih bintang lima teman ngirim pulsa habis tiba tiba pulsa ilang jawab baik
7,deddy king king,1,2026-09-29 09:08:18,cs veronika ga niat bantu customer
7,Hotlan Hutapea,5,2026-09-29 09:01:49,baik
7,Hendrik Rahma,5,2026-09-29 08:59:56,
7,F7 GAMING,1,2026-09-29 08:58:47,gabisa dipake kocak
7,uphic patiko,5,2026-09-29 08:47:31,
7,Riza Mahmuda,2,2026-09-29 08:32:43,kapan bijak akumulasi sisa bulan yaa
7,M. Faisal Abimanyu,3,2026-09-29 08:16:22,makin jadi langgan setia makin kata murah cuma kata aja
7,Maikel Agapa,5,2026-09-29 08:16:00,tarik
7,P Yys,1,2026-09-29 08:00:09,harga naik lah
7,Yadi Smile,1,2026-09-29 07:49:03,busuk cs kgk jelas malah ganti lama ai veronica apa harga gak banding sama jaringanya busuk mending pake kartu buat gak mau nyesel
7,Haza Mukti,1,2026-09-29 07:45:31,makin sering beli internet mytelkomsel loh kok makin harga kalo ngasih bonus minimal pakai 3 hari jgn cuma hari harga sedikit bulan harga murah banyak minggu doang wkwkwk
7,Ido Mardlotillah,5,2026-09-29 07:39:30,mantap
7,Raja Rajaganteng,1,2026-09-29 07:35:56,kesel tibahilang mau tanya bantu malah ga veronika loading teruss udah muat kali tetep gabisa apa si lah bantu nunggu ga kesel tau mau nanya gabisa
7,Angga Sulistiyo,1,2026-09-29 07:32:03,sih bikin apk jangan berat pas login
7,willz,5,2026-09-29 07:30:21,wow
7,Setian Tania,4,2026-09-29 07:27:35,bonus banyak ilang
7,Fri Day,5,2026-09-29 07:25:36,smoga ku yg hilang
7,alam mustofa,1,2026-09-29 07:16:25,sungguh layan yg sangat buruk
7,Kevin Pelealu,1,2026-09-29 07:05:31,makin hari makin berat banyak fitur penting buat cek pakai bukan buat belanja banyak koin sangat sayang kalau begini terus tier sedikit sekali baik perangkat android
7,ratna jelina,5,2026-09-29 06:48:40,muas
7,Bams Sugifhat,5,2026-09-29 06:39:21,good
7,Riski Gustiana,5,2026-09-29 06:36:57,baik
7,Zulfahmi Indra,1,2026-09-29 06:33:12,bikin sulit guna cuma ken bayar malah selalu metode bayar padahal buat buka lancar
7,Silvi Aprilliani,1,2026-09-29 06:04:55,sini ajg masuk tiba2 keluar pdhal kesel sndiri jadi ajg mana lagi
7,Mas Boy,1,2026-09-29 06:04:10,kocak udah eror mulu berat banget mau ganti menu
7,Riski Gumas,5,2026-09-29 06:01:57,sangat baik
7,Atikah Saridevi,1,2026-09-29 05:54:42,benerin lah lu penuh ajah ngeleg nyesel gua kartu lu mending pake kartu tri moga ajh lu bangkrut ajh lah pusing maen selalu lancar orang jaringanya baik baik ajah lu jelek
7,chaniago channel,1,2026-09-29 05:42:52,gua hilang trus tanya bikin
7,fitri atmoko,1,2026-09-29 05:40:44,lama2 bikin guna tagih lalu lg darurat pinjam jam 2 pagi jam 6 pagi blokir suruh bayar tagih dlu trus apa klo blokir tahu gitu g minjam darurat mana lg klo minjam baik lg
7,zeus zabath,4,2026-09-29 05:40:41,sangat puas
7,Wahyu Agung Pamudji,1,2026-09-29 05:39:17,makin hari makin busuk harga kaga ngotak kualitas yg ikan kaga pakai tahun tahun banyak komplain tdk ubah kalian busuk
7,Setiawati Lembek,4,2026-09-29 05:38:16,selalu my
7,Taqwaa.,1,2026-09-29 05:35:29,udah ngelag padahal kota
7,Rf I,5,2026-09-29 05:34:39,is the best
7,khairul Davit,1,2026-09-29 05:31:47,lah sering ngeleg
7,Rachel Olivia,1,2026-09-29 05:24:17,lot bikin tinggi naik
7,Eye Of The Sky,1,2026-09-29 05:22:48,jadi guna soal registrasi kartu susah minta ampun tunggu kode otp yg gk kirim verifikasi wajah yg susah minta ampun selalu gagal makin buat sulit makin kurang yg kartu beberapa kali registrasi selalu gagal verifikasi wajah akhir buang bikin jengkel
7,hera puspitasari,1,2026-09-29 05:16:18,9gb 7 hari harus habis masa 7 hari kemudian malah habis masa 24 komplain susah g respon selalu ai harus manusia respon masuk otak apa keluh customer malah ai balas iya maaf iya maaf jelas keluh bagaimana
7,Deady Te Pe Iy,3,2026-09-29 05:12:04,skrg lemah macam taikk
7,nanad,1,2026-09-29 05:08:16,restart kau tu mau restart tetap aja kau jelek burik harga kualitas buruk gak sesuai kali gak ubah sana sini kalian main kan kabel tu makanya jelek kali ni
7,Sahril Rizki Ramdhani,1,2026-09-29 05:06:39,internet buruk
7,Welson Wombai,3,2026-09-29 05:01:40,daerah kurang
7,Erwin Bkl,5,2026-09-29 05:01:29,
7,Rizky,1,2026-09-29 04:55:26,jelek bnget aplikasi selalu keluar sendiri
7,Pengguna Google,1,2026-09-29 04:48:59,layan lama signal jelek harga sedikit layan darurat aktif 2 hari baru aja udah blokir akses internet dasar jelek
7,Gadis DesaMartubung,5,2026-09-29 04:48:33,bagus
7,hendry magatatsu,1,2026-09-29 04:46:28,kuota parah
7,Budianto,5,2026-09-29 04:36:49,emang bantu dgn ni capek keluar isi
7,Ucok Ucok,5,2026-09-29 04:26:34,baik
7,Yasinta Nendong,5,2026-09-29 04:25:56,sangat bagus
7,ardi,1,2026-09-29 04:22:38,harga internet indihome tulis biaya admin biaya admin tagih
7,Fauzan Mubarok,1,2026-09-29 04:21:19,hari hari aja jaring hilang dah banyak hilang masalah apa gak ketemu bikin cape orang aja nih cape gw
7,Kopdes Mbg,1,2026-09-29 04:16:29,jelek busuk
7,Wakas Blues,1,2026-09-29 04:10:27,suka ilang yaa lancar cuma 3 udah 1 bln udah keluh buat daerah udh bulan loh anj 150rb kaga kepake
7,Yayan Kalamu,2,2026-09-29 04:09:15,dlu bukan harga yg lot jaring sdah kek lelet
7,Umbu Nim projeck,1,2026-09-29 03:58:42,putus mk sisa panjang tetap hangus tunggu bulan depan hangus alih murah bagus
7,Juhali Saputra,1,2026-09-29 03:54:59,hampir 1 hari kartu belah aman2 bener
7,Bagus Sulistyo,1,2026-09-29 03:46:45,harga lot lah hilang2 lah buruk kali lamalama nih
7,Fakhri Zhafran Khairy,1,2026-09-29 03:44:56,doang ngeleg banget yahudi
7,susan ti,1,2026-09-29 03:43:46,indihome sial bayar bulan penuh ganggu tengah bulan jatuh tempo tanggal 20 tanggal 10 uda tagih tagih ganggu segitu lama tak potong tak dar info info tak nampak setan datang baik lokasi
7,Alya ananda Suhendra,5,2026-09-29 03:37:46,bagus banget
7,Hari Sanjaya,5,2026-09-29 03:30:25,cepat bagus
7,Aisyah Armayni,1,2026-09-29 03:28:34,jaring sering ilang cek 30gb pake kartu murah bukan masalah hp daerah tinggal kota harga yg lumayan sangat worth it baik jaring restart hp sesuai dri tpi sama malah buruk bahkan sampe baru hp tpi jaring kendala hp lebih perhati
7,Daffa Adiba,5,2026-09-29 03:22:37,mntap
7,Weby Rama,4,2026-09-29 03:09:16,
7,iputu muhamad,1,2026-09-29 02:27:35,mahal
7,Abed Nego15,1,2026-09-29 02:20:26,gak bagus2 hilang datang aja pindah xl
7,Aji Maulidiansyah,1,2026-09-29 02:17:02,gw banyak woi tgl 30 kok udah 0 aja
7,Bobby Purba,1,2026-09-29 01:59:30,paling jelek 4 hari yg baru lg nyata ny parah sekarang luar harga tp sesuai
7,Anton bule Anton,3,2026-09-29 01:51:06,sangat bantu
7,septiar noegraha,2,2026-09-29 01:47:55,sering hilang jelek percuma nyesel pake
7,ovan kurniawan,1,2026-09-29 01:46:18,kuota tambah tdk banding dgn kualitas yg sering lot dgn provider belah yg kualitas sinyal tdk jauh tp kuota murah
7,Cecep Syahrul,1,2026-09-29 01:42:25,udh jelek minus
7,Suryati 1,1,2026-09-29 01:38:37,perbaikin kualitas telkom harga sekarang terlalu laku jd 28hari harus masa aktif paket gk pinjam
7,Supandi Achmad,1,2026-09-29 01:38:04,tiba tiba sendiri pake darurat engga terang tau tau kebel sendiri ko kesini tambah aneh paksa dah 7 tahun jadi tahun dah aneh lg sim hp hadehh
7,Reino zian,1,2026-09-29 01:27:10,payah payah masa masuk terus sangat jelek bnget
7,Aldaer Hilman,5,2026-09-29 01:22:53,
7,Riko Anjar,1,2026-09-29 01:12:13,lot banget kouta aja muter
7,Pengguna Google,1,2026-09-29 01:10:27,4g full tp klo buat game lag parah banget
7,Susi Hendra,1,2026-09-29 00:52:48,sering ilang kouta mahal2
7,Mister Oke,2,2026-09-29 00:50:22,harga paket ngotak lebih murah paket kartu belah
7,Ius Wr,5,2026-09-29 00:43:24,pernah salah paham kira lot nyata emang sekalipun
7,Andrey Fabian,1,2026-09-29 00:41:24,lambat
7,Junika Hidayat,1,2026-09-29 00:40:06,harga hancur nyesal pakai kartu sekarang aja rusak ga ubah kerja yg bener lah
7,Achmad Kurniawan,5,2026-09-29 00:36:52,telkom asu
7,Valerio Sakha,1,2026-09-29 00:34:02,ngeleg terus aku
7,Afif Cahyo,2,2026-09-29 00:29:32,ni yaa aplikasi d buka selalu keluar sendiri trs tiap hari d baik bug luar biasa tetep juara
7,ANAK MUDA MILLENIAL,1,2026-09-29 00:19:52,apa2an sisa hangus putus mk
7,Muhammad Solihin,1,2026-09-29 00:14:58,mahal aja gak stabil
7,Arga Hasiholann,5,2026-09-29 00:08:44,kuota bagus
7,Tarwin Keren,1,2026-09-29 00:01:27,internetnya
7,Merry Nur Isnaeni (Merry),1,2026-09-28 23:58:31,udah mah jelek youtube ga kepake buka youtube kepake malah reguler gimana si najis banget sekarang mau korupsi lu
7,Aris Tiyan,5,2026-09-28 23:55:11,eror gak
7,Fahri Imansyah,5,2026-09-28 23:53:29,mau kasih saran aja nih dong sistem tukar koin kalo ga cairin duit harus tuker premium sama netflix jangan cuman vision wetv aja harga aku kalo cukup koin ku kalo 500 koin premium sama 1000 koin premium netflix aku inti kalo ga nuker duit kan aku punya 5000 poin terang 1 poin 100 jadi nah kalo ga cairin minimal tambahin premium
7,Muhamad Khomarudin,2,2026-09-28 23:46:42,sekarang paket kuota sedikit dong adain yg 25k
7,Redmi Note14,1,2026-09-28 23:38:46,mau susah hrs loading
7,Hari BIGEN,3,2026-09-28 23:30:18,sangat sini
7,Handy Sugandy,2,2026-09-28 23:18:18,sekarang internet jelek
7,Ma Man,5,2026-09-28 23:11:14,sangat muas
7,Mario wangga,5,2026-09-28 23:06:02,
7,Yani Rambe,1,2026-09-28 22:59:08,selalu force close mau buka
7,Pengguna Google,1,2026-09-28 22:51:14,internet guna maling
7,Ferdian,5,2026-09-28 22:40:31,memang lah sangat kota ber ulang ulang kali macet hujan sangat lah cuma cari untung
7,taqi udien,1,2026-09-28 22:17:40,server burik masa udah pake wifi halaman gak kalo server gak kuat gak usah sok bikin udah lot burik gak pernah update gak optimalisasi lah aku dah gopay masak gak sama my masa cuma mau buat data salah coba
8,Atsila Varisha,5,2026-09-28 22:13:52,
8,Bandi Rus,1,2026-09-28 22:11:10,tambah berat lelet mau transfer pulsa dah 3 hari system sedang sibuk trus sekarang coba malah tambah parah mau transfer kode otp muncul udah clear cache clear data login ulang kirim ulang otp berkalikali tetap sama kode otp sms
8,Muhammad Said Zubair,5,2026-09-28 22:11:08,good
8,Muhammad Fadholi,3,2026-09-28 22:09:51,tambah lama tambah sini
8,akhmad arafah,1,2026-09-28 22:01:49,harga lot ilang gk sesuai lah pokok
8,Irwan Wijaya,5,2026-09-28 21:46:45,good aplication
8,Choga 78,5,2026-09-28 21:37:52,lebih cepat
8,Ardi Dinor,5,2026-09-28 21:37:33,baguss
8,Asep,1,2026-09-28 21:24:29,dongo ribet dongok banyak bug
8,Tanah Paser,5,2026-09-28 20:20:51,keren
8,Alahan 123,5,2026-09-28 20:00:54,mantap
8,Hilmy hoc,1,2026-09-28 20:00:39,no apk
8,Dimmy Watch,1,2026-09-28 19:48:25,harga internet terlalu sering malah jumlah harga sama kadang lot sangat sesuai
8,danuindo steel,5,2026-09-28 19:25:45,good my
8,Zheyenkcun06,1,2026-09-28 18:54:25,harga internet lelet kalah sama produk kartu internet belah sekian lama ku coba internet nyata tetap sama engga ubah sangat rugi beli internet 60gb
8,D. WAHYUDI,1,2026-09-28 18:46:11,kualitas kota makin buruk aja simpati
8,mojang style,1,2026-09-28 18:41:39,jelekkkk anj
8,Bandung Sulistyawan77,5,2026-09-28 18:24:19,hilang
8,Guntoro Kurniadi,1,2026-09-28 18:16:55,layan sekarang kayak
8,Al Gazali,5,2026-09-28 18:08:53,mntap
8,Fahreza Sinambela (REZA),5,2026-09-28 17:47:32,
8,Fauzi Ahmad Effendi,1,2026-09-28 17:33:43,apa kecewa x aku sama main game sekarang putus putus ping main ml aja kek gtu apa kau buruk aja performa mu cukup bulan aku pakai kecewa berat aku
8,Jeffry Josafat,1,2026-09-28 16:48:32,entah apa yg harga internet makin ngotak sering hilanghilangan apa guna promo malah tambah seperti lama banyak pakai kartu apa baca lebih baik deh dah bagus dulu muak sama kartu
8,lukman harun,1,2026-09-28 16:47:50,nih mau data harga pas mau bayar tiba2 leg trus tulis coba entah apa yg jadi gw lngsung log out apk tiba2 beda jadi gw min
8,Andi Suhendra,1,2026-09-28 16:44:34,min ayo dong bagusin jaring kalau rumah lelet banget kalau udh jam atas jam 11 malam kali
8,Muslimah Mus,5,2026-09-28 16:38:03,bagus mudah beli
8,Pepy Jeff,1,2026-09-28 16:32:17,tinggal kota telkom lelet bulan bli yg 100 gb depan telkom buruk kalau b5 aku kasi
8,Muhammad Dwi rama dani,1,2026-09-28 16:32:16,apasih suka ilang ilangan udah harga kalo bagus oke lah udah suka ilang ilangan
8,Fadil,5,2026-09-28 16:30:31,bagus
8,Noldy Tumanken,5,2026-09-28 16:19:28,mantap
8,Ocid Nababan,2,2026-09-28 16:15:24,parahhh nyesal pakai simpati yg gak jelas
8,Nofri Yandoni,1,2026-09-28 16:05:20,makin lama makin bagus
8,Iwan Iwan tea,1,2026-09-28 15:58:25,ny kota jelek d pelosok
8,AFISRMX,1,2026-09-28 15:56:47,buat apa kalo buat game ngelag mahal2 gajelas kecewa benar
8,Dora Emon,5,2026-09-28 15:55:06,sangat bantu
8,17% Aja,5,2026-09-28 15:53:17,banget
8,nur wahyu effendi,1,2026-09-28 15:43:14,fitur
8,M.farhan Arifandi,1,2026-09-28 15:36:07,harga kuota kualitas naik turun tiba tiba ngelag ilang tolong jangan kecewa langgan dibenerin
8,Akso Robis,2,2026-09-28 15:25:39,kata tier gold apa kayak ganti kartu aja jgn yg pakai langit sulit
8,Bambang Sj,5,2026-09-28 15:22:55,sangat baik
8,Ari_ kecil,1,2026-09-28 15:21:31,jelek banget kalau 2 gb hari buka youtube aja kaga kuat nonton parah jgan cuma baik lah kalau kaga nyangkut ama m bangking dah ku ganti kartu provider kartu 3 parah
8,kamarku surgaku,1,2026-09-28 15:17:28,maaf banyak bijak perintah im3 pilih masa aktif hari tu
8,Kin Sodikin,1,2026-09-28 15:15:47,mantap
8,muhammad mukhlis,1,2026-09-28 15:07:59,jelek harga main game lot bagus pake axis
8,frendi afriyanto,1,2026-09-28 15:06:55,busuk harga kuota aja busuk sedikit sedikit ngelag sedikit sedikit merah kalau main game
8,Gunawan armany,1,2026-09-28 15:03:07,skrg pake tambah lama bukan buruk sy tinggal kota bulan buruk pake axis y klu tdk ganti aja usaha jgn rugi konsumen udah buat tp tdk bs guna sngt cahari jg hilang
8,Rino Zatra,1,2026-09-28 15:03:02,bintang 1 butuh tentu aman nyaman biaya data sisa lenyap kalo pakai kartu halo bagaimana komen baik kualitas jangan aja harga kualitas bantu baik
8,imam Setiawan,2,2026-09-28 15:02:05,
8,Mohammad Gifari 060,1,2026-09-28 15:00:32,burik banget ni bayar mahal2 jg
8,ICE CREAM TV,1,2026-09-28 14:52:49,udah 2 x kok ga masuk2 saldo udah keluar my beli gagal tipu
8,Ahmad Rifai,5,2026-09-28 14:52:36,sangat puas
8,Nadia Azula Syam,1,2026-09-28 14:39:55,kartu as sdh gk bs pake y sy log in gk
8,MazzDa,1,2026-09-28 14:39:26,harga makin makin buruk
8,Natiran Natiran,5,2026-09-28 14:26:09,mantap
8,Assna muck,3,2026-09-28 14:24:31,sangat cocok
8,Dian Andre,1,2026-09-28 14:19:57,buruk rugi konsumen
8,monkey D Luffy,1,2026-09-28 14:18:37,lot
8,Mohammed Al-rasid,5,2026-09-28 14:18:14,gampang
8,Aa Aciel,1,2026-09-28 14:16:08,berat asa tinggi bayar blank putih promo
8,Lusi Laia,4,2026-09-28 14:15:35,sangat bagus
8,Azzam Zam,5,2026-09-28 14:11:53,sangat baik terlalu
8,Syifa Azzahra,1,2026-09-28 14:09:16,stasiun gada stasiun susah hadeuh paket paling kualitas kurang oke dong sadar napa jangan doang kerja cek tu mana yg bapuk
8,Suratmanputra,1,2026-09-28 14:08:44,aja nge drop terus paket golong tinggi harga sama 1 langsung jangan minta ulas langsung dulu
8,Kaito Jer,1,2026-09-28 14:07:26,terimakasih atas alam muas lebih baik sangat buruk salah satu buruk mungkin guna kasih
8,Aljuna Dwinerin,4,2026-09-28 14:01:34,lebih mudah cepat
8,Yoga Priantoro,1,2026-09-28 13:59:11,harga gak banyak korup
8,ganz midmid,1,2026-09-28 13:47:56,paling banyak paling hancur hadehh
8,Hzhs Hshs,5,2026-09-28 13:47:30,
8,febry sandi,1,2026-09-28 13:47:12,sangat baik
8,Su Wito,5,2026-09-28 13:45:17,puas
8,Bhewok,1,2026-09-28 13:45:08,lelet
8,Sumadi Putra,2,2026-09-28 13:42:00,pket lama tambah
8,Abin 925,1,2026-09-28 13:41:00,lot
8,surianti ynti,2,2026-09-28 13:36:25,gaguna sering lag bnyk update
8,Cio Mauritz,1,2026-09-28 13:34:26,bas thn jadi langgan setia ko parah harga paket
8,Adithya Sukma,1,2026-09-28 13:33:35,tau kntl iya kntl udh kikir busuk tiap malam
8,Luluq Ayu,2,2026-09-28 13:33:31,apa udah harga promo ga bilang promo kikir sekarang apk malah error stuck metode bayar padahal kemarin kemarin lancar
8,Tai Oilat,1,2026-09-28 13:33:01,baik soal lag parahpercuma mahalmahal nglag
8,Muhammad Furqon kusumo,3,2026-09-28 13:31:41,sampah jelek aja
8,Muhammad Rizqi,1,2026-09-28 13:29:34,kagak ngotak ngeleg pas main cok
8,Kaido,1,2026-09-28 13:29:15,kalau gang susah beda kaya dulu lancar kesini parah dulu rumah gang lancar susah udah paket payah
8,Puja Elphajar,1,2026-09-28 13:13:18,sangat sangat sangat lelet
8,M iklas Hariyadi,1,2026-09-28 13:05:51,mahal2 jelek promo dah gak
8,Bawuk Sugiyono,2,2026-09-28 13:05:15,notifikasi hapus muncul notifikasi
8,bismillah semoga bisa,1,2026-09-28 13:02:13,bodoh tsel busuk harga naik harga gak sesuai sama padahal kota loh drop gilir buat sosmed tsel jawab malah bot ai jawab sama terus
8,Adi Ncek,1,2026-09-28 13:00:53,super buruk jelek gak layak d memang
8,Rampak Wijaya,1,2026-09-28 13:00:16,pake main game nglag mulu mending ganti pake murah sekali
8,Namu Rencar,1,2026-09-28 12:57:41,kurang bagus
8,ade indraputra,5,2026-09-28 12:53:56,mantap paket tlong harga
8,Rofik Wahyudi,2,2026-09-28 12:52:25,makin lama makin lot
8,Rafvi Ramadhan idris,1,2026-09-28 12:51:57,lambat
8,zodiak dic,1,2026-09-28 12:50:50,bagus harga internet
8,Firman Syah,1,2026-09-28 12:49:57,kata nomor whatsapp kok gak nomor whatsapp tindak lanjut masalah
8,Yusuf Farhan,1,2026-09-28 12:48:28,jaring si
8,Nur Ali Nurlette,5,2026-09-28 12:46:57,sangat bagus
8,Christy Gracia,1,2026-09-28 12:42:54,mau aja sulit provider sampah lelet kalau hujan gilir mau loadingnya ampun via qris ribet banget heran
8,Acmad Asis,1,2026-09-28 12:38:22,naik turun terus
8,Anton saputra,3,2026-09-28 12:37:09,kerja sama
8,Fadilurahman 098,1,2026-09-28 12:35:49,jelek harga ga sesuai bgt
8,Febri Syahfitri,1,2026-09-28 12:34:56,lama kli proses bayar loding trs ga selesai
8,teofilus sianipar,1,2026-09-28 12:25:32,mu buruk
8,Andy Idris,2,2026-09-28 12:24:53,knp sy tetap hangus
8,Raii Kagenou,1,2026-09-28 12:19:35,lag lag dulu gak ubah ubah malah parah
8,Adi Romi,1,2026-09-28 12:18:47,puluh taun pake simpati kesini lot eror sibuk ga buat buru buru
8,Ilham afra,1,2026-09-28 12:17:34,doang main game lag
8,Fifi Alisma,1,2026-09-28 12:16:55,eror mulu ga login akun
8,rahmat siregar,1,2026-09-28 12:13:43,makin internet besar kok makin bagus jaring apa
8,Yusron Abdulaziz,1,2026-09-28 12:12:41,masa hampir tiap bulan harga jumlah paket kurang harga mending pindah kartu dah gk sahabat
8,Muhammad Daffa,4,2026-09-28 12:11:31,telepon mantap manfaat utk wilayah yg internetnya sulit krn tinggal jauh wilayah dalam tengah 2 yg tinggi
8,Patar tampubolon,5,2026-09-28 12:10:06,bagus
8,Pardamean Hasibuan,1,2026-09-28 11:51:12,kok makin sering paket kecewa pake
8,anas patoni,5,2026-09-28 11:48:24,jos
8,Jumran Suprianto,1,2026-09-28 11:46:55,byak tp ttp hangus kalau memang lama panjang fitur buat sama biar semua
8,Jeck Mrb,5,2026-09-28 11:42:05,mantap
8,Azure,1,2026-09-28 11:41:54,woi lah napa gw pas verifikasi wajah susah sekali selalu eror registrasi e sim
8,DITZ Kroco,5,2026-09-28 11:35:53,mantap lama sering lag
8,Tibra Jep,1,2026-09-28 11:29:49,harga kikir kualitas buruk mending gw pake indosat aja
8,Holis Insani,5,2026-09-28 11:29:46,lumayan bagus
8,Sando Sandoa,5,2026-09-28 11:23:28,bagus
8,Naumy 1819,1,2026-09-28 11:23:27,ampun buruk dr yg doang
8,DAVIN SATYA ILHAMSYAH,1,2026-09-28 11:23:18,lama lot jarang
8,Rahman Kurniadi,1,2026-09-28 11:18:41,parah nih uda paket gak la bumn yg urus
8,DARMANTO D,4,2026-09-28 11:16:49,
8,Basri Dg.ngalu,5,2026-09-28 11:15:14,
8,Debi Saputra12,5,2026-09-28 11:10:14,makasih mas
8,andinaboy,1,2026-09-28 11:03:40,ampas gak sesuai sama harga saran ganti xl aj
8,Wandi kanagawa,5,2026-09-28 11:01:42,sangat puas
8,Arif Kurniawan,1,2026-09-28 10:57:53,gajelas nomor beli buat nomor 2 malah kebel buat nomor 1
8,Wiwid Dwi,1,2026-09-28 10:56:07,paling cacat
8,Roha Yani,1,2026-09-28 10:53:16,harga ngelag kalo solusi restart hp sama aja tetep gabisa percuma kasih saran
8,Syamsul Arifin,1,2026-09-28 10:50:32,lot lelet gak maju berat lot loading super lama kelas kok payah sekali
8,Fajruddin Basri,1,2026-09-28 10:38:56,
8,SUYAN ANTO,1,2026-09-28 10:38:00,jelek
8,R U P,1,2026-09-28 10:25:58,data 50 gb masa aktif tinggal 5 hari yg gua sering klo masa aktif udah tinggal minggu sering lelet padahal sisa yg bakal hangus banyak rugi konsumen
8,Melati Purnamasari,2,2026-09-28 10:20:06,sih sekarang nyebelin gak kaya dulu udah gak dulu ilang2an terus udah masa waktu cuma 28hari udah gak bulan kalau kouta banyak masa aktif abis hangus mau ganti kartu nomor udah lama udah nyangkut semua apl
8,ridwan71 wibowo,1,2026-09-28 10:17:35,signal sering blank walaupun paket
8,Yulao Zeg,1,2026-09-28 10:16:49,data cuma sedikit
8,Yt Jami Clans BT,1,2026-09-28 10:11:06,sangat jelek sangat lelet kalah xl kalau isi orang orang inovasi kembang makin turun kualitas waktu waktu
8,Lisa Sayang,2,2026-09-28 10:00:08,sekarang paket makin makin jelek
8,Cima Rorr,5,2026-09-28 09:57:15,sngat baik
8,D Y H,1,2026-09-28 09:19:20,penting harga jelek no 10
8,Gani Suki,1,2026-09-28 09:14:26,
8,iduwar iduwar,5,2026-09-28 09:04:42,hasil
8,Zulfikar,1,2026-09-28 09:00:23,harga gak masuk akal memang kartu lintah darat
8,William Bautista,1,2026-09-28 08:58:40,lot internet hari
8,Agustian boyan,1,2026-09-28 08:50:54,internet harga
8,Ujin Ujin,1,2026-09-28 08:35:04,paket mahal2
8,Kacang Goreng,1,2026-09-28 08:23:51,paket mulai pindah kartu aja dah
8,Halif Muhammad,1,2026-09-28 08:18:09,kecewa banget pake lag parah hilang mulu internet ga rekomendasi dah pake telkom sekarang buat kalian padahal gua tinggal internet kek papua
8,Rifqi Jaeni Saputra,1,2026-09-28 08:16:01,gaguna kli dipake maen game malah lah
8,ahmad kabir,5,2026-09-28 08:06:57,alhamdulillah bantu orang
8,Erni Ndruru,1,2026-09-28 08:03:12,harga mahal2 lelet hilang t lama2 ga harus satu bulan sdh jadi 28 hari mau cepat kaya ni t alih 3 aja
8,Akhmad Khoirun,1,2026-09-28 07:58:39,bangst
8,sulung basuki,5,2026-09-28 07:48:36,kalau pakai sendiri buka
8,Chandro Dedi,1,2026-09-28 07:39:48,kecewa udahh 25 stamp mau klaim 4gb 2gb 1 gb gak klaim malah 100mb yg dasar tipu mau menang sendiri
8,Adhitya Sanjesch,1,2026-09-28 07:35:05,punya aplikasi paling burik lot parah udah harga paling masa buka pakai susah benar kyk ti
8,Putra Pribadi,5,2026-09-28 07:31:33,buka lelet
8,Kiki Ancanae,5,2026-09-28 07:18:57,sangat
8,Mudin Rambe,5,2026-09-28 06:48:04,sangat
8,Darsono Darsono,5,2026-09-28 06:46:30,suka eror mau checkin aja susah malah gak
8,GALIH NYEL,1,2026-09-28 06:43:17,harga ngotak
8,Michael AldySk,4,2026-09-28 06:42:35,mending app tp msh suka tingkat promo
8,dafid ekariandi,3,2026-09-28 06:40:49,lu dah sering ilang mulu
8,anto Anto,1,2026-09-28 06:40:07,makin kesini makin lelet buat lah yg
8,Nurman Clasher,1,2026-09-28 06:35:52,lot aja bikin lambat
8,Keling,1,2026-09-28 06:26:03,lama jelas susah tambah berat aplikasi
8,Oppo Nazar,1,2026-09-28 06:21:55,apa ngelag asw
8,F • S OFFICAL,5,2026-09-28 06:16:08,baik
8,Multi Merangin,1,2026-09-28 06:13:03,app berat koneksi paling lot mana
8,Arc Gallery,1,2026-09-28 06:11:55,tampil tulis maaf jadi salah silah ulang selalu masuk pakai akun indihome pakai aplikasi
8,Cahyo Gemilang,1,2026-09-28 06:05:34,coba tau sama aja hadeh
8,Feberianusdominic Hulu,1,2026-09-28 05:53:41,gila lama2 harga 28 hari banyak yg blm pakai masa hangus bolak balik masuk keluar mulu gk jelas
8,Edy Putra Bungsu,1,2026-09-28 05:53:07,sekarang kartu sakti hilang udah semua ngk kayak dulu
8,purnomo nomo,1,2026-09-28 05:51:50,jelek internet kalian harga gk pulak
8,Dedek Mike96,5,2026-09-28 05:42:36,sesuai iklan 5 biar tau buruk
8,Tommi Kaligis,4,2026-09-28 05:34:31,bagus banget
8,Ishak Pakih,1,2026-09-28 05:11:37,parah skrng guna sama
8,roma dhony,2,2026-09-28 05:07:14,dong d hilang sama sekali guna d ganti 3g 4g malah lebih
8,SENZU GAMING,1,2026-09-28 05:07:13,gila harga sini kadang ngilang maling apa ganti kartu aja sangat kecewa
8,Fuat Pasaribu,5,2026-09-28 05:05:38,bagus
8,Arr [ stellar ],1,2026-09-28 04:56:17,
8,Nyong Bae,5,2026-09-28 04:49:57,oke
8,Hudan Faqih,1,2026-09-28 04:48:24,jelek bgt jaring nyesel bgt pake
8,Maya Kui,2,2026-09-28 04:48:01,please the network in for in the the network is thank you
8,abdul Muin,1,2026-09-28 04:43:48,sekarang lot gak
8,Oda Nobunaga,1,2026-09-28 04:40:28,hebat bintang kualitas internet hari buruk udah 3 hari lag mulu pagi malam jam 12 malam doang suruh kali yak kali bener bener kecewa banget kerja gabisa guna hitung rugi dong kouta harga hari udah tahun tahun pakai selalu begini chat cs suruh restart ampun dah
8,San 4your,2,2026-09-28 04:35:52,dah asa udh langgan google lewat pesan malah spam tagih trus pas langgan rugi pulsa gw potong mau buat klo adain fitur konfirmasi klo apk pake pulsa langsung
8,Andika yuana,1,2026-09-28 04:27:59,lot
8,Ihsanul Hikmi Pratama,1,2026-09-28 04:27:54,gimana sih begini layan halo indihome parah wifi kantor selalu los sangat rugi kantor jawab selalu template kesini lot parah bayar layan kecewa kali udah
8,Rafli Pratama,1,2026-09-28 04:24:34,woy gila apa apa lu maen potong pulsa maen potong aja pulsa orang 10000 jadi potong 3x layan digital apa apa lu
8,Noub TM,1,2026-09-28 04:17:57,kota busuk banget kadang kadang ilang harga aja maruk maruk
8,Apritamma Laputra,1,2026-09-28 04:16:14,parah sih ga konsisten harga isi malah rangin dri 10 gb 20 ribu malah jadi 8 gb 25 ribu banget anjg
8,Ahmad Safii,5,2026-09-28 04:08:45,
8,Korneliyus Yus,3,2026-09-28 04:07:20,jangan lupa 28 sep 2026 min putus
8,muhammad sarju,5,2026-09-28 04:06:13,sangat bagus bantu beli mudah
8,Sofyan Hasibuan,1,2026-09-28 03:59:17,mantap
8,Irpan Maulana,5,2026-09-28 03:55:49,mantap
8,budi pranata,5,2026-09-28 03:55:43,tlong kalau msh byak sisa adakan fitur panjang suruh bli pket yg sma biar pke bli sia sia
8,Alifa Aprilia,2,2026-09-28 03:48:44,sih jadi ga buka aplikasi
8,Supratman Sitorus,2,2026-09-28 03:48:15,sekarang buruk
9,rudi hartono,1,2026-09-28 03:46:56,sangat sadar hati beri bintang 1 jadi provider seluler buruk kualitas buruk layan baik ga punya asa ga punya kalian mending alih k 3 xl udh banyak d korup ni usaha
9,sulaiman,1,2026-09-28 03:44:17,aja yg sinyal lot
9,Hendri Haryanto,5,2026-09-28 03:36:59,
9,Muhamad Imam,1,2026-09-28 03:25:22,lama busuk harga
9,Tumbur Munthe,1,2026-09-28 03:23:51,layan buruk ganti hati udah 5 hari tanggap teknisi batu utara buruk layan tagih gabisa telat baik sistem kamu lapor gantung cs
9,Ani Setiawati,5,2026-09-28 03:08:20,bantu sekali hemat
9,Deabby,3,2026-09-28 03:00:37,gilir tagih ga telat baik selalu telat
9,ayayaru,1,2026-09-28 02:55:45,harga makin masuk akal jaring selalu stabil bagus dulu mohon baik terus seperti lebih baik pakai kartu jangkau cukup bagus jaring
9,Rassya praditya,2,2026-09-28 02:46:31,15 gb ngelag ngelag awal sampe akhir mas aja jumping buat
9,Areegu Afkar a,1,2026-09-28 02:34:03,gk apa apa susah banget padahal kota haduh
9,Sangu Akeul93,1,2026-09-28 02:16:07,paling buruk tinggal kota jaringanya lot percuma mahal2 pakai provider indosat sama axis lebih kenceng jaringanya tambah data
9,Junispatrik Siahaya,5,2026-09-28 02:11:03,bagus
9,Boga Aing,1,2026-09-28 02:09:20,claim reward extra gembira 2gb kok ga masuk paket padahal halaman extra aneh banget emang ga ga mau claim guna hapus aja claim rewardnya
9,Disky Arinda,1,2026-09-28 02:09:08,1 2 nomor isi quota nomor yg 1 tp masuk ny nomor yg 1 kok mohon ui baik pilih nomor nomor tsb lah yg harus quota
9,Nazril Ramadhan,5,2026-09-28 02:05:20,sangat lebih mulai tahun 2004 hingga sekarang langgan tetap
9,Roni Usman,1,2026-09-28 02:05:16,apk lot mau aja loadingnya lama banget
9,Habib Yanuar,1,2026-09-28 01:44:30,gajelas masak mau ngisi buat nomer 2 masuk malah nomer 1 sampe 3 kali gitu terus sistem
9,Wahyu WM,1,2026-09-28 01:35:43,gak susah akses
9,Alea febrian Alea,5,2026-09-28 01:32:35,sangat bantu
9,agus triyanto,1,2026-09-28 01:26:41,sisa kata sisa masa aktif ko punya tetap nol mas aktif habis
9,Bayu Aji,1,2026-09-28 01:23:34,layan jelek harga aplikasi sering masalah
9,Zudha Fahrurozi,1,2026-09-28 01:20:30,
9,Afdal Ridho,1,2026-09-28 01:13:30,lu bangst
9,Adi Tya,1,2026-09-28 01:12:22,dibenerin masa main ml tiba tiba ilang nonton tik tok sama jangan harga doang kualitas nol
9,Ains Ghoul,1,2026-09-28 01:11:42,selalu susah masuk klo nggk waktu mau bayar loading lama bgt padahal pake wifi mau aja lama bgt
9,Muhammad Dimas A,1,2026-09-28 01:10:07,harga busuk banget bagus kartu kuota murah
9,Muktika Wihartuti,1,2026-09-28 00:53:57,lot banget
9,Nuruddin Rusydi Ilham,1,2026-09-28 00:52:49,ui jelek performa jelek
9,Sudiharto Pangaribuan,5,2026-09-28 00:50:55,layan wetv suda
9,euis Hasanah,1,2026-09-28 00:50:13,buka
9,Ahmad Yani,5,2026-09-28 00:46:45,mantap
9,Galen Galen,1,2026-09-28 00:17:19,gua pake wifi data gua padahal gk data
9,kyra Deolinda,1,2026-09-28 00:16:20,log ribet harga paket g ngotak mending pakai indosat
9,Suat Maji,2,2026-09-28 00:09:15,hangus sisa internet padahal komdigi bilang hangus ku 30 gb hilang kau bukan
9,Mujia Caca,5,2026-09-27 23:54:23,i love you
9,Sasta Glovia Talenta Purba,1,2026-09-27 23:49:21,muncul mulu notif siscamling buat hp jadi tiba2 mati sejak benci bgt
9,Ayub mugu Nego,5,2026-09-27 23:33:50,sangat bagus
9,cecep indra nuryana,2,2026-09-27 23:14:16,kesini kualitas malah beberapa tempat gak lancar malah lot padahal posisi kota hp penuh internet
9,Fadli Hardiyanto,1,2026-09-27 23:11:48,harga jelek ngelag mulu
9,Vivo Vlite5g,5,2026-09-27 23:08:46,i it
9,Zakin Syahrukin,1,2026-09-27 23:06:52,kata sisa akumulasi sisa hangus harga naik
9,numpang nampang,1,2026-09-27 22:59:59,bilang layan cs muas solusi eh suruh lapor email cs masa tulis ulang lapor udah detail banget udah lapor ngapain laporin kalau gak
9,khusus cod,1,2026-09-27 22:58:02,lot bgt apknya
9,Arvinza Kaindra10,1,2026-09-27 22:52:42,masuk
9,Rinof Ai,5,2026-09-27 22:48:07,praktis beli data d my
9,Nur Mela,1,2026-09-27 22:42:35,banyak iklan jadi udah mh data
9,Ayu wulandari Ayu,5,2026-09-27 22:37:46,bagus
9,Yardiaman Zai,5,2026-09-27 22:09:58,ayo download apk my banyak promo tarik
9,Saufi Ufi,1,2026-09-27 22:00:06,main game aja ngeleg tengah kota lo ni pas banyak orang selesai dah ni jaring ni kartu
9,Didi Tri Hartono,1,2026-09-27 21:20:48,developer mytelkomsel benarbenar orang gak customer fokus segala macam notifikasi fitur sampah bikin berat masuk mana tiap update bikin bingung kalian mikir banyak komplain bahkan semua buka kalian gak pernah benah
9,Nur Muhammad Anis,3,2026-09-27 21:08:20,emang harga waktu dekat sama daerah dulu cepet no delay sekarang
9,Sri Pujiyani,5,2026-09-27 20:43:11,senang pakai hemat bnyk promo
9,Daniel Febrian,5,2026-09-27 20:37:43,
9,Cindi Aulia ningsi,5,2026-09-27 20:22:47,murah baget
9,Alif Ghoni,1,2026-09-27 18:59:35,lot gak jelas gembor gembor 5g lot
9,Cahya,1,2026-09-27 18:45:48,uda 4 hari jaring kek taikk
9,Romli Jaya,1,2026-09-27 18:17:40,harga y dah padahal suka error udh hrga y error mah ttp sama kaya kartu murah
9,Syifa Aisih,1,2026-09-27 17:57:21,gada promo kurang baik
9,Ari Kana,4,2026-09-27 17:39:50,mulai eror my tel ni d buka kluar terus apa
9,Satrio Pamungkas,1,2026-09-27 17:38:34,nomor masuk
9,rannn minnexxziu,3,2026-09-27 17:20:50,konyol selalu aktif latar belakang bikin boros
9,Nabella Irmades Putri,1,2026-09-27 17:15:01,lemott suka ngelag
9,Muhammad Fandi,1,2026-09-27 17:12:48,tutup bego usaha lu ga jual ga sesuai sama performa main game mlbb ampas merah mulu tolol gw benar ga masalah sama harga jaring benerin jadi harga sesuai performa
9,Chokeno Renhoran,3,2026-09-27 17:11:30,sangat bagus
9,M. Azfar Faiz Siddiq,1,2026-09-27 17:01:48,provider harga sulit
9,lol lol,1,2026-09-27 16:58:54,telkom burik
9,Realme C75,3,2026-09-27 16:41:46,mohon evaluasi serius kualitas sistem layan ganggu ulang sangat ganggu aktivitas langgan beli isi pulsa terkadang lambat masuk langgan dapat layan stabil sesuai jangan fokus jual pasti transaksi guna benarbenar mohon baik bukan
9,llLegion,1,2026-09-27 16:31:59,tuh apa game pc sih bner aja lah cuma buat isi sama pulsa asa buka game pc parah banget cuma buat buka buat tim it jangan anak magang sih cuma buat isi pulsa bukan buat main game pc
9,Mulyono Joko,1,2026-09-27 16:25:14,cok bngt data aja harga udah ga ngotak cik yg dulu 30rb malah sekarang udah ga setia malah jir gw mana jaring putus putus kadang ilang apa provider lawak mana yg kata 7 kali untung sekarang udah sama xl
9,Mohammad AliD5,5,2026-09-27 16:24:59,bagus
9,Rono Gade,1,2026-09-27 16:23:10,kata siscamling pagi tlp baru mau tenang sekarang ganti kartu karna tadi pagi mana banyak kerja waktu malah no tak nelpon sekali sampe sekarang maksud apa mau apa satu kartu baru nyata baru orang masalah nah baru pake no kata baru
9,Natalya,1,2026-09-27 16:21:19,no komen ulas d baca g sih kalo gin gua pindah aj dah last
9,KHALI M,1,2026-09-27 16:14:25,naek harga dulu naek naek mau udah gitu data makin makin kecil gb
9,tri yanto,1,2026-09-27 16:11:31,koneksi sampah ga pernah ubah udah gitu harga kuota
9,Yofa Lailun,1,2026-09-27 16:10:47,app banyak iklan berat
9,Be Djo,5,2026-09-27 16:06:39,atur kan data semua wifi kan guna latar semua on kan semua guna isi 20 giga bulan jg abis sendiri taekkk
9,Regyta Cahyani,1,2026-09-27 16:05:52,hilang fitur siscamling tuju ga error baik langsung main bukan bantu malah bikin emosi masa otp aja kaga masuk mana apa2 konfirmasi lewat sms jadi kartu provider sejak fitur siscamling aku pindah provider karna kecewa sama bener telpon cs dulu kata yg pihak nyata sama aja gada yg ubah parah sih
9,Tamsur Samosir,1,2026-09-27 16:04:44,terlalu makin turun niat internet bukan wetv yg lain dulu cuma wetv sama prime video sekarang banyak banget gak guna
9,Es Teh enak,1,2026-09-27 16:01:57,sekarang harga internet telkomtol gak masuk akal kalau ngasi harga jangan lihat aktivitas guna prioritas utama kalau harga tetap naik dapat malah susah guna mana hari kurang cuma 28 hari memang komtol provider satu kaya ngak gua lo mati cepet
9,Abdul Latiff,1,2026-09-27 16:01:01,bar doang penuh
9,Adam Adam Malik,5,2026-09-27 15:48:54,sangat bantu
9,Muhammad Angga Ashari,1,2026-09-27 15:46:29,benerin dong terus selalu kalo jarang pake data
9,Slaron Geming,1,2026-09-27 15:41:56,sampe 1gb padahal cuma apk buat doang cs lambat banget respon kartu telkom gw batang mulu tau gin mending gw isi kartu tri gw ajah
9,Raman Harahap,5,2026-09-27 15:40:04,
9,de uzman24,1,2026-09-27 15:11:08,proveder signal bapuk ga ngotak
9,Anis Suuda,1,2026-09-27 15:10:06,tiba2 udah darurat ngga bikin darurat
9,Dedi Simamora,1,2026-09-27 15:08:33,kesini parah jaring
9,Lathif Naufal,1,2026-09-27 15:05:51,tempat sama aja udah tetep ngelag
9,Bhanshsb Hdhfnfjnfi,4,2026-09-27 15:04:49,benah dong yaa orang mau masak mau pake pake wifi bayar ngga masuk metode kayak pake udah ajaa benah
9,Kaira 31,2,2026-09-27 14:55:56,sih super seru sekarang youtube padahal udah nyaman super seru soal paket utama semua sekarang malah ubah mana youtube tengah utama ga suka nonton youtube jadi kan sayang kuota
9,koko man,1,2026-09-27 14:52:37,berat apk sering force close
9,Rudi Efendi,5,2026-09-27 14:49:50,the best
9,Mika SadeGa,1,2026-09-27 14:47:42,sekarang jelek bukan tpi malah jadi ga enak sekarang sinyal payah
9,T. Fajar,1,2026-09-27 14:45:07,suka
9,Noaa,4,2026-09-27 14:38:20,harga terlalu
9,Fadli Wae,2,2026-09-27 14:34:35,doang kayak woy
9,Irwan Sibande,1,2026-09-27 14:33:45,buruk harga bintang 0
9,putra pandawa,5,2026-09-27 14:28:24,
9,Winda,1,2026-09-27 14:27:18,kecewa lalot
9,Fikry Fikry,5,2026-09-27 14:27:12,sangat
9,Suryadi Isur,1,2026-09-27 14:27:11,
9,Salsabila Handita Putri,5,2026-09-27 14:23:03,jaring suka jelek dong baik
9,Edwin Maulana,1,2026-09-27 14:18:12,makin hari makin lelet sinyal padahal tinggal kota sungguh kecewa
9,ariyanto eva,1,2026-09-27 14:09:50,
9,Master Chief,1,2026-09-27 14:07:56,server aneh
9,Suwaryo Aryo,1,2026-09-27 14:06:45,150 k lot percuma 120 awal doang kenceng bulan buka fb ajah lama bgt
9,ISMAIL ACHMAD,1,2026-09-27 14:02:02,signal jelek stabil
9,Lilu Hardian,1,2026-09-27 13:50:28,bgt
9,Cimeng Aja,5,2026-09-27 13:46:56,
9,Ruhman 99,1,2026-09-27 13:28:48,mau loading lama sekali
9,Martdyanta Pascal Ketaren,1,2026-09-27 13:24:07,provider babi lag parah sering ngilang harga internet super
9,wahyu eko,1,2026-09-27 13:22:44,hancur
9,sisri adri yeni,5,2026-09-27 13:17:29,bgus sekali
9,Defrizal Xcy,1,2026-09-27 13:16:51,udah mah lot kikir
9,jesika natalia,5,2026-09-27 13:16:24,
9,Bekungkung Katak,5,2026-09-27 13:14:10,rasa rugi beli 30day 40 gb hangus 30day dana kouta yg putus mk nomor operator sedia opsi layan sisa kouta tetap aktif
9,sardi pratama,5,2026-09-27 13:10:01,bagus
9,Mutiara Iskandar,2,2026-09-27 13:09:51,sekarang jadi susah buka mana kuota tiba tiba abis waktu baru bahkan waktu gb ehh waktu tiba tiba abis
9,No Name,1,2026-09-27 13:07:20,lambat anjeng memang provider kapitalis satu file kurang 1 mb aja perlu 10 menit anjeng memang
9,zayn al alim,1,2026-09-27 12:59:25,provider paling kikir harga internet lot cepat habis tambah youtube buka youtube perintah sangat senang cekik rakyat
9,Sat Satria ilham,5,2026-09-27 12:58:46,bgus
9,Adf S,1,2026-09-27 12:49:57,lelet
9,Bolu Kukus,1,2026-09-27 12:49:06,paling
9,Di Va,2,2026-09-27 12:45:04,udah mahalsinyal lelet pulak
9,Dimas grx,1,2026-09-27 12:44:44,binatang sungguh binatang pdhl sisa 2 hari knpa kouta ku hangus banyak pdhl hangus mau pindah operator aja dah gak nyaman pke
9,Wijaya Saputra,1,2026-09-27 12:43:18,apk babi
9,Fiki Grover,1,2026-09-27 12:41:48,yg kartu baik yg aja soal paket kali kalian jari saran kartu aja
9,dika pranata,1,2026-09-27 12:33:01,notifikasi siscamling sangat ganggu hilang
9,Mas Dedi,1,2026-09-27 12:31:57,rusak paket
9,kevinzaa nata negara,1,2026-09-27 12:30:29,harga mahalsinyal mau ny apasih
9,Ahmad Slamet,5,2026-09-27 12:21:50,kalau reward kouta selalu gak masuk
9,Rizky Ramadhan,1,2026-09-27 12:20:52,flash sale
9,Aminul Akbar,5,2026-09-27 12:18:02,keren
9,Savira Uswatun K,2,2026-09-27 12:11:37,harga banget trus kadang mau pulsa login login ulang ga sekali sering jga masa paket jg ga bulan 28hari
9,Dino Pranata,1,2026-09-27 12:09:52,hilang
9,Ren 17,1,2026-09-27 12:09:32,banyak bug lelet parah apknya
9,Surya Kanjeng,1,2026-09-27 12:08:02,bobrok
9,Muhammad Nur Ramadhan,1,2026-09-27 12:04:01,sering error
9,Novian Abadi,1,2026-09-27 12:03:27,update malah jadi susah akses perlu banyak akses android sering nomor nomor smooth jadi sering salah isi nomor anak nomor sendiri
9,Hermanto,1,2026-09-27 12:00:44,buat lihat sisa pulsa buat sampah
9,aljajuli street#c70,1,2026-09-27 12:00:30,minimal gampang ilang tu jangan lah data udah sampek ratus ribu hilang hilang bikin orang jadi nyesel harga kualitas bagus harga kualitas harga doang tpi kualitas gak upgrade
9,Midun Hamidun,5,2026-09-27 11:59:46,mantap
9,Sar Ino,3,2026-09-27 11:58:27,bagusss
9,Siti Hajar,3,2026-09-27 11:47:52,beberapa bulan tempat daerah ganggu terus dong baik
9,Yohanes Rampang,5,2026-09-27 11:46:40,baik
9,Nerdi Ven,1,2026-09-27 11:36:00,lama parah tengah kota masa gilir komplain malah ny suruh restart bukan malah masuk
9,Iqbal Syahputra,1,2026-09-27 11:35:36,indihome lamalama ngeselin gw hilanghilangan sering restart sendiri hampir tiap hari bayar tagih tgl 20 tgl 20 indihome ngeselin pokok langgan hampir 5tahun masa kayak gin layan gak bener
9,Asnhy,5,2026-09-27 11:28:43,sangat puas internetnya
9,Rinto Dammai 31,4,2026-09-27 11:11:09,kurang baik apknya sering eror gak buka
9,IBNU SQUAD,1,2026-09-27 11:10:28,harga sekarang gk ngotak
9,Get Get,5,2026-09-27 11:09:36,mantap
9,Bass Tiand,1,2026-09-27 11:07:50,kota besar
9,sondaQ,1,2026-09-27 11:06:26,percuma jadi langgan setia harga tambah rollover harga gak ngotak udahlah saat ganti yg
9,Chandra Cepu Channel,1,2026-09-27 11:05:30,maaf y tambah tambah lelet banget terimakasih
9,Hasanudin,1,2026-09-27 11:05:11,internet gx sama sekali gx biasa jadi eror
9,Honcino Nikolaus,5,2026-09-27 11:04:51,
9,Adit Backstreet,1,2026-09-27 11:04:34,gak gak minta update terus app udah gitu gede hingga 100mb lebih udah gitu pakai kartu lama mahal sama kayak kartu baru
9,khairuddin official,1,2026-09-27 11:01:32,baru kok malah jelek aplikasi tambah ribet susah
9,Fauzi Fauzi,5,2026-09-27 10:56:01,bagus
9,Ivanyanuar Pradana2,1,2026-09-27 10:54:36,kesini ga rekomendasi make dulu kualitas bagus sekarang kecil kualitas turun reward poin cuman tuker sekali mana cuman 1 hari reward 2 hari ga ngotak bulan 28hari yg kapitalis kikir nih provider buruk sekali
9,Erni yuniarti,1,2026-09-27 10:53:02,buruk koneksi buruk harga signal
9,Noto Harmono,5,2026-09-27 10:51:49,f c f 7
9,Fir Daus,5,2026-09-27 10:48:46,poin sering tukar masuk butuh
9,Anthony Han,1,2026-09-27 10:48:31,pakai harga buka baik malah kualitas buruk rusak rusak gk recommended kalo user baru
9,Arman Abu Khalid,5,2026-09-27 10:42:47,sangat bantu darurat
9,Abil Nur Fadilah,1,2026-09-27 10:42:03,apa tu harga doang dimahalin pas buka apknya malah koneksi pdhl jaring bagus hadeh
9,Ade Supriatna,5,2026-09-27 10:38:38,transaksi pulsa paket lebih mudah
9,adi zauhari,1,2026-09-27 10:38:14,tiap update malah lama proses tambah biaya lama pakai kartu bukan malah malah sulit sayang no lama pakai kalau ga dah mau ganti aja k provider
9,FerdiSurya Ferdi,1,2026-09-27 10:37:52,dah kikir jelek entah wifi sama sama gak bagus
9,Sopiyan Vivo.,3,2026-09-27 10:34:35,oke
9,Fadlan Firdaus,2,2026-09-27 10:30:37,baik kadang suka ilang ilangan 4g suka ilang padahal baik baik aja trus jga harga paket rekomendasi sngt jumlah gb sedikit masa aktif sedikit harga sngt atas 40 rb biasa 7 gb 7 hari 20 rb 10 gb 14 hari 25 rb wajar paket yg sering tiba tiba hilang ubah kembali paket yg tdi
9,Noviansyah Ansyah,5,2026-09-27 10:30:34,mantap
9,Shanaya,1,2026-09-27 10:16:00,banget dipake ml an gua gabisa ampe mana gua
9,Sultan Maulana,1,2026-09-27 10:06:51,elit sulit
9,Raden Andi,1,2026-09-27 10:03:17,percuma ngasi promo 500gb harga 200k sekian beli ga normal sangat rugi sekali
9,Alisye Katiandagho,1,2026-09-27 10:00:47,tukar koin
9,Eva Elisabeth,1,2026-09-27 09:51:50,terlalu malas komplain malas pilih utama ulas tgl 24 sep hari ulas 1 sep 80 rb tiap hari in ga pernah stamp nyata kemarin tgl 26 tulis beli bulan veronika kata nunggu jam sms wa isi suruh tulis ulang apa kalian pikir jari langgan baik bonus
9,Adrian Yusup,5,2026-09-27 09:14:57,mending kalian kartu yg aja udah apk sering ngilang mending kalian hapus aja nih apk sengaja kasi bintang 5 biar up sekarang aku udah alih axis data murah banyak bonus mending kalian aja ni apk terus ganti kartu jangan banget masa 30gb 30rb mana cumn 5 hari kalo axis mungkin mana bonus apk sekarang
9,アキルAkiru,1,2026-09-27 09:07:13,eror mulu sama pulsa gak lihat mana sekarang siscamling gak cuma ngabisin aja
9,ahmad dwiyanto,1,2026-09-27 08:52:55,kesini g jelas dr 2004 sy mengunakan loyal aj ttp busuk kaya pelang lah kata pelang kl g mau pindah operator
9,Y12s Vivo,1,2026-09-27 08:52:15,apa apk mau klaim gak korup banget sih padahal
9,Neni Mulur,1,2026-09-27 08:38:42,ngelag
9,Yuliati Hari Parmanto,5,2026-09-27 08:37:52,buka jadi ambil hadiah promonya
9,Muhamad Saepi,5,2026-09-27 08:19:30,mantap
9,Siti Agustina Fitriani,5,2026-09-27 08:18:26,saran buat jangan dehh ntar nyesel bintang 1 mah sering error mau registrasi aja minta ampun nyesel dah kartu
9,Vindi Adiguna,1,2026-09-27 08:06:01,terlalu mahaal gak pake qris
9,Veril Satria,2,2026-09-27 08:04:13,suka tiba lemah jelas padahal posisi mumpuni baik kualitas sinyal
9,Muliono Yuliono,5,2026-09-27 08:02:42,
9,Didi Neverdie,2,2026-09-27 07:52:48,ko kluar sendiri mulu
9,Saiful Bahri,1,2026-09-27 07:50:19,sisa tetap hangus tdk dgn yg baru
9,Ananda Nanda,5,2026-09-27 07:48:54,lebih baik punya banyak promo tarik
9,nda rastafara,1,2026-09-27 07:44:35,maaf uninstall dulu buat hp baik
9,Adhypahry,1,2026-09-27 07:43:01,poin guna guna tentu sebut buat apa fitur tukar poin akun guna lama pakai kartu rasa kurang puas kadang lelet kota maupun kota
9,boy_ R92,1,2026-09-27 07:41:25,harga sulit
9,Muclis Almukatiry,1,2026-09-27 07:37:57,super lelet
9,Herry DVOC,1,2026-09-27 07:35:08,blm da d potong
9,Salji Rahman,1,2026-09-27 07:34:04,game ga gabisa pakai hapus aja tu game gak mending axis mas pakai game ngga sama gw
9,Radithya Putra,1,2026-09-27 07:14:31,kesini taik jelek harga naik mau korup uang konsumen udah kayak jabat aja
9,Helmy Pramudita,1,2026-09-27 07:07:08,berat gausah nyaranin clear cache fungsi cache guna data yg sering apk justru klo cache normal lebih lancar pas buka apk 2 3 kali cache aja jangan suruh cuman aja apa yg udah jadi update cuman apa yg dulu an sampe sekarang optimalisasi performa mana
9,Rasydatul Naja,4,2026-09-27 07:03:02,mantap
10,Ujang Rahmat,5,2026-09-27 07:00:33,
10,Vina Nurul Gina,5,2026-09-27 06:58:26,baik
10,rahman hakim Lutfi,5,2026-09-27 06:48:51,bagus
10,Andi Irawan,5,2026-09-27 06:47:33,mantap
10,jak siputraragel,1,2026-09-27 06:37:32,pinjam 2gb harga 30 ngisi pulsa hati hati guna bnyak bijak ambil
10,Anto Neurabot,5,2026-09-27 06:18:46,respon
10,Rospita Sari,1,2026-09-27 06:16:55,percuma tolol lot banget
10,PD TEKNISI,3,2026-09-27 06:11:47,saran min buat langgan poin gak
10,Devi Deviyana,1,2026-09-27 06:11:08,indihome sering eror rasa rugi lah sy tgl agustus eror lalu baik teknisi tgl agustus los tgl 20 agustus eror mau ganti provider aja dah banyak indihome paket sering eror lama banget
10,Muhammad Rifqi,2,2026-09-27 06:01:00,lag banget ga dulu udah lelet banget aduh
10,Nazifa Syafira,5,2026-09-27 05:58:19,mantap
10,Selvi,1,2026-09-27 05:55:32,ilang2an lot sekali mau pindah kartu aje
10,D. Nasrulloh R,5,2026-09-27 05:52:01,
10,Seril Ramdani,1,2026-09-27 05:40:26,gak jelas padahal tanggal 1 awal check in lalu stamp hadiah sama nonton video jadi 2 pas mau check in malah balik jadi 0 coba hadeh tambah reward gratis extra gembira semua guna malah bug gak jelas padahal malah gagal tukar kata guna tentu padahal guna gold semua guna baru gak
10,Ahmad Dinejat,1,2026-09-27 05:37:31,korupsi
10,Junaidi Maulana,4,2026-09-27 05:37:07,keren
10,Gavin Mahendra,5,2026-09-27 05:35:07,baik
10,Syahnanda Utama,1,2026-09-27 05:31:41,masa hangus kalau lewat masa ga akumulasi lapor komdigi
10,ARDIAN KALTARA CHANNEL,1,2026-09-27 05:14:47,sampah harga jelek
10,Mawar Anthika,1,2026-09-27 05:13:04,kali isi pulsa masa aktif tambah padahal isi pulsa banyak beli internet internet jaring stabil guna
10,Hendry kozaki,5,2026-09-27 05:11:09,bagus
10,Marnatati Ndruru,1,2026-09-27 05:09:54,payah banget login sampe puluh kli buka
10,Aam Uchll,4,2026-09-27 05:07:54,ah banget
10,Aidil Fitra Mulia,1,2026-09-27 05:07:24,haduh bukan bagus malah payah masa lama kali apk
10,Purba hengki,1,2026-09-27 04:59:09,jelekkkk
10,indonesia indonesia,1,2026-09-27 04:58:39,sampah gampang buat lag apa2 keluar sendiri
10,Azuma Kayzo,1,2026-09-27 04:50:39,mending lu lenyap aja sekali sekarang banyak guna lu yg udah jengkel banget sama lu kasih lu b5 lu sampah bukan top tier sampah b5 bukan top tier b5
10,Dila Gabriela,1,2026-09-27 04:48:22,buruk banget udah jaring jelek waktu kuota jg ga ngotak
10,Ahmad Tomo,1,2026-09-27 04:47:02,mati lampu mati
10,Surya Mandiri,5,2026-09-27 04:45:29,
10,B M W,2,2026-09-27 04:44:32,gak padan bal jaring gak lambat
10,Tri ART,1,2026-09-27 04:39:56,tetap kecewa
10,Rais,1,2026-09-27 04:36:36,jelek siput menang maen deket modem gak pake wifi ngelag sama pake kalo hujan hilang kalo bikin bagus lah jangan penting bagus kota doang jelek
10,Arya maulana,1,2026-09-27 04:34:59,ga si kalo buat apk ga usah berat berat aku mau aja bolak balik terus apa apa 1 bulan 28 hari malesin banget kalo mau ngecek lama banget
10,Yaemi Tsuyo,1,2026-09-27 04:17:57,wah gila hebat banget pakai kartu sangat murah sekali sangat kencang sekali internetnya kalian tes mental lebih baik guna kartu mental kalian hari jam menit detik selalu
10,araa's,1,2026-09-27 04:16:30,kacau bgt ni udah guna pulsa non gaada data seluler selalu pakai wifi pulsa tetap non stres
10,Asrisal Sudirman,1,2026-09-27 04:15:22,langgan lama maupun langgan baru beda taikkk paket serba masa 100k cuma 15 gb doang bab1 guna 2016 ga pernah ganti kartu detik promonya kek bab1 kata laku 28 hari masa laku korupsi jadi 26 hari 30 hari 28 hari seluler taii
10,Y Line Pekanbaru,5,2026-09-27 03:50:59,
10,Trimanto,2,2026-09-27 03:49:17,sangat lambat loading
10,Uciha Itachi,1,2026-09-27 03:42:00,jelek terus paket
10,Brondong Muda,1,2026-09-27 03:35:19,harga kikir gk bagus
10,Jimi Tetop,5,2026-09-27 03:25:09,
10,Lestari Zebua,5,2026-09-27 03:23:31,sangat baik
10,Monesa Nurfahayu,5,2026-09-27 03:22:33,sangat bantu
10,Nurlidiana Ntx,1,2026-09-27 03:18:58,nih buruk bayar tagih pinjam chat mau blokir padahal semua tagih pinjam selalu sy lunasin tadi malam lunasin pinjam sekarang chat terus spam chat dr buat apa lah aja mana harga mangkin mangkin terus mangkin is benci banget sama sekarang
10,iwan destiawan,1,2026-09-27 03:00:07,sering lemotmau aja susah update aja
10,tasik malaya.,1,2026-09-27 02:53:51,lot jir
10,juswa bragi,1,2026-09-27 02:50:58,terlalu terlalu bnyak langgan penting
10,Kurniadi W. Nugroho,1,2026-09-27 02:43:52,keluar bijak perintah hangus hari lihat my rollover 6 harga minimal rp gb masa laku 30 hari nyata bijak akal semua produk rollover yaa emang gitu gak perlu semua akal dar penting rollover klo
10,Rifaldi Dealova,1,2026-09-27 02:42:21,ngeleg kali
10,Fakriyah Fakriyah,1,2026-09-27 02:41:44,sekali beli internetan
10,kapten jarot,1,2026-09-27 02:39:46,woi telkomnyet dengar gak sih perintah udah bilang gak hangus ni kalian tau gak 1 bulan tu berapa hari gak semua 28 hari klen buat hari klen potong otak tak bujang
10,Pangestu,1,2026-09-27 02:36:06,pas hari minggu gak pernah pakai lokasi tolol kali kau orang mau hari minggu malah gak
10,rachmat wahyudin,1,2026-09-27 02:18:08,sumpah aplikasi lot berat banget
10,Maung Sibelang,5,2026-09-27 02:09:29,suka hilang suka lot jelek bagus tiba tiba g tiba tiba hilang entah coba
10,Hasna Donna,5,2026-09-27 02:05:08,
10,Asep Mancung,1,2026-09-27 01:53:31,banyak bug
10,M. Davy Abdurrahim,1,2026-09-27 01:52:55,kau punya kau terus sampe aku pakai server game suka force close dasar hama negara
10,Sohiron Sohir,1,2026-09-27 01:45:59,pantas peras nama darurat minimal udah ketik aktif eh suruh ketik buat claim pas udah aktif malah cuma kepake 1 hari doang udah sinyal jelek banget
10,Muhammadarifin Kadafi,1,2026-09-27 01:40:17,sekarang pas tibahilang an jaringn suka hilang timbul
10,Yeni Rahmawati,1,2026-09-27 01:39:18,lelet
10,supandi pandi,5,2026-09-27 01:35:03,mantap
10,kasanova nova,5,2026-09-27 01:33:46,
10,Aan Aan,5,2026-09-27 01:32:20,baik
10,Kania Nia,1,2026-09-27 01:30:00,pulsa gopay bikin lapor selesai bayar tp pulsa masuk2 gmn
10,resa rianda,1,2026-09-27 01:27:38,no liat aja app
10,Chalisa Nabila,5,2026-09-27 01:19:09,sangat manfaat
10,Abdul Kholik,1,2026-09-27 01:06:16,putus mk 23 2026 sisa internet hangus nyata hangus sengaja internet masa aktif internet nyata sisa internet gb belum
10,Dud Dwi,1,2026-09-27 01:02:20,sisa masa aktif bagus sisa langgan
10,Diffa Daffa,1,2026-09-27 00:48:53,aplikasi jelek sendiri dah mahal2 lgi semkin sering sini semkin taiiii
10,dicky heroes,1,2026-09-27 00:44:32,sampah
10,Rosa Amelia,3,2026-09-27 00:43:38,nge bug ga transfer
10,Muhammad Arifin,5,2026-09-27 00:32:09,
10,Tini Tini,5,2026-09-27 00:31:02,sangat batu data banyak reward apa aja
10,Sri Widyawati,5,2026-09-27 00:27:35,baik
10,Oppo,5,2026-09-27 00:21:18,jos
10,Edi Haryanto,3,2026-09-27 00:06:50,coba dulu ulang klu bagus paket tdk naik terus tak bintang 5
10,Agus Fari Andik,1,2026-09-27 00:05:10,parah kelas aplikasi lelet banget sering eror
10,Misur 160684,4,2026-09-26 23:55:33,mantap
10,javas osborn,1,2026-09-26 23:51:54,internet
10,MUHAMMAD TASRONI,5,2026-09-26 23:49:20,terlalu mati lampu jaringanya hilang mohon baik
10,Fransiskus olla Iku,5,2026-09-26 23:44:30,
10,Al Sydin,4,2026-09-26 23:40:50,coba
10,Aris Nanda,4,2026-09-26 23:31:02,makin serba jelek boros atau pulsa makin kecewa
10,Asep Joy,4,2026-09-26 23:26:40,kurang baik
10,Adila nisa Ardani,3,2026-09-26 23:24:17,malam tdi pulsa ribu pas pagi ngecek sisa pulsa 24 ribu kok pulsa potong apa pulsa customer tdk ad terang potong
10,Afat Liu,1,2026-09-26 23:22:58,daerah dekat jakarta barat kok lelet banget ni buat jadi susah
10,ERNA WATI,5,2026-09-26 23:14:19,oke
10,suryo wibowo,2,2026-09-26 23:12:39,ampun dah apa yg lot bgt buka jadi masalah pake speed ajh arti server lu yg lot bener napa punya gin bgt
10,Ahmad Puji,1,2026-09-26 23:06:45,berat sekali proses data
10,Raichi desu,5,2026-09-26 23:02:59,update apa skrg paket masukin otp tpi 15 menit kgk masuk masuk otp udahlah harga ngk masuk akal kadang suka ngilang sendiri buka lama banget lah telkom malu ama provider belah
10,Hru Setyawan,1,2026-09-26 22:57:21,puluh taun pakai sekarang fitur gak jelas pulsa gak masuk saldo potong sekarang komplain kata pulsa udah masuk riwayat transaksi gak jadi gimana mau kalau riwayat transaksi gak sangat kecewa sekali halo indosat xl axis kamu kaya gin gak mau paling aja
10,zidan Alfaro,1,2026-09-26 22:56:48,daftar susah bener
10,Febri Gono,2,2026-09-26 22:41:40,knp tulis maaf habis mau top up mlbb jadi gak nih mana udah mau akhir perlu
10,hasrul,5,2026-09-26 22:35:10,bagus
10,Muhamad Sandi Nurholis,1,2026-09-26 22:33:22,jelek
10,Salman Semet,5,2026-09-26 22:31:07,promo
10,Muhamad Salas,1,2026-09-26 22:13:48,akhir akhir lot banget doang lu kualitas gaada pindah aja xl
10,Deck Yog,2,2026-09-26 21:56:08,kurang puas
10,Xresidivist 86,5,2026-09-26 21:28:06,sangat bantu
10,Rina Rayhannan,1,2026-09-26 21:26:52,telkom moga kamu dapet mau bangkrut bangkrut sekali tahun tahun pake sini udah lelet paket sini udah sengaja rollover biar sisa pake bulan depan tetap aja hangus kalo bintang lebih rendah 1 kasih deh buat telkom doang
10,Jenni,1,2026-09-26 20:32:06,udh buruk eh sekarang akumulasi ilang tipu nih perintah harus semua harus akumulasi bukan cuma beberapa doang
10,Amie minsky,1,2026-09-26 19:53:14,cek sisa quota lalu sms detail semenjak laku quota akumulasi cek quota via sms isi tgl akhir parah
10,Fariz Setiawan,1,2026-09-26 19:42:26,optimalisasi dulu app lu bgst edit bintang satu jawab sama bot
10,Bravo Jaya,4,2026-09-26 19:30:01,baik wilayah jelek ilang ilangan
10,Luqman Rafi,1,2026-09-26 19:24:46,idiot
10,Agrifa Agung 252,1,2026-09-26 19:22:52,lama turun lalot boros gb 28 hari habis cuman 20 hari padahal cuman wa aja tiktok kacau
10,Dimassaputra Saputra,1,2026-09-26 19:16:26,muak bngt sama harga ganti kartu klo begini terus
10,Rukani Kudus,5,2026-09-26 18:47:42,jos selalu setia waktu pokok
10,Viy Vi,5,2026-09-26 17:43:01,baguss
10,Widelia Nopianti Simanjuntak,5,2026-09-26 17:29:29,baik
10,Agus Iskandar,1,2026-09-26 17:21:12,paket udah kaya maen ingat puas langgan nomor 1 bos
10,adam breezzy,1,2026-09-26 17:17:36,sumpah najis kali lihat lah ken ku aja tiang tower
10,Zeit Lich,1,2026-09-26 17:16:53,error mulu mau liat sisa
10,Muhammad Alasyarif,1,2026-09-26 17:12:37,uda kuota tutup aja kalo ga niat
10,Eka Widdianto,1,2026-09-26 17:02:49,stamp udah balik harga naikin
10,Nover Linda (Kak Lin),2,2026-09-26 16:59:50,harga biasa yg sering uda ilang 6gb uda riset jadi sangat
10,chanel show,1,2026-09-26 16:58:57,makin lama makin buruk internet sangat buruk
10,Farhan Fahrizal,1,2026-09-26 16:55:37,lot trus
10,Iwan Zai,5,2026-09-26 16:54:50,malah buruk kualitas jaring
10,sastro gultom,1,2026-09-26 16:47:31,lama gak beres klen provider buat inovasi baru gimana biar lancar terus klen udahlah harga langit ampass
10,Pengguna Google,5,2026-09-26 16:47:12,bgus
10,Clay Claymore,1,2026-09-26 16:45:37,apk berat banyak
10,Muhamad Hasan alinudin,1,2026-09-26 16:33:46,kota banget jelek banget sih pulsa darurat 1 hari ajah dong wkwkw anjay banget sih kota turun
10,Mochammad Rofiqi,4,2026-09-26 16:24:58,top
10,RNB Reborn,1,2026-09-26 16:23:23,kartu baru ketemu notifikasi panggil darurat haduh
10,Nana Karlina,1,2026-09-26 16:18:46,doang nauzubillah mohon baik dong banyak cuma gada baik sama sekali
10,Mirzam Jeky,1,2026-09-26 16:17:04,payah ngasi fitur kirim tp ndak pakai selalu salah sistem
10,Yelvel Vanzista,1,2026-09-26 16:15:05,gimana aplikasi kouta ku habis pake hotspot teman mau eror terus mau duit gak astaga jelek minta main game mobile legend nonton tik tok bagus koneksi pas buka gak gimana
10,rstnkhi nns,1,2026-09-26 16:01:42,ga worth it harga kouta mahal2
10,Fanny xml,1,2026-09-26 15:54:32,ni telkom ganguan mulu masalah apa si tiap hari aja ganguan udah pakek ga buruk
10,Yosi poari,1,2026-09-26 15:48:21,stop pakai nyesel anjir sekarang pakai kartu yg wilayah bal jgn pernah pakai padahal langgan bulan suka hilang sekarang emg betul xl lebih kenceng
10,Fajri Rahmasari,1,2026-09-26 15:44:01,ga jelas loading mulu buka halaman cek aja abis 2 gila
10,MIRASANTIKA DIARY,1,2026-09-26 15:40:37,nda sesuai
10,Fahmi Sequad,1,2026-09-26 15:39:49,lama sedikit lebih kaga bener masa cuma 2gb aja lebih 30 ribu cuman tambah waktu aja emang kaga ngotak bener aja 20 ribu 7gb
10,Ghufron Dahlan,1,2026-09-26 15:35:33,bye suka ngilang paling
10,Dermawan Dadan,5,2026-09-26 15:34:46,sangat bagus
10,muhammad arsyad,5,2026-09-26 15:31:50,bagus
10,Wahyu Rahmat,1,2026-09-26 15:29:00,harga doang sulit bgst
10,naa aee,1,2026-09-26 15:27:56,cuma buat lag gajelas mana kalo mati lampu
10,arfa adi,1,2026-09-26 15:22:24,lama full lag jangan cuma harga jaga kualitas
10,Agus Sudibyo,5,2026-09-26 15:14:42,terima kasih
10,Reza Octavila,1,2026-09-26 15:14:24,aku super seru promo 50k 15gb my gagal uang ku potong gimana
10,Ikhsan Faskha,1,2026-09-26 15:11:31,gak jelas padahal ngeleg parah full tetap leg kecewa sama sekarang parah bukan baik malah parah
10,David Robinson,5,2026-09-26 15:08:13,
10,Tanjung Oloan,1,2026-09-26 14:52:11,ga jelas sering isi malah semua mau kasih bintang
10,Kael Crescent,1,2026-09-26 14:40:18,internet selalu lag tiap bikin keluh customer ngga cepat
10,Tian Tiun,2,2026-09-26 14:39:36,aku mau kasih saran mending tambahin fitur pilih buat udah jadi kalau 2 lebih pake utama contoh aku 6gb nah 3 hari kemudian ku sisa 2gb terus aku 6gb nah sini aku milih pakai yg sisa 2gb 6gb jadi biar utama yg sisa enggak sia sia gara gara yg kepake malah yg beli
10,Muhamad Ripandi,5,2026-09-26 14:39:11,sangat baik
10,Herdy herdyherdiana,5,2026-09-26 14:36:15,bagus
10,Raden Kusyanto,4,2026-09-26 14:35:39,bagus
10,ujang edi,5,2026-09-26 14:31:16,
10,Lis Man,3,2026-09-26 14:24:27,baik
10,Ayshilla yasmine,5,2026-09-26 14:23:36,bagus tingkat terus
10,RS. Siagian,1,2026-09-26 14:23:14,ampass lelet
10,Zalfa Salsabila,1,2026-09-26 14:20:54,ga offline aja kalo pulsa tuker apk rumah ga wifi pulsa biar paket kesana kesini cari wifi dulu mau hotspot jg sm sm telkom bet bet ga kaya apk udh bnyk bs offline lg
10,Inggridh S,1,2026-09-26 14:18:50,telkom busuk jaring kadang jelek harga langit busuk pokok busuk y aku
10,Masembo 1979,5,2026-09-26 14:17:52,baik
10,Fatih Widjan,5,2026-09-26 14:15:48,pantas apknya merah soal sinyal merah hari korup harga kualitas
10,Atik Eko,5,2026-09-26 14:08:19,
10,Kang Mas Fuad,1,2026-09-26 14:01:26,eror mau data eror
10,Arya Putra123,1,2026-09-26 14:01:15,jelek terus
10,Iman S,1,2026-09-26 13:59:19,update terus ngeleg aplikasi taii
10,Ramdan Alip,1,2026-09-26 13:52:29,lelet paket jringan usaha besar tpi knp jringan skrng lelet kecewa
10,Marc,1,2026-09-26 13:50:55,kurang harga 15 gb bulan panjang masa aktif gak rekomendasi untuk promonya golong kurang sesuai guna
10,Mawi Dar,1,2026-09-26 13:50:20,paket gila
10,Marno94,5,2026-09-26 13:44:20,kuata intrnet mas
10,Motor Rri,1,2026-09-26 13:43:28,
10,Namih “namih” Namih,5,2026-09-26 13:34:38,bagus
10,rahman buton,1,2026-09-26 13:26:04,terlalu mahall
10,Deny Attarazka,5,2026-09-26 13:09:39,lebih tingkat lot
10,Muhamad Pramadia,4,2026-09-26 13:09:06,cukup praktis lelet aplikasi
10,Diki Shaputra,1,2026-09-26 13:06:40,sering ganggu lg
10,Abdul Kodir,5,2026-09-26 13:01:19,keren
10,Ms syahrif Syahrif,4,2026-09-26 12:58:17,moga pihak lebih baik kualitas sistem
10,Rahman alfarisilukman,1,2026-09-26 12:57:02,usah kirim iklan hadia semua hadia kalian dapat jadi usah guna kalian
10,Aal Medan,2,2026-09-26 12:52:11,susa buka jelek pakett lama
10,Max Devil,1,2026-09-26 12:43:49,apk nyaa selalu keluar
10,Ramadika Wisnu,1,2026-09-26 12:39:58,busuk banyak mau bagus wifi bagus mulu bangke gimana sih
10,Bucin Gaming,1,2026-09-26 12:39:21,bosok busuk
10,Ahmad Faiz,1,2026-09-26 12:30:30,pakai kartu dah 5tahun percuma tetep udah g lemah
10,Vivin Riansen,5,2026-09-26 12:25:06,my keren
10,Pulung Sejati,5,2026-09-26 12:21:52,sangat puas
10,Marcello Damanik,1,2026-09-26 12:20:28,ngelek
10,Muhammad Fadel,1,2026-09-26 12:19:57,baik jaring
10,David Fawwaz Nugraha,1,2026-09-26 12:14:08,udah 5 tahun tetap buruk 10 kadang dapat 3g alami bukan 1 hari 2 minggu hampir tahun ubah
10,AL Qaish,1,2026-09-26 12:11:51,jual seru 30 gb guna 15 gb 15 gb youtube kaya gitu 80 gb cuma 40 lah
10,Aji Santoso,5,2026-09-26 12:00:40,sangat bagus
10,Hari Poe,2,2026-09-26 11:55:09,kurang muas isi pulsa sllu potong tau udh ngisi harga pasang d masyarakat guna
10,Boby Prasetiyo,1,2026-09-26 11:49:13,buruk sekali buat main game
10,Fadly Hidayat Viazi,1,2026-09-26 11:39:26,yg tawar terlalu
10,arif rizqi,1,2026-09-26 11:38:19,terlalu banyak menu menu yg ngga guna jadi berat mau aja muter muter mulu
10,Nata Winata,2,2026-09-26 11:34:48,langgan kesini makin
10,22 - 004 Pedro Lumban Gaol,1,2026-09-26 11:33:56,wah kacau ni usaha punya sisa 15gb kouta youtube ga pake apa sih maruk kali kalian jadi udah lah gabisa pake udah super kapitalis kalian usaha babi
10,Dahlan Lajulu,2,2026-09-26 11:30:08,lalot
10,Humas Tirtamedal,5,2026-09-26 11:28:04,mantap
10,Nurul Yakin,5,2026-09-26 11:21:41,mantap
10,Mahsun Azkha,5,2026-09-26 11:16:30,bagus
10,X _Andy,2,2026-09-26 11:16:23,lumayan jadi d buka 2 hari koneksi internetnya busuk sekali pertama pakai orbit hampir 4 tahun yg lalu baru kali internetnya not recommend buat internet
10,Nidal Concept,2,2026-09-26 11:10:08,
