Halaman,Nama_User,Rating,Tanggal,Ringkasan_Heading
1,Ivon Syarif,1,2026-10-03 13:35:58,paket makin mahal tapi jaringannya nauzubillah lemotnya. udh beli yg 70gb saking lemotnya beli paket di tri lagi untuk akses nonton.. biar aja rugi yg penting ngk lemot...
1,Trynatalis Waruwu,1,2026-10-03 13:34:25,harga paketannya muahaaalllll...!!!!!
1,Epul Gendut,3,2026-10-03 13:29:33,"HARGA KUOTA INTERNET MAKIN EDAN Kuota Internet Telkomsel PADA MAHAL-MAHAL, Kartu Telkomsel Itu Khusus Untuk Orang Kaya Saja Harga Nya Sebanding Dengan Orang Kaya, Untuk Orang Miskin Tidak Akan Ke Beli Dengan Harga Selangit"
1,Imam_ Kurniawan,3,2026-10-03 13:25:40,"Tidak bisa melakukan pembelian paket internet dengan alasan koneksi jaringan padahal jaringan bagus² aja pakai wifi bahkan, dari pagi sampai malam tetap nggak bisa juga"
1,Agung m,1,2026-10-03 13:24:14,buruks
1,Usbeck Farker,1,2026-10-03 13:22:21,sumpah jaringan nya ga ktolong di daerah gw. parah jelek nyaa penuh tapi ngleg
1,luthfi al maliki,1,2026-10-03 13:22:11,"Harga doang mahal, jaringan lemot. Gua ga masalah kalo mahal tapi kualitas bagus. Ini udah mahal kualitas jaringan jelek. Blok!!!"
1,Gopal ngadiman,1,2026-10-03 13:20:23,semakin hari semakin jelek sinyal
1,Haris,2,2026-10-03 13:10:10,rewardnya ga ada yg semenggah. ngapain pake dapet nsp model zaman awal 2000an aja.
1,Media Digital,1,2026-10-03 13:08:01,"Telkomsel makin lama makin jelek, paketan doang mahal tolong perbaiki sinyal Telkomsel ya"
1,Mogan Sihotang,1,2026-10-03 13:07:19,Harga paket mahal . kualitasnya buruk sama seperti orang didalamnya.... jaringan suka lelet atau ngelagg
1,Christina Irenesha Trisniadi,1,2026-10-03 13:07:11,"aplikasi lemot, mau isi kuota malah masuk ke nomor satunya, cs ai nggak informatif, nggak usah kembangin fitur yg aneh2 buat beli pulsa/kuota aja nggak bisa. payah👎"
1,Jebjeb Channel,1,2026-10-03 13:04:55,14tahun make paket makin lama makin nggak ngotak. Mana jaringan ilang2 dikota besar lho ini 32gb 140rb Dah miski apa gimana lu?
1,Amyus Jaaa,5,2026-10-03 13:03:55,"bagus dong,,,,murah² pendaftarannya"
1,Abdulah Aziz,1,2026-10-03 13:00:11,😊 bintang membuktikan bahwa...
1,muhamad nur,1,2026-10-03 12:59:06,"paket mahal mahal.... jaringan kek apa tau putus putus, korupsi kalean bgsd"
1,Adil rahman Rahman,5,2026-10-03 12:58:40,bgus
1,Diki Firmansyah,3,2026-10-03 12:51:16,aplikasinya lemotnya ampun ampunan
1,adrian fatah,1,2026-10-03 12:43:45,mahal sekali promo gak guna
1,choerul anwar,1,2026-10-03 12:39:16,kuota makin mahal sinyal malah tambah BUSUK
1,Nur Teti,5,2026-10-03 12:36:25,baguus
1,Firdaus Jbi,3,2026-10-03 12:31:41,lebih baik lg sinyal internetnya
1,Angga Khoirinsyah,4,2026-10-03 12:31:03,sangat membantu
1,Jidan Jidan,5,2026-10-03 12:30:00,sangat bagus
1,Dwiky Fauzi,1,2026-10-03 12:28:59,tolong diperbaiki lagi sering bug aplikasinya
1,Bapake Raskha,1,2026-10-03 12:28:21,lemot!!!!
1,Vinaaa Pinn,4,2026-10-03 12:26:51,gajelas bgt ni apk jaringan lemot sllu lag
1,Dadan Dani,1,2026-10-03 12:26:05,operator penyedot pulsa terbaik fiturnya jaga pulsanya cuma Gimik
1,papih muda,1,2026-10-03 12:20:54,makin gak jelas Telkomsel ini paketnya mahal2 jaringan ancur ancuran perbaiki jaringan jangan harga paket aja yg mahal sesuaikan sama harga nyalah masa kadang jaringan full gak ada internet kan lucu
1,SekedarHobi,1,2026-10-03 12:20:21,lemot
1,hariet kaurow,1,2026-10-03 12:18:28,"untuk kedua kali ,pembelian paket data tapi tidak pernah masuk lokasi timika Papua. sudah complain di customer servicenya. tapi. tetap tidak ada solusi. kalo pelayanan begini. mending ganti provider. PARAAAH. TELKOMSEL"
1,Ichsan Ajoo,3,2026-10-03 12:17:20,"paket nya makin mahaal, toloong dong min, yg masuk akal paket nya, saya selalu beli ini."
1,Andre Jimmy,5,2026-10-03 12:17:18,ok telkomsel
1,Rudi Harfis,1,2026-10-03 12:13:05,pulsa hilang terus dikit terus dasar maling
1,Uda Harry,1,2026-10-03 12:11:33,Maling pulsa
1,EmperoR N,1,2026-10-03 12:10:16,sinyal nya goblog
1,Sarip 345,1,2026-10-03 12:09:54,Jaringan jelek apalagi kalo mati listrik atau hujan jelek parah. sama paket internet nya mahal-mahal katanya tulisan promo tapi harga 50rb aja cuman 10gb 28hari bukan promo itu namanya kocak mana aplikasi nya lama-lama di update terus makin berat haduh udah gak bener ini Telkomsel
1,yana soetrisna,1,2026-10-03 12:09:34,sinyal butut
1,Nanda Hadryani,1,2026-10-03 12:08:48,"Telkomsel juga makin parah banget jaringannya, di buat main game ngelag parah, jaringannya juga suka hilang timbul, ya ampun😭"
1,MLS AUDIO MLS,5,2026-10-03 12:08:00,sangat baik
1,Rudi Harfis,1,2026-10-03 12:07:08,sering hilang terus pulsa dikit aku gak pernah dihidupkan internet aku pakai wifi terus dirumah itu cara Telkomsel maling pulsa
1,Naflah Althafunnisa,4,2026-10-03 12:06:51,"benerin lagi, suka ngelag²"
1,Bandi Spd,1,2026-10-03 12:02:13,jaringan jelek x tolong di perbaiki buat kesel . apa lagi d kecamatan langkahan.kakin parah jaringan ini .mampus lH kau Telkomsel
1,Samsung Galaxyssglxy,5,2026-10-03 11:57:37,mantap
1,Tristan 007,1,2026-10-03 11:57:07,makin rusak apk susah d buka... 🤯🤯🤯
1,dimas saputra,4,2026-10-03 11:54:22,kuota terlalu mahal mohon untuk memberikan keringanan dan pertimbangan agar harga kuota lebih murah
1,Mah Mudin,1,2026-10-03 11:53:52,"jaringan telkomsel makin lama makin buruk, sangat kecewa jadi pelanggan telkomsel"
1,vicho,1,2026-10-03 11:50:02,"sudah 5 th pake Telkomsel harga semakin mahal, harga selalu berubah ubah sudah tidak wort it"
1,Ferdi Yanto,5,2026-10-03 11:49:42,bagus
1,Antigosip 0910,1,2026-10-03 11:44:57,perbaiki sinya lh sinyal 4g tpi d pake ga lncar ada sinyal sama aja
1,Eran Nola,1,2026-10-03 11:43:27,paket mahal gua pakai simpati cman karena signalnya ada di tempat gua
1,Chalisti Tahir,1,2026-10-03 11:32:52,"Selamat malam, saya ingin menyampaikan keluhan terkait pulsa reguler sebesar Rp20.000 yang dibeli oleh ibu saya untuk nomor saya. Saya sudah menerima notifikasi melalui SMS dari Telkomsel, tetapi ketika saya memeriksa aplikasi Telkomsel, pulsa tersebut belum masuk atau belum bertambah. Mohon bantuannya untuk memeriksa kendala ini dan memberikan solusi agar pulsa saya bisa diterima sesuai transaksi. Terima kasih😭🙏🏻"
1,leveltaekwondo club,5,2026-10-03 11:32:31,Best provider
1,Fatki Setiawan,1,2026-10-03 11:32:09,"ini aplikasi berat banget, dibuka force close terus, tolong dong UI nya diringanin lagi gausah berat-berat!"
1,Hasbi Sidiq,5,2026-10-03 11:30:15,kasih la pket murah bos
1,Abdul Jepara,1,2026-10-03 11:15:18,"paket semakin mahal walaupun banyak pilihan paket, jaringan semakin tidak normal paket mahal ada paket promo sama tidak sama saja mahalnya parah telkomsel"
1,Ferli sembiring,1,2026-10-03 11:14:29,kuota internet utama habis 0 GB tapi kuota youtube ada 14GB tapi kenapa tidak bisa buka youtube?
1,CI Memei,1,2026-10-03 11:05:32,WOIII TELKOMSEL ANJEENG.. PAKET KALIAN MAKIN MAHAL..LELET NYA MINTA AMPUN... PANTEEK
1,Hajib.moo Hani,1,2026-10-03 10:54:28,harga mahal tapi jaringan sangat buruk
1,Gaul Gaul,1,2026-10-03 10:48:17,tdk berguna
1,Muhammad putra Ziyaad ilham,1,2026-10-03 10:46:23,"apk kikir , pelit g ush beli di sini lagi"
1,zavier,1,2026-10-03 10:38:24,ni aplikasi apaan banget dah kuota makin lama makin mahal harga ga ngotak udah gitu jaringan lemot terus gunanya promo itu apa? kalo masih mahal gitu bukan promo namanya. ini aplikasi bukan buat beli kuota tapi buat nguras dompet doang ga guna se isi isinya udah muak sama telkomsel ini bintang 1 lah beli terus di kira bakal dapet promo murah eh malah dapet promo nguras dompet lebih baik pindah dari pada ngabisin duit di tempat kikir ini
1,Rv Rey (Darkqueen),1,2026-10-03 10:35:56,"kenapa tidak bisa direedem poin untuk tukar langganan prime video ditgl 1,alasannya Telkomsel gangguan tiba2 patah pas tgl 3 hilang semua poin aku"
1,Aditya Ananta,1,2026-10-03 10:34:29,"Aplikasinya ngeleg banget perasaan yak, dan kadang suka bolak balik sendiri gajelas. Ditambah harga paket yang aduhai mahalnya, masa ada paket yang harganya sama, masa berlakunya sama, tapi isi kuotanya beda jauh jir. Dah gitu gaada paket yang dibawah 10rb atau jarang banget gw Nemu paket dibawah 20rb, kebanyakan 20rb mana banyak yang ga worth it. Btw gw dah nyari ke semua paket di ""Internet"" buat nyari paket yang bagus, cuma rata rata jelek semua, jadi jangan nyaranin buat nyari ke rekomendasi"
1,uha nasuha,5,2026-10-03 10:32:08,"harga paket internet sebentar naik, sebentar naik, sebentar naik..naiknya cepat bgt harusnya makin kesana makin murah, dan harapan saya pemerintah dimasa depan bisa menyediakan internet gratis utk masyarakat ..."
1,Mulyadi Mulyadi,5,2026-10-03 10:31:19,💥
1,Hendi Saputra,5,2026-10-03 10:25:03,bagus sekali
1,Sulton Amrul,5,2026-10-03 10:18:22,mantap
1,Fadhil Athallah,1,2026-10-03 10:15:06,bayar 140rb for nothing! Buat apa setia 7 tahun kalau gak dihargai kualitas loyo loyo? mending ke XL aja
1,RM D Vister,2,2026-10-03 10:13:57,"apk nya makin berat nge bug Mulu , jaringan terputus Mulu Kouta masih gede TPI terputus,makin sering di beli makin mahal ,"
1,Abdullah Azzam Husein,1,2026-10-03 10:11:04,"harga paketan setiap bulan semakin mahal, harga mahal tapi kuota yang didapatkan semakin sedikit, jaringan juga sering drop..tolong kalau buat paketan itu pisahkan antara kuota utama dengan hal-hal lain yang tidak penting, tidak semua orang butuh dengan langganan selain kuota utama. sudah begitu kuota yang masih tersisa sampai masa aktifnya habis malah hangus, sangat kapitalis sekali sistemnya."
1,Siroj Uddin,4,2026-10-03 10:00:15,yaa lumayan bagus tapi kadang sinyal suka ilang ilang
1,Yauk Well,1,2026-10-03 09:57:10,"kartu mahal, jaringan jelek"
1,Ryan Aries,4,2026-10-03 09:54:46,Kadang-kadang bagus kadang-kadang jelesk sinyalnya
1,Nur Anwar,1,2026-10-03 09:52:15,gorontalo puhowato sinyal tiap malam minggu gangguan kerja yang bner jangan korposi mulu
1,Faathin Imaduddin,1,2026-10-03 09:51:37,mahaal
1,Andri Hidayat,5,2026-10-03 09:49:48,"Tau nggak orang yang paling menderita, tanya aja ke user Telkomsel, udah beli paket mahal-mahal, jaringan jelek nggak stabil, ndut-ndutan. Tiap bulan ada aja masalah jaringannya, ngirim Chet wa pun bisa sampai 10 detik baru kekirim, belum pas nelpon suaranya putus-putus. pokoknya user Telkomsel ini orang yg sabar lah wkwkwk. pengalaman user Telkomsel dari 2014."
1,Songoku 46,5,2026-10-03 09:37:32,👍👍👍
1,uzan Uzan,1,2026-10-03 09:31:14,sistem verivikasi cacat anj kau udah ratusan kali verifikasi dana kaga bisa aplikasi nya meresahkan di ketik keluar sendiri apalagi pas mau beli paket
1,Galih Pulong3,1,2026-10-03 09:24:17,Kenapa sinyal Telkomsel punya saya centang 2 jadi centang 1
1,Berliana Plg,1,2026-10-03 09:20:35,"ni klo aktifin hotspot trus 3 device yg nyambung malah ngelag prh pdhl kuota masih banyak, bagusin lgi noh jaringan burik lo"
1,Anwar Ujang,1,2026-10-03 09:20:35,aplikasinya error tidak bisa di buka
1,Awalia Zulfana Rasyid,3,2026-10-03 09:13:55,"aku sampe bingung mau kasi bintang berapa😭😭 kenapa setiap beli kuota gagal terus sampe berhari hari, pake m bangking gagal pake e-wallet gagal diisi pulsa dulu juga gagal ya Allah astaghfirullah sabar sabar,, dan itu berulang setiap mau isi kuota😭"
1,Mazza Yudha,1,2026-10-03 09:08:00,"8 tahun, pakai Telkomsel, 2x mengalami hal stam reward premium, tidak terbaca sudah beli akumulasi pembelian paket 100rb, itu sudah jadi hak kami sebagai pelanggan, tapi itu eror, padahal pembelian dalam aplikasi, sangat merugikan, dan berfikir akan Menganti kartu, dan semua permasalahan itu tidak 1 pun ada solusinya dari pihak Telkomsel, 😡, terimakasih"
1,Yoas Patadungan,1,2026-10-03 09:07:52,jaringan jelek mahal doang tidak sesuai dengan kualitas masih mending jaringan im3 yang murah tapi bagus daripada Telkomsel mahal tapi jelek
1,DICKY FAKHRURIZAL ULYA,1,2026-10-03 09:07:38,APLIKASI BURUK MALAH STAK PEMBAYARAN.... NGACOO
1,Darrel Daffie,1,2026-10-03 09:00:28,"benerin sinyal lu, mahal doang sinyal jelek"
1,Ibnu Ramadhan,1,2026-10-03 08:52:53,"Lawak banget ya 12 tahun pakai Telkomsel hari ini bener bener kecewa parah, pembelian paket tidak berhasil tapi saldo kepotong giliran saya hubungi pihak CS harus nunggu 3x24 jam. parah"
1,Dede Kurnaedi,1,2026-10-03 08:52:48,"Paket makin mahal kalo makin kenceng sih oke ,lah ini udah mahal lemot banget sekarang Telkomsel Gilak, gw dijakarta bukan dihutan serasa hidup dihutan pake Telkomsel, isi paket gapernah yang kecil minim 150 GB , tapi lemotnya luar biasa perbaiki lah sistem kalian tuh , jangan cumaa naekin harga doang"
1,May,4,2026-10-03 08:45:28,lumayan
1,Fina,3,2026-10-03 08:44:49,tidak bisa tukar koin jdi kuota
1,Dhau Daimul,1,2026-10-03 08:42:42,"kok sekarang sinyal telkomsel sering hilang2 sih,pantes udah ngga nomor 1,tau gini mending ganti XL"
1,RiaBackup Foto,1,2026-10-03 08:40:06,"heran, udah mahal sinyal ilang""an, pdhal di kota, heran dah jengkel kali"
1,Bayo Regar,5,2026-10-03 08:38:37,ok
1,Muhammad Naufal caesariandri,1,2026-10-03 08:36:05,"LAMA LAMA GUA BANTAI SATU KANTOR LU PADA YA SIGNAL HILANG HILANGAN MAHAL PULA , GANGGU GUA LGI NGOJEK JA"
1,Imam Adi,1,2026-10-03 08:27:13,"yg bener dong jelas jelas Mau beli di nomor ke dua udah ganti ke nomor ke dua malah masuk nya ke nomor pertama, GA BECUS AMAT!!!"
1,Medina Rahmy,1,2026-10-03 08:23:34,"mahal.. nyesal beli paket yg ada kuota aplikasi, kuota utama habis, kuota aplikasi gak bisa dipakai.. rugi dong.. mana kuota aplikasinya masih banyak..kirain dapat kuota murah ternyata..."
1,Shaqueela Kila,5,2026-10-03 08:22:27,keren
1,Mesi Rinaldi,1,2026-10-03 08:08:19,gak guna.pulsa kesedot semua gak di pake hilang pulsa berlanganan gak pernah tiba2 pulsa hilang sampah
1,BUANA RIDHO,1,2026-10-03 08:01:03,"OPERATOR FIR'AUN, KUOTA MAHAL2. FLASH SALE GA JELAS, UDAH MONOPOLI MASIH JUGA MARUK."
1,Axel Syahputra,1,2026-10-03 07:58:03,nyalll sinyaaaaaallll... kaya sering banget setiap kali download game yang gw pengen mainin. setiap 99% langsung download speednya 0kb dan sering terulang lebih dari 6 kali sehingga kuota sampai habis karena harus download ulang. tolong hargai customer dengan janjikan sinyal yang mumpuni karena harga kuota nya juga mahal. terima kasih semoga di dengar dan ditindak lanjuti. amin. sekali lagi mohon maaf dan mohon bantuannya
1,Cah Rimba,1,2026-10-03 07:57:00,apk tidak jelas
1,Ml fanidaman fanidaman,4,2026-10-03 07:54:05,kartu /kuota dong mahal jaringan gelek parah
1,Sarwan Erwan (Apen),1,2026-10-03 07:50:55,jelek banyaknya loading tidak kebuka...
1,Bang Tappu,4,2026-10-03 07:41:17,",,, di dalam gqabudang zz Bu guru y"
1,Vexana,5,2026-10-03 07:31:35,sangat murah
1,Tiarah Maniati,4,2026-10-03 07:18:49,"sangat oke, is the best lh"
1,T. SUPRIATNA,2,2026-10-03 07:06:53,"saya perbaharui ulasan saya. aplikasi berat deng loading seabad. saya terlambat sekitar 2 menit untiuk meembeli data seluler karena loadoing APK yg lambat, tiba tiba pulsa berkurang 25 rb. yg bener aja min, ini BUMN kok kesannya malah seperti kapitalis yang memeras konsumen. tau gk sih esensi BUMN itu ada untuk apa?"
1,Fajra Nadhifa,4,2026-10-03 07:06:12,"cara liat kuota sekarang gimana sih😭,"
1,Rony Drams,5,2026-10-03 06:50:59,mantap
1,Aden Zarnuji,1,2026-10-03 06:50:58,"Gilak!!! Dari zaman 2014 pake Telkomsel makin kesini gak ngotak. Poin punya 11rb tapi bingung pake buat apa gak ada pilihan buat nuker ke paket kuota. Harga paket internet tiap bulan makin naik, naiknya juga drastis banget gak nanggung, bulan kemaren 100k masih 80gb sekarang 100k jadi 40gb😭😭😭😭🤦🤦🤦🤦🤔"
1,Ainun Lubis,5,2026-10-03 06:50:50,amat membantu
1,M. Ricky Rinaldy,1,2026-10-03 06:49:56,"jaringan jelek, masa download file kb aja gak bisa butuh 2 jam mana harga gak ngotak lagi kapitalis!!!"
1,Kus Nadi,5,2026-10-03 06:46:43,ok
1,oliviaaa rd,1,2026-10-03 06:40:47,kemarin beli kuota 80gb tertera tulisan 40gb kuota lokal dan 40gb kuota internet. hari ini dapet notif kalo kuota udah habis padahal masih 40gb. setelah di cek tiba² berubah jadi kuota youtube?? ini serius telkomsel jadi kayak gini? aku ga salah baca loh dari awal tidak ada kuota untuk youtube. ga semua org butuh kuota setiap aplikasi berbeda. kenapa ga yaudah jadiin kuota internet aja? kenapa harus di pisah²? udh sekarang kuotq cuma 10gb jadi 100k lagi. lama2 kok bikin rugi pelanggan!!!!!
1,Moto Momo,1,2026-10-03 06:30:50,bapuk banget ini cuma buka google susah nya minta ampun
1,thor hamer,1,2026-10-03 06:27:05,"Promo makin hilang dan harga makin mahal dan sinyal sering hilang, saatnya cari provider lainnya"
1,Micro Transistors,1,2026-10-03 06:25:59,"parah pakai Telkomsel, nyesel banget, dipakai wa jamcode terus"
1,chocomalt,1,2026-10-03 06:25:28,harga paket makin mahal prioritas jaringan makin buruk. tidak sesuai sama yang pengguna harapkan
1,ahmad Musabbih,1,2026-10-03 06:23:49,jamkot
1,achmad fauzan,1,2026-10-03 06:21:13,"ini kenapa dah harga paket itu berubah-ubah, padahal di gambar masih segini tapi pas masuk transaksi malah harganya naik, gak jelas padahal sudah beli pulsa sesuai harga yg tertera di beranda tapi pas mau beli malah naik harganya mana cuma beda dikit lagi, tapi karna beda dikit itu yg bikin malesin mana GK bisa di tambal TF dikit juga lagi 😒"
1,Alfarizi Saifudin,1,2026-10-03 06:19:01,"semua solusi yg di berikan gak ada gunanya, kalo gak no ini sudah lama dan banyak terdaftar di banyak aplikasi, pasti sudah di ganti, fitur jaga pulsa, itu bukan solusi, kalo data tidak di gunakan tapi pulsa terpotong itu NYURI pulsa, sinyal buatain game jelek, parah, bagus di iklan doang,"
1,Aka Una atu,1,2026-10-03 06:13:08,"aplikasi kikir, internet serba mahal, masa aktifnya di pangkas, apk Jahannam banyak dosanya"
1,embuN bekU,2,2026-10-03 06:09:27,"lemot bener aplikasi nya jadi susah mau bayar tagihan paket bulanan, tolong lah di perbaiki agar mudah di akses, masa lebih berat dari game , main game aja baik baik saja, TERIMAKASIH"
1,Yanson Johan,4,2026-10-03 05:59:02,bagus
1,Fitrahwah Yuda,5,2026-10-03 05:57:55,yaa
1,Sami liar,2,2026-10-03 05:51:01,lelet bet
1,RAHMAT NGAB,1,2026-10-03 05:45:23,tiap hari maskin kapitalis harga paketannya gk manusiawi 🤣
1,Egis Anggara Cahya,1,2026-10-03 05:39:09,"jaringannya walaupun bagus tapi ngleg, maen ml juga nglegnya parah"
1,Asman Manik,1,2026-10-03 05:39:07,aplikasi bobrok
1,Izal Abdul,1,2026-10-03 05:39:06,"jaringan bagusss sangat mendukung,tapi si Telkom ini rajin lemot dan tidak sesuai dengan harga yang begitu mahal"
1,Sidabutar Hend,1,2026-10-03 05:38:53,"Makan kalian tu duitku, Saldo gw kalian potong tapi Paket Datanya ga Masuk,"
1,Amilu Rantass,5,2026-10-03 05:33:53,Aplikasinya Bagus!! Makanya Aku Bintang 5.SIp keren Mantap 👍
1,Ari Gunawan,1,2026-10-03 05:27:02,masih gak paham tentang aplikasi Telkomsel ini tujuannya apa? untungnya apa?
1,CELVIN,1,2026-10-03 05:26:57,gak bisa beli pakett disuruh ualsng terus parahhh
1,Natan,1,2026-10-03 05:26:34,lag
1,iyan ar,1,2026-10-03 05:24:34,pake Telkomsel udah 9th lebih paket malah makin menjadi jadi mahal banget tolong di benahi agar tidak berpaling ke kartu yang lain
1,Kosmas Nggaha,1,2026-10-03 05:18:03,"parah sekarang Telkomsel, paket masih 10Gb gak bisa pake, mending balik ke Indosat,"
1,Ahmedd Jae,1,2026-10-03 05:16:41,seminggu ini my telkomsellll sangat sangat sangattttt buruk sekali...masuk aplikasi sering keluar sendiri...woyy enak keluar berdua woyyyy... kecewa sangattttttt
1,Aba najwaliyah,5,2026-10-03 05:15:54,suka
1,Veri Jianto,1,2026-10-03 05:11:36,sinyal bapuk lebih parah drpda pake telepon kaleng
1,SKA PERMANA,4,2026-10-03 05:11:10,ok
1,ckl why,1,2026-10-03 05:09:23,paket makin mahal harganya 🫵
1,Gusti Rangga,3,2026-10-03 05:04:44,woy telkomsel kenapa asal saya beli kouta sampe 100gb lebih selalu ngelag sekali nya beli yg di bawah 10gb malah lancar tolong la perbaiki itu saya sebagai penggguna kouta 100gb ke atas merasa rugi udh beli mahal mahal malah ngelag udh itu jaringan suka hilang hilang tolong perbaiki layanan nya dan jaringannya sangat mengganggu sekali Terima kasih
1,Mario Putra,1,2026-10-03 05:03:33,"Jauh lebih bagus internet yg tetangga sebelah, ini harga ngak sesuai dengan kualitas, ancuuurr,,,,, Telkomsel msih untung krn dpake buat telponan doang, klo internet mikir lagi lah, harga paket ngk sebanding dengan kualitas yang ancuuuurrrr. Lama lama pasti akan ditinggalkan. Jwban dr bot paling ""mohon maaf, silahkan hub cs slah satu operator layanan. Saya kartu AS, apalagi yg mau di jawab, provider sampah"
1,Rony Batam,5,2026-10-03 04:57:06,bagus x
1,Salman Farid,3,2026-10-03 04:40:46,bagus
1,Alif Thomas,1,2026-10-03 04:31:24,tolong kuotanya dipermurah lagi masa iya 100 rb 45 gb doang kmrn bukanya 60 gb 100 ribu makin pelit nih ganti kartu aja lah udh saatnyaa
1,Angga Sp,1,2026-10-03 04:21:30,"apaan sinyal Telkomsel jelek banget ,hp saya harga 5 juta,serasa pakai hp Advan gara gara sinyal ,nggak pernah di perbaiki ,kaalua bisa 0 Bintang saya kasih"
1,REx MONDEY,1,2026-10-03 04:20:30,"KENAPA SIH EROR MULU, MAU BELI PAKET AJA SUSAHNYA MINTA AMPUN PADAHAL JARINGAN AMAN AMAN AJAA BISA BISANYA KEJADIAN KESALAHAN TERUSSS!!!!!!"
1,Terminus Kogoya,5,2026-10-03 04:06:55,jadi lebih baik lagi
1,Kampung Laut,3,2026-10-03 04:05:58,larang kabeh
1,Tristan D.Yohanes Siallagan,1,2026-10-03 04:05:54,ngelek kali sattt udahlah mahal lemot lagj
1,Wirda Ely,5,2026-10-03 04:04:27,bagus
1,Iwan Nurjaman,5,2026-10-03 03:56:30,knaph
1,Aditya Aja,1,2026-10-03 03:53:56,"pulsa masih 50 ribu tiba"" kartu non aktif dan pulsa nya hilang Telkomsel makin parah"
1,Ahmadfarouk,5,2026-10-03 03:50:50,keren
1,Irwan Naya,1,2026-10-03 03:49:06,"Penguna ber juta juta sinyal susah minta ampun Peraturan pemerintah sudah jelas, kuota sisa tidak boleh Hangus, kita liat saja hari ini tgl 31 Agustus 2026 sisa 8gb lebih, besok tgl 1 September apakah akan hangus kembali.. kalo iya emang bener KORUPSI dari sisa kuota emang lancar"
1,Fajar Bagus,1,2026-10-03 03:48:41,kartu babi susah bgt regristasi nya
1,Aldi Arya,1,2026-10-03 03:45:01,min cobak lu cek punya ku sekarang min itu bukan harga min itu jual diri namanya masak paling murah 5g175 itu aja Kouta ku 4g itu 150 35 GB gimana min anjir gw jadi lc pun GK bisa bayar kalok gitu min
1,Iwan Budiman,1,2026-10-03 03:36:05,baru mau login ga bisa masukin nomer terjadi kesalahan terus payah aplikasi bumn ini
1,Paiman Paeng,5,2026-10-03 03:25:51,"apk ini bagus banget, semoga jaringan lancar terus dan banyak promo"
1,Aep,5,2026-10-03 03:22:09,bagus
1,Edy Maba,1,2026-10-03 03:21:14,"TOLONGLAH. UNTUK SINYAL DIPERBAGUS DAN HARGANYA KUOTANYA DIBUAT YANG JELAS. JUMLAH KUOTA SEDIKIT, HARGA MAHAL...🗿"
1,Muhammad Adha18,5,2026-10-03 03:20:06,baik
1,Azriel Maliq,1,2026-10-03 03:19:07,"ga jadi lah, emang sinyal nya buruk, ga sepadan dengan harga yang selalu di beli, udah sinyal nya buruk, terkadang main game tiba tiba jaringan terputus, emang ga ada perubahan dari lama, mungkin iya kalau di kota, tapi di kota juga sama aja tiba tiba jaringannya lag. udah coba beli kartu by u dan di pasang ke router wifi, eh tetep lag, entah mengapa mungkin gua doang yang nge rasain makin kesini jaringan kok kayak tiba² suka ilang lah, lag buruk lah."
1,Rohana ito Harahap,5,2026-10-03 03:17:53,mantap
1,Pizzaguy,1,2026-10-03 03:12:11,"Sinyal ampas. bayar mahal sinyal jelek+nyusahin, mau beli yang bayar nanti harus bayar sekarang juga. provider Yahudi"
1,Fransh Joseph,5,2026-10-03 03:06:29,oke laaaaaa.
1,Y F,5,2026-10-03 03:04:15,sangat bagus
1,Heribae12 Bae,4,2026-10-03 03:02:49,debes Telkomsel
1,Ulil Chusna,3,2026-10-03 02:58:26,jaringan untuk wilayah Lau Dawe Kudus masih terkendala
1,Ade rissa Hemania,4,2026-10-03 02:43:03,kenapa asal beli paket selalu jaringannya ngelag akhirnya gak bisa dipakai ! percumaa beli paket mahal tp gak bisa dipakai
1,Shem,1,2026-10-03 02:38:59,makin hari makin mahal. makin gk ngotak harganya. 150GB biasanya 150rb sekarang 250ribu. bye bye aja deh
1,Munafri Sutcha,4,2026-10-03 02:37:52,Oke
1,Dimas Afriyan,3,2026-10-03 02:10:44,Adain vitur paket ketengan lagi doong kayak dulu lagii mana paket sekarang mahal mahal lagii
1,Alicia Muscika,1,2026-10-03 02:10:30,kikir layanan 0 kualitas 0 penyebaran jaringan 0 harga selangit banyaknya korup tilep tilep tower
1,TV_Oki Channel,1,2026-10-03 02:05:11,burik
1,erwin kotto,5,2026-10-03 02:04:04,sangat membantu
1,Yahya Game,2,2026-10-03 02:00:56,kenapa setelah di update malah jadi ngebug terus selalu saja gini terus 😠
1,Tomy Faroza,1,2026-10-03 02:00:46,TELKOMSEL SIGNAL JARINGAN NYA BURUK !!!!!!!
1,Muhammad Chesar Ardiansyah,2,2026-10-03 01:50:34,"aplikasi lemot setiap mau isi paketan, ayolah sistem nya dibenerin, bermasalah mulu di dalam aplikasi."
1,Andy pratama,5,2026-10-03 01:48:09,👍
1,Motifasi hia Hia,5,2026-10-03 00:48:06,bagus
1,Bhejo Pituwolu,1,2026-10-03 00:46:25,makin gak jelas beli paket sampai 2x gak masuk masuk mending pakai kartu lain sja
1,Zayn Onar,1,2026-10-03 00:42:32,aplikasi berat dan lemot
1,Klarisa Julianti,5,2026-10-03 00:34:07,googjob
1,Riki Wardiman,5,2026-10-03 00:32:06,lebih praktis kalau beli pakettan nya tapi masalah jaringan nya jelek banget sinyal.suka.ngilang leg parah padahal tihang tower ada di belakang rumah tapi jeleknya minta ampun
1,Rewiasasty,1,2026-10-03 00:18:09,jelek
1,Eden fiwei1,5,2026-10-03 00:13:58,10 %
1,RIFQI 13,5,2026-10-02 23:42:00,promo tidak promo sama saja ... data kecil harga selangit
1,Fitria Ningsih,1,2026-10-02 23:36:46,harga Kouta semakin mahal walaupun dari rekomendasi paket dan tidak sebanding dengan Kouta yang didapat
1,Mizan Maralla,3,2026-10-02 23:22:07,"hujan, padam lampu pasti ngaruh ngelak"
1,Andre Dompu,5,2026-10-02 23:19:08,sangat bagus
1,johansyah A,5,2026-10-02 23:15:06,baik
1,Heri Ardana,1,2026-10-02 22:10:37,maaf sinyal agak lemot dan juga paketan nya sekarang semakin mahal mohon untuk ada promo yg lebih murah. terimakasih. 🙏
1,Moeh Moehammed,1,2026-10-02 22:01:59,jaringan nya kaya 🤢💩😈👹
1,Gabriella Polak,1,2026-10-02 21:46:53,"fitur tes kecepatan, cek jaringan tidak berfungsi dengan baik. Padahal kedua fitur tsb yang sangat dibutuhkan user jika mengalami gangguan jaringan Indihome.. mohon aplikasinya diperbaiki lagi, jangan hanya menitik beratkan di fitur penjualan produk, dan membiarkan fitur maintenance tidak berjalan dengan baik."
1,Sunshine Atmoss,5,2026-10-02 21:23:12,"udah dicoba semua yang disaranin masih tetep aja jaringan nya ilang ilangan dari dulu kaga ada perubahan sama sekali, padahal ini kartu nya beli yang baru masih sama aja yang ada update terus aplikasinya malah tambah berat, yang di utamakan itu jaringannya bukan update aplikasinya terus makin kaga jelas kalo kata saya mah mending tutup aja operator nya udah paket nya mahal jaringannya lelet orang ngasih rating bintang 5 juga bukan Karna puas tapi malah kesel"
1,Tolo Rahmat,3,2026-10-02 21:06:54,bagus
2,Search Randi,2,2026-10-02 20:56:30,udah lah hapus aja itu jaringan makin aneh makin mahal makin jelek ga ada inisiatif mau di perbaiki nyari untung tapi merugikan
2,Alberth Latan,2,2026-10-02 20:55:46,paket mahal jaringan jelek
2,Sehanik 1971,1,2026-10-02 20:54:14,gak tau juga
2,Angga Kurniawan,1,2026-10-02 20:51:28,ini nipu ngambil uang saya di dana 500 saya tidak pernah membelik apa pun
2,Tony Barton,1,2026-10-02 20:14:03,tolong yang extra gembira diperbaiki. banyak orang yang belum bisa menggunakannya padahal poinnya sudah ribuan
2,Novita Vita,1,2026-10-02 19:48:13,apk ny SDH GK bisa beli pulsa lewat tukar poin
2,Surya aji Bhatara,1,2026-10-02 19:13:19,"ga rokomen kedepannya jangan beli kartu telkom mendinb xl aja atau gaa indosat, uda rekomen bgt itu intinya"
2,Mul Yadi,1,2026-10-02 19:13:15,makin gak jelas gak bisa di pake gak usah dipajang di sini
2,Yasae Purnama,5,2026-10-02 19:02:43,ok
2,Tempat Kita,2,2026-10-02 19:01:14,Paket Telkomsel makin lama makin mahal
2,Andri merandaru,4,2026-10-02 18:51:13,isi voucher pun gak bs benerrr
2,Ramdhon 666,1,2026-10-02 18:50:58,kebijakan pemerintah sisa kuota ga boleh hangus lah ini hangus juga provider macam apa ini
2,Tam Hal,1,2026-10-02 18:41:15,"makin lama makin buruk, jaringan suka hilang lemot minta ampun, semakin lama make Telkomsel harga makin ga ngotak, dasar koruptor"
2,Yudah Roy,4,2026-10-02 18:33:14,👍👍👍
2,APALAGI SIHH,1,2026-10-02 18:28:23,Telkomsel gak mutu paket mahal siyal burik
2,Jian Ferdiansyah,1,2026-10-02 18:25:24,mahal doang jaringan jelek.
2,Tiara Adisti Allo,1,2026-10-02 18:17:26,Mengurus migrasi dari nomor telkom biasa ke halo terkendala saat mau foto ktp.
2,Kezo88 Kezo,5,2026-10-02 18:14:47,ok
2,Herlina Lina,4,2026-10-02 18:11:49,sangat baik
2,Oppo,5,2026-10-02 18:00:31,klw bisa paket saya harus murah dikit
2,Rian Dani,5,2026-10-02 17:57:34,bagus
2,Noval Pratama,1,2026-10-02 17:55:03,kembalikan indihometv
2,Rizall Cuong,5,2026-10-02 17:37:21,memuaskan
2,Satu Hati,1,2026-10-02 17:36:02,"Telkomsel sekarang Sangat buruk .. apa an sinyal sangat buruk . untuk buka youtube saja gak bisa . telkomsel sinyal sudah kalah jauh sama prabayar lain . . nyesel saya beli paket telkomsel . gak ke pakai , lemot banget ."
2,Abdul Hasan,4,2026-10-02 17:32:11,apk nya mantap
2,DARUSSALAM DASRA,1,2026-10-02 17:14:29,"sangat jelek, bikin kesel ssja buat hapus paket saya 190 GB. sungguh ketelaluan lu telkomsel"
2,Desi Talia,1,2026-10-02 17:07:24,"mahal, jaringan nya jelek, cuman sampe 28 hari lagi"
2,Suluhsy Luhur Harita,1,2026-10-02 17:05:44,harga mahal sinyal gak bagus. sangat mengecewakan sekali dan mengganggu disaat sedang bekerja karena tidak bisa mengirim berkas kerja
2,Akhmad ridwan makhabih,1,2026-10-02 16:57:04,"payah , malah dibikin ribet , membuat pelanggan kabur , saya saranin gausah pake kartu ini lagi"
2,Andrianto 96,5,2026-10-02 16:35:30,baik
2,Wandi Deniyanto Simandalahi,1,2026-10-02 16:30:03,"masih dikorup durasi paket masih 28 hari bukan 30 hari, dari waktu ke waktu makin gila naik harga paketnya, wasalam"
2,Sus Auk,1,2026-10-02 16:24:41,mahal jaringan buruk
2,Awaliya Tasyakhurin,1,2026-10-02 16:23:49,"kenapa ya jaringan Telkomsel tu nggak kek dulu, sekarang jaringan nggak bagus sma sekali, tolong lah di perbaiki kualitas nya sesuai kn sma tarif saat pembelian paket yg mahal"
2,Alfino Pratama,1,2026-10-02 16:23:10,"SINYAL NGE LAG, KARTUU PALING JELEK YA TELKOMSEL, BUAT TEMAN TEMAN MENDINGAN GANTII KARTU SEMUA NYA JANGAN PADA PAKE TELKOMSEL UDAH LAH MAHAL JARINGAN LEMOTT, BIKINN EMOSI AJAA!!!!! KARTU TERJELEK SAAT INI YAA TELKOMSEL, BIADABB BAYAR MAHAL' TETAP GAADA JARINGAN 🤬🤬🤬🤬🤬!!!!!!"
2,yana sutiana,1,2026-10-02 16:22:30,jaringan telkomsel jlek banget super lemot cuma mahal doang belinya mit amit lebih baik pake axis super cepat .perbaiki tuh jaringanmu jangan mahal doang yg di piara
2,Eja Zachary,1,2026-10-02 16:16:13,provider paling korup
2,Workshop,1,2026-10-02 16:05:20,gak rekomendasi
2,Aldo Avanda69,1,2026-10-02 15:58:46,jaringan jelek paket data mahal mahal provider yg gk bisa nanganin keluhan konsumennya
2,Muhamad Zuhri,1,2026-10-02 15:51:34,"paket mahal,, sinyal kaya babi.."
2,Arif,1,2026-10-02 15:49:58,"Banyak yang maling pulsa, malas pake telkomsel. Tiap hari pulsa terpotong sekitar Rp2.500, ternyata pas dicek ada langganan entah apalah, kode dialnya *500#, padahal saya nggk pernah acc langganan apapun. TELKOMSEL PARAH"
2,Bang Tako,1,2026-10-02 15:41:03,"anj emg paket mahal, koneksi ga stabil, taiii"
2,Sakban Sitompul,1,2026-10-02 15:38:47,"kenapa apk telkomsel ini di hp ram 4+ sangt berat dan suka keluar sendiri tolong lah di perbaiki lagi telkomsel ini,kecewa berat siscamling nya gk fungsi tetap kenak spam no kita"
2,Randika Alyana,1,2026-10-02 15:37:25,"aplikasi gajelas,beli kuota pake nomor gua masuknya ke nomor laen kan tolol,emg aplikasi kaga guna,mau transfer kuotanya lagi pake admin 5000 wkwk mana cuma 500 mb doang lagi,tolol emng"
2,Arsyad Hidayat,1,2026-10-02 15:24:13,"jaringannya sangat bagus,saya sering mengeluarkan kata"" mutiara gara"" sinyal nya E,sehingga saya sering istigfar,ini jaringan sangat bagus beri A+"
2,Sheravina Pinkqueen,1,2026-10-02 15:19:33,"aplikasi lemot,suka tiba tiba eror dan keluar sendiri,padahal internet stabil. tarif mulai naik 2 ribu 700 alasan meningkatkan layanan. semoga gak tambah naik naik lagi."
2,Erga Zanvio,1,2026-10-02 15:18:57,"kagak jelas apk kntl, apk pelit padang,udh kayak aparat lu apk bego"
2,Marsel Jagal,1,2026-10-02 15:17:40,"jaringan jelek banget,percuma jaringan 5g"
2,Galid Galid,5,2026-10-02 15:05:31,ok
2,Zikru Alhadi (Bang Z),1,2026-10-02 15:03:56,harga paket makin mahal jaringan makin sulit😡
2,Robi Taofik Hidayat,1,2026-10-02 15:01:08,"NYARI UNTUNG AMAT, PAKE NGEHAPUSIN PAKET DATA YANG SEBELUM NYA DIBELI"
2,Jaka Prayoga,1,2026-10-02 15:00:40,saran dari saya mending sistem customer servis di aplikasi ini di hilangkan saja. saya mempunyai kendala pembelian paket ganda/duplikat malah toh pertanyaan ny muter muter dan ga ada tanggapan dari laporan yang saya buat
2,Arthafa Rizky Darrel Islamy,1,2026-10-02 14:58:47,harganya mahal bokp
2,Joni Pranata,1,2026-10-02 14:57:05,"makin kesini makin gak jelas, isi paket untuk orang malah masuk ke nomor sendiri, udah detail di ulang sampe 3x malah masuk kenomor sendiri, gak jelas Telkomsel bikin sakit hati mana harganya ga otak 9gb 50k"
2,Arthur Laylado,1,2026-10-02 14:52:49,penipuan aja lu t*****
2,Aran Ngau,1,2026-10-02 14:46:24,"kenapa harus potong pulsa yg baru Disi utk tarif non paket, jengkel rasanya kita sdh jauh isi pulsa tau tau begitu, padahal pakai hotspot hp satunya data seluler dimatikan saat isi pulsa tetap jg ke tarik sedikit rugi jadinya"
2,Iwan Setiawan,1,2026-10-02 14:43:51,beli paket . harga elit jaringan sulit . mytelbapuk .
2,Maulana Ardi,1,2026-10-02 14:35:26,"makin kemari makin parah ajjh jaringan nya, sedangkan harga kuota nya malah makin mahal, ngga sesuai"
2,Maun 0233,1,2026-10-02 14:34:50,"koneksi internet bagus, update sudah terbaru tapi mau beli paket aja susah.. emang TAEKKK"
2,Asep Ugay,1,2026-10-02 14:31:17,simpati jaringan paling buruk
2,Pradita Kurniasari,1,2026-10-02 14:27:40,aplikasi gak berguna..beli paket internet gak bisa..beli masa aktif jg gak bisa
2,Devin Harsianto,1,2026-10-02 14:26:36,buruk buruk buruk makin hari makin gila paket mahal trs😮‍💨
2,yoela intan,1,2026-10-02 14:26:31,mahal cok
2,Ikhda Ulinnuha Akhsan,1,2026-10-02 14:26:29,"harga mahal tapi sinyal jelek banget pakai XL sama Indosat jauh lebih lancar pantesan kalah dari CL sekarang, emang seampas ini sinyal Telkomsel"
2,Ipan Lingga,1,2026-10-02 14:20:05,ini aplikasi makin lama makin anjg bukan nya di perbaiki jaringannya
2,Eko Yuli Setiawan,1,2026-10-02 14:12:05,"Harga mahal doang,Signal sangat buruk, lemot seperti siput"
2,Zon Putra,1,2026-10-02 14:10:58,paket mahal jaringan lelet .dasar teljomsel gak guna untung aja yang kalian pikirin kepuasan pelanggan tidak kau penuhi tiap hari lelet trus
2,Joy Jelmawan laia,1,2026-10-02 14:06:52,kok Telkomsel makin mahal makin gak bagus jaringan nya ya kek di pedalaman
2,Stiyo winarni,1,2026-10-02 13:59:53,"aplikasi gak bisa dibuka, padahal sudah di update, lemot banget"
2,Andika Choiruda,5,2026-10-02 13:54:06,"jaringan lemot, harga gk ngotak, aplikasi lambat. mending pake im3"
2,Hasan Segaf,5,2026-10-02 13:50:52,enak jaringannya
2,San,1,2026-10-02 13:49:38,"SAYA SUDAH NONTON VIDEO DI STAMP HARIAN TAPI TIDAK TERDETEKSI SUDAH MENONTON, SUDAH KESEKIAN KALINYA TERJADI BEGINI, GAUSAH BANYAK ALASAN, PAKET DOANK MAHAL LAYANAN MACAM SAMPAH"
2,Joni Septian,1,2026-10-02 13:48:12,"apk nya mencrett,loding parah mau beli paket juga sudahh lodingnya gk ngotak"
2,Hana Kim,1,2026-10-02 13:47:48,"jelek banget aplikasinya ,loading terus"
2,Ahmad Mustakim,1,2026-10-02 13:47:43,aplikasi dan kartu yang menguntungkan sendiri. tidak ada paket internet ko pulsa nya terambil. bintang nol harusnya
2,Surya Ananda,1,2026-10-02 13:44:06,"Jaringan sampah, sengaja kali dihilangin bar sinyalnya baru mau ngemeler"
2,Jum Adin,1,2026-10-02 13:38:39,kuota mahal jaringan ngelag
2,Lilis Eppang,5,2026-10-02 13:37:00,jaringan harus di perkuat lagi krn sering susah payah jaringannya
2,Zahria SIL,1,2026-10-02 13:25:18,"perbaiki lagi jaringan kalian tu, lelet kali ni, harga mahal tapi gak sebanding dengan jaringan mati lampu jaringan hilang hujan jaringan hilang, jaringan kikir ni"
2,ris ka,5,2026-10-02 13:22:10,mantap
2,Arsya Vindy Maulidina,1,2026-10-02 13:21:24,LAMA BANGET BUAT ISI PAKET DATA HERANN !
2,Sal Gap,1,2026-10-02 13:20:54,"Aduh semakin jelek saja jaringannya setelah saya berikan ulasan, tidak ada perubahan sama sekali, bahkan di daerahku sekarang saya sering mendengar keluhan terkait operator Telkomsel ini, hampir semua masyarakat pekerja formal atau non formal enggan menggunakan operator ini dan beralih ke operator lainnya termasuk saya. bahkan jaringan ""operator sebelah"" jauh lebih stabil, serta harga paket jauh lebih murah, tidak heran harga saham Telkom turun, kualitas produknya saja semakin menurun."
2,Zaki Nur Hidayat,1,2026-10-02 13:16:16,dongok idiot
2,GANDOANG MISTIS TV,1,2026-10-02 13:14:34,udah kuotanya mahal jaringan nya lemot eh apk nya lebih parah amit2 dah males gua pake Telkomsel lagi
2,Budi Kurniawan,1,2026-10-02 13:13:02,Binatang
2,Arka alana,1,2026-10-02 13:12:56,tidak bisa beli paket
2,Naeni Triyani,1,2026-10-02 13:12:54,"pake Telkomsel udah 8 tahun, bukannya tmbah lama tambah bagus signal nya tp malah tambah buruk loading terus dan paketan internetnya tambah mahal²."
2,Lukito Anwar,3,2026-10-02 13:11:29,membuka aplikasi my telkomsel sering tidak respon atau lambat
2,Anugerah tobii Tobii,1,2026-10-02 13:10:36,harga mahal kualitas buruk hadehh
2,Muhammad Yusuf,1,2026-10-02 13:08:35,paketan mahal jaringan kaya di goa
2,Hilman Rifai,5,2026-10-02 13:00:06,baik
2,Danu Kurniawan,4,2026-10-02 12:59:07,masokkkk
2,Zidane Awalian,1,2026-10-02 12:57:12,"lemot, banyak bug nya"
2,Annasurohman,1,2026-10-02 12:55:28,"APLIKASI GAK JELAS!, MOSO' NOMOR HP NGAKUNYA MASA TENGGANG SAMPE TANGGAL 01 OKTOBER MALAH BERUBAH JADI TANGGAL 01 SEPTEMBER? (Alias Mundur) INI MAH NAMANYA JEBAK PELANGGAN BIAR NOMORNYA ANGUS... CURANG NIH MAH TELKOMSEL...!!!"
2,Kn Nu,1,2026-10-02 12:54:33,"jaring jelek,sangat buruk dan sangat lag mau nonton YouTube 144p aja Masi ngak bisa kalaupun bisa ujung2 nya nyedat nyedat.kadang mulai kadang berhenti vidio nya,udh dalm segi harga mahal saya harap jaringan nya bisa lebih di perbaiki jika tidak mungkin lama2 saya akan beralih ke jaringan lebih baik🙏🙏🙏"
2,Ennank Pasolle,5,2026-10-02 12:53:49,mantap
2,bemm freak,1,2026-10-02 12:50:49,jaringan apa ini anjeng lelet banget buka FB juga gabisa babi
2,Rofirobani Robani,1,2026-10-02 12:29:00,udh mahal sinyal jelek dari dulu gak di bagusin mahal aj terus KLO kualitas buruk mah gak usah mahal mahal deh ngerugiin orng aja KLO mahal bagus mah GK pph ini udh mahal sinyal ilang ilangan gak sesuai pindah aj udh jgn di telkomsel
2,Anes,3,2026-10-02 12:12:12,boleh ga setelah orbit di gabung ke aplikasi ini kenapa fitur tukar poin dengan paket internet jadi hilang sangat disayangkan padahal dulu apk orbit ada tukar poin dengan paket internet percuma dapet poin tapi ga ada yang bisa dipake saya kasih bintang diatas dulu semoga bisa di akomodir saran saya terima kasih
2,Yusuf Kurnia,1,2026-10-02 11:45:28,enak kan dulu sekarang mh masuk aplikasi Telkomsel nyah hrus pke kuota jadi nggk guna ada aplikasi Telkomsel juga ttp ajh beli kuota nya harus lewat telepon seluler
2,Jidan Ramdani,1,2026-10-02 11:41:36,"setiap kali buka aplikasi harus registrasi terus,dan selalu terkendala verifikasinya"
2,KILONG Ar,5,2026-10-02 11:40:39,JARINGAN TELKOMSEL SEPERTI SAMPAH. OPERATOT LAIN JARINGAN NORMAL. JARINGAN TELKOMSEL ASLI PARAH JELEK NYA.
2,ZULFAJHRI OHOIRENAN,5,2026-10-02 11:38:38,aplikasinya agak lemot nnti di perbaiki bug nya
2,Pian Sopaindi,1,2026-10-02 11:37:49,kadang suka erorrr
2,Iqbal lana,1,2026-10-02 11:33:03,makin kesini makin gak jelas telkomsel
2,Asman Abdul,1,2026-10-02 11:22:52,tidak bisa melakukan pembelian paket data.. taik apk ny eror
2,ANGGA WIRATRIADI,1,2026-10-02 11:20:21,"pelanggan setia Telkomsel dari jaman dulu,tapi harga kuota internet bukan nya makin murah malah makin mahal gila"
2,Azza Ahmad,1,2026-10-02 11:18:24,sinyalmu najis siki ra garek nyong ngango bosok
2,Attamimi,1,2026-10-02 11:16:13,"UDA KAYAK BERAK JARINGANNYA,PAKET MAHAL JARINGAN BERAK"
2,Ari Blenk,1,2026-10-02 11:13:25,paket aja mahal giliran jaringan susah g di bener benerin sampe 3 hari kira nya di sini ga butuh jaringan buat kerja
2,Roma doni,1,2026-10-02 11:10:52,"udah duitnya kepotong di m bank, beli paket gagal parahhhh"
2,Twenty three 04,5,2026-10-02 10:50:17,"hadeh ga pedulilah, ngelek ato apa, ga ada kah paket harga kecil buat sebentar gitu"
2,Fadiyah Arifah,4,2026-10-02 10:45:13,harganya jangan mahal² dong😭😭
2,Ninth Clover,1,2026-10-02 10:42:15,"saya pengguna kartu Telkomsel,ingin menyampaikan keluhan ya,keluhan tidak banyak,udah banyak juga orang komplen tentang ini,yeah itu sinyal,betul banget,sinyal Telkomsel sekarang sering bermasalah,sering hilang dan enggak stabil, maksud saya tolong ini demi kenyamanan pengguna Telkomsel,dan juga apakah anda tidak lihat ada banyak komplen tentang sinyal yang tidak stabil,atau balasan yang anda beri hanya dari Ai?,atau bot yang otomatis membalas,harga kouta sesuaikan kualitas nya bodoh"
2,Pray Yoga,1,2026-10-02 10:40:18,sekedar nanya oungsi nya poin buat apa..yg lain bisa di tuker kuota ini malah bisa di tuker tiket hotel restoran.jadi percuma banyak poin jga ga ke pake.mending jangan ada sama sekali.
2,Emi Yulita,1,2026-10-02 10:40:02,"males ah aplikasinya ga stabil, udah gitu pengaturan akun nya belibet, beli kuota ketuker² Mulu malah masuk ke no yg sama berkali kali, padahal udah milih nomor. masukan : tambahin laman pengecekan nomor sebelum bayar"
2,M Nurhakim,5,2026-10-02 10:33:05,Bagus namun sebaiknya diperbaguskan lagi perfomanya.Bintang lima😁
2,nana mulyana,1,2026-10-02 10:31:19,"Sinyal Telkomsel jelek bos telpon suara seperti kaset kusut, belum ada perubahan.."
2,muh almunawar,1,2026-10-02 10:29:52,paketan internetnya mahal-mahal pollll
2,Kangen Ngopi Jagiya,5,2026-10-02 10:08:16,Alhamdulillah
2,Rizky Yk,1,2026-10-02 09:55:37,"apk busuq, sering bug mana kuotanya mahal mahal ga sering ngasih bonus. pket data habis ga sampai masa berlaku... tidak rekomen pake Telkomsel buruk sekalii"
2,Sugi Sing,1,2026-10-02 09:36:50,makin hari makin boros kuota internet nya. udah harganya mahal boros pula. biasanya buka tiktok 1 jam pakai 2-3 GB tapi sekarang 1 jam kuota di sedot 13 GB.
2,Dhea Chaby,5,2026-10-02 09:36:19,i love you Telkomsel
2,Akmal MA,1,2026-10-02 09:34:38,jaringan sering hilang tiba-tiba paketan mahal udah menyaingi sebelah mending pakai yang sebelah sekarang
2,Rusli Tangkiling,2,2026-10-02 09:33:57,mau beli perpanjangan masa aktif selalu gagal
2,Yae Sakura,3,2026-10-02 09:32:46,"Ampass!!, tiap hari promo gk ada yg ngotak,aku dengar promo setiap nomor berbeda, kalo gitu bisakah anda sesuaikan dengan pemakaian perbulan nya dapet berapa gb gitu loh, aku cuma 50 gb perbulan masa' promo nya selalu 200-300 gb an, itu pun harganya juga gk ngotak. gua beli, beliii!!!!, namun apa ampas!! sinyal sering hilang, udah restart dan segala cara masih tetep aja, aku beli semuanya entah itu premium kuota apk dll, masih aja kayak gini,aku butuh buat kerja. kalo masih gini gua pindah ke XL"
2,Rahmat Hidayat,1,2026-10-02 09:32:45,"We pakai tsel dri tahun 2012,harga pket bukannya makin murah malah makin mahal,hadeuh"
2,PayMent,1,2026-10-02 09:24:55,"setelah 15 thn bersama dan kubertahan, akhirnya kita hrs berpisah. krn zaman skrg ekonomi sdg tdk stabil dan harga produk internet yg ditawari sangat mahal, yg membuat sy harus pindah ke provider lain dgn kualitas yg sama/tdk buruk. terima kasih selama 15 thn ini telah menemani sy 🙏🏻🙏🏻"
2,Kirana Alciasianturi,3,2026-10-02 09:23:56,"Dulu Paket Seru 25K dapat 12 GB untuk 7 hari, sekarang kok menghilang 😭 Padahal itu paket favorit saya karena murah, kuotanya banyak, dan masa aktifnya cukup lama. Sekarang 25K cuma dapat 8 GB untuk 5 hari 🥲 Telkomsel, mohon dengarkan suara rakyat kecil yang hanya ingin internetan dengan tenang tanpa dompet ikut menangis 😭🙏 Tolong balikin lagi Paket Seru 25K 12 GB 7 hari. Kami rindu."
2,Yono Aku,1,2026-10-02 09:11:42,"kabel fo putus udah 3 hari ,baru bayar tagihan juga,udah nginfo juga,tapi koq sampe sekarang belum di sambung sama teknisi indihome mau berhenti berlanggan pun susah,internet gak make tetep ada tagihan"
2,Hendri,1,2026-10-02 08:49:34,"Telkomsel parah,Ngeloding Trus..Bangkrut Apa?"
2,Toni Aelah,4,2026-10-02 08:45:03,mantap
2,Bonefolensia Pulharia Ugha,1,2026-10-02 08:38:34,"jengkel banget masa ada kuota YouTube tapi pas buka YouTube yang terpakai malah kuota internet,huruf padahal aku paling banyak nonton YouTube tapi kuota YouTube awet,kuota internet malah tekor,gimana si,tau gitu jgan pisahin kuota YouTube sama kuota internet kalau nggak sesuai peruntukannya"
2,Scoopy Merah hitam,1,2026-10-02 08:27:24,"jaringan lelet. paket mahal mahal, pulsa di makan sendri, baru di isi pulsa di makan ny, padahal tidak ada ambil atau hutang pulsa"
2,Ikhwan Hadi,1,2026-10-02 08:13:56,payah
2,Agustinus Sabolak,5,2026-10-02 07:57:51,sangat membantu
2,Bagas Putra,1,2026-10-02 07:46:43,sinyal tolol beli mahal² sinyal nya tolol banget
2,zainal abidin,1,2026-10-02 07:40:35,KENAPA TAK BISA DI BUKA NJIIIR
2,KMJ_ MOCHAMAD RIZAL FIRMAN SYAH,1,2026-10-02 07:35:59,apk terlemot dan terjelek
2,Cahyadin 1134,3,2026-10-02 07:30:55,ok
2,Ageung Komara,3,2026-10-02 07:30:51,"KLO bukan karena nomor, pasti SDH ganti provider"
2,bardy 78,5,2026-10-02 07:19:37,mantap tsel kalo bisa adakan paket yang lebih murah buat satu bulan
2,XOnenrico,1,2026-10-02 06:59:55,berat banget anjeng
2,Enga Yawan,2,2026-10-02 06:59:34,tolong jangan naikan lagi harga paket internet karena kami orang yang kurang mampu
2,Ajis.s Jis,1,2026-10-02 06:52:52,"please tolong lah kenapa nih aplikasi Telkomsel di hp aku kayak udah tidak berfungsi lagi , pas mau beli paket Ataupun liat pulsa yang baru dibeli belum ada di aplikasi nya , tapi pas di cek di *888# langsung ada tolong penjelasannya"
2,Nur Diansyah,5,2026-10-02 06:51:37,my Telkomsel seharus nya setiap transaksi kirim pulsa DLL minta otp lewat Whatsapp juga dong . jadi gak . TerimaMksih 🙏🙏🙏
2,Apriyansah Renaldi,5,2026-10-02 06:42:31,bagus
2,Rian Apriana,2,2026-10-02 06:42:08,"TIDAK WORTH IT, PAKET MAHAL² JARINGAN ILANG²AN ASUUU, BENERIN TUH JARINGAN KNTOLL"
2,Mila Kasilah,5,2026-10-02 06:39:40,dengan adanya aplikasi My Telkomsel ..beli pulsa bisa dari rmh ..menghemat semuanya
2,richard alberto,1,2026-10-02 06:29:48,"Kenapa makin lama kuota makin mahal dah, dulu cuma 15 rb bisa buat 15 hari masa penggunaan nya sekarang 20rb cuma 7 hari?? yang bener aja."
2,Oleh Muchamad,1,2026-10-02 06:29:47,aplikasi berat makan hbis memori hmpir setengah giga. klo mau ngisi kuota aja nunggu loading ni apk setangah jam lebih di tambah kuota makin mahal
2,Kis Wati,5,2026-10-02 06:24:45,sangat membantu saya untuk kemudahan dalam transaksi layanan terbaik rekomendasi untuk pengguna Telkomsel
2,Febrian Mardiantono,1,2026-10-02 06:17:46,"setan lambat skli sinyalmu,lelet lemot macam keong.mana paket mahal ga ngotak setan emng"
2,Fakhri Afif Fadhilah,1,2026-10-02 06:13:05,ngeleg terus
2,Affan Depp,5,2026-10-02 06:10:24,okeee
2,Abg nong,1,2026-10-02 06:03:09,"my Telkomsel udah malas liat,setera kau nak ngelek/naik harga....biar kau kaya,biar mati nya lama"
2,Ridwan Musa,5,2026-10-02 05:55:58,saya suka apk ini
2,Anomali Medium,1,2026-10-02 05:54:41,ini masa aktif abis aku mau kirim pulsa dari nomor lain malah gabisa. percuma dong aku beli pulsa disatu nomor
2,Anam Walker,1,2026-10-02 05:54:07,"ada bintang 0 ga ini, gua kasih bintang 0 kalo ada"
2,ISS97,1,2026-10-02 05:48:48,"sudah mahal datanya, jaringan juga tidak stabil. cuman untung nama saja"
2,Rial Syah,1,2026-10-02 05:48:42,"paket data nya ga ada yang murah, semuanya mahal, dibanding dengan yang di sebelah jauh murahnya"
2,Galen,1,2026-10-02 05:34:37,"apaan jaringan 4G+ tapi 2,9KB/DTK"
2,Rudi armanda,1,2026-10-02 05:14:41,"Ini Telkomsel atau apk korupsi, masa pulsa sisa RP 10.000 dikorupsi jadi sisa RP 1.000 padahal sudah nyalain jaga pulsa tapi dikorupsi sama layanan digital kan aneh. percuma isi banyak banyak kalo ujung ujungnya dikorupsi dikit dikit bikin orang rugi. per bagus lagi apk ny kurang rekomendasi si kalo ini."
2,Mohchoirul Anwar,5,2026-10-02 05:11:44,semoga sinyal dan promo makin memuaskan pengguna Telkomsel
2,Annt Shaga,1,2026-10-02 04:59:36,"harga sudah mahal malah makin mahal, harga paket selangit dapat paketnya seuprit, kualitas jaringan makin hancur"
2,Jajang Lukmanul Hakim,1,2026-10-02 04:56:42,"Harga paket elit, sinyal sulit. Punten pak boss🙏. pokoknya udah lah sampe gak bisa berkata-kata dengan Telkomsel sekarang."
2,Raihan noer rahman ibrahim,1,2026-10-02 04:55:26,"Kartu mahal doang jaringan ga ada hadeh telkom telkom, kartu ribet"
2,Ditt Keun,3,2026-10-02 04:55:07,"ketika saya mau membeli kuota, aplikasi nya cuma muter"" doang, padahal sinyal saya bagus. aplikasi nya sangat lemot"
2,sure yakin,1,2026-10-02 04:45:21,makin sini makin parah amit amit sinyal jelek ngilang mulu beli paket 5gb batu kepake 1gb udah ga bisa internetan lagi parah sih emang
2,Anak ff Deroz,2,2026-10-02 04:43:22,mytelkomsel jaringan moho di perbaiki lagi jaringan ga jls jir
2,Amaq Izmi Suci,3,2026-10-02 04:32:56,sinyal lelet
2,Kartiyem Saja,5,2026-10-02 04:29:49,ok
2,Moon Light,1,2026-10-02 04:14:12,"Harga makin lama makin MAHAL, udh cek rekomendasi untukmu sama aj MAHAL. Apk lemot terlalu berat"
2,Muhammad Angga Sapada,1,2026-10-02 04:14:02,oi tolong lah udah beli kouta mahal mahal jaringan nya kaya gini
2,Andreas I.P Siahaan,1,2026-10-02 04:11:57,"Kacau, jaringan bolak balek rusak kek bujang. udah gitu buat hadiah dr pembelian paket rollover tp kosong barangnga, sampai ssbulan sudah habis paketnya gadak kejelasan kocakkk"
2,herdi baebae,3,2026-10-02 04:08:57,mahal sih
2,Renandacrypto,1,2026-10-02 04:03:48,"udah jaringan busuk, harga makin mahal, bye2 telkomsel"
2,Syifa Thanisha,2,2026-10-02 03:55:54,ini aplikasi berat banget heran....lama bgt loading nya....perasaan isinya gtu doang
2,Hamzah,1,2026-10-02 03:55:53,sangat mahal dan internet nya gak lancar. semoga makin seret ya Telkomsel
2,Jamal Nasirudin Official,1,2026-10-02 03:46:40,setelah update malah lemot. Gak bagus tambah jelek aplikasinya. sekarang tidak bisa isi data via aplikasi. Padahal jaringan kuat pakai wifi.
2,weny aprillyani gaja,1,2026-10-02 03:42:32,jelek aplikasi. saya ga mau registrasi mbknya maksa tanpa persetujuan saya. 👎
2,gito laksono,5,2026-10-02 03:38:51,bagus
2,Elly Avrielyani,2,2026-10-02 03:36:15,lemot pake aplikasi Telkomsel..buka aplikasi nya lama banget mau beli pulsa ato kuota juga lama banget loading nya padahal Wifi-nya kenceng
2,Anselmus jodi,5,2026-10-02 03:29:01,ok
2,Seigreitz Klali,5,2026-10-02 03:27:24,sangat puas
2,Arif Wahono,4,2026-10-02 03:24:57,apk g bisa di gunakan
2,Ali,5,2026-10-02 03:23:43,mantap
2,Fahri Fahri,5,2026-10-02 03:05:36,Sangat bagusss 🥰❤️
2,Dedi Adrian,5,2026-10-02 03:05:25,pelayana the best
2,Ardie,1,2026-10-02 03:02:05,"saya punya kartu 2 yang 1 mengunakan paket internet dan yang ke 2 tidak memakai paket internet tapi malah di potong pulsa ??? (Anda sedang akses internet tarif non-paket. Walaupun tidak ada aktivitas internet, tetap terdapat aktivitas yg terjadi di belakang oleh aplikasi.) simpati zholim"
2,Zee Oi,1,2026-10-02 02:55:48,"makin kesini telkomsel makin nyekik,harga paket mahal koutanya kecil. paket malah habisnya cepat ,sinyal super lelet, mending ganti kartu lain aja selain telkomsel"
2,Dendi Anugrah,1,2026-10-02 02:51:31,aplikasi banyak bug. mana paling berat lagi kalau buka apk ini. udah gtu bisa makan ruang hampir 1 gb. dan paketannya makin sini makin gak wajar aja harganya. MAHAL! mana sinyalnya sering bgt ngilang gak jelas.
2,Kesatria Argus,1,2026-10-02 02:50:22,"jaringan busuk harga kuota terlalu mahal banyak, pengelola banyak korupsi"
2,Aminamin Aminamin,5,2026-10-02 02:47:00,"sangat membantu,mksh Telkomsel"
2,Nita Eksan,4,2026-10-02 02:41:26,Masa Berlaku Cuma 28 Hari Tidak Kayak Dulu 30 Hari
2,Zacky Pjt,1,2026-10-02 02:35:39,"kemarin sempat beli paket harga 37ribu di disini. kuota nya ga berhasil masuk,tapi saldo rekening tetap berkurang"
2,Mas Geng,5,2026-10-02 02:35:12,ok
2,Perhatikan laia,5,2026-10-02 02:23:23,iy
2,Egi Yugian,1,2026-10-02 02:07:55,sering kali ada paket ga bisa dibeli.... pajangan doank buat apa y
2,Ezzy Gaming,3,2026-10-02 02:05:49,apalah gk support Dana
2,Gameplayer,3,2026-10-02 02:05:39,"untuk kualitas jaringan lumayan bagus tapi juga kadang ngeleg , akan tetapi kenapa harga nya semakin mahal + semakin sedikit kuota nya . kata setiap beli kuota jenis itu pasti harganya makin naik terus . itu saja sekian terimakasih"
3,Mohd Furqon,3,2026-10-02 02:02:35,"sampah, aplikasi lemot. tiap hari minta update buat apaan"
3,aa wan,5,2026-10-02 02:00:20,saya pake Telkomsel selama 7 tahun kenapa setiap saya mau bayar paket internet atau membeli selalu kesalahan sistem tolong diperbaiki
3,Rahma Arif,1,2026-10-02 01:59:53,aplikasi apa ini mau buka halaman aja maaf ada masalah terus sampe ratusan kali. tutup aja klo ga niat
3,Nizar Samich Bahweireth,1,2026-10-02 01:52:53,"Tampilannya bikin bingung, mau cari update laporan susah. Veronika lemot, aplikasi juga tidak smooth. Aplikasi paling membingungkan yang pernah saya pakai."
3,Af F,1,2026-10-02 01:52:38,minus⭐️ 3 kalo bisa
3,Andi Yuss,5,2026-10-02 01:51:33,bagus
3,ericson setyawan,5,2026-10-02 01:46:58,Coba menggunakan chat veronica di menu help. Dapat membantu dan berguna
3,ROY RIZKI SAPUTRA,2,2026-10-02 01:44:35,beli kuata skrng makin mahalllll
3,Agil Purnama,1,2026-10-02 01:42:48,"Udah semakin mahal tapi jaringan tetap jelek. Buka youtube di pencaharian gak ada riwayat, maen coc loading mulu. Ayolah udah mahal banget gini 5 gb aja udah 25 rb tapi jaringan masih jelek."
3,Prabaswara Raditya,1,2026-10-02 01:40:38,gw kalau lagi main jangan ngelag percuma gw beli yang 200k tapi ngelag² anj
3,M Nerf,1,2026-10-02 01:39:14,"udah mahal, banyak bug, maksa, gajelas, sinyal sering lah, sok sok an ngasih masukan, masukkannya GK ngebantu GK jelas bgt m²k masa mau beli kuota gabisa pake kuota, Gj bgt a****"
3,Ricko Plb,1,2026-10-02 01:34:25,demi allah jangan pakai telkomsel selain buat nlp
3,Azhar Tnm,1,2026-10-02 01:30:55,"apk lemot, sudah di isi pulsa di sms sudah masuk tapi pulsa nya hilang, Telkomsel makin gk jelas"
3,Septiyan Tiyan,1,2026-10-02 01:30:10,sinyal kek taik gini perbaiki dulu tu sinyal lu anjg ngeleg Mulu sukanya sinyal sampah Telkomsel hama
3,Deddy Anwar,1,2026-10-02 01:28:55,Keluar2 truz ngga bisa di login
3,Abdul Aziz,1,2026-10-02 01:27:50,"APLIKASI SAMPAH, SEMENJAK ORBIT DIGABUNG DENGAN APP INI JADI NGAK ADA FITUR POIN TUKAR DENGAN DATA LAGI, APP BOBROK"
3,Dida Kurniawan,1,2026-10-02 01:21:32,sinyal sinyal
3,Ahmad Taufik Nur M,2,2026-10-02 01:16:51,"percuma kuota gede, kalau lemot padahal jaringgan full"
3,Lucky,1,2026-10-02 01:08:00,"Tidak disarankan sebagai opsi pertama.Bentar lagi gua mau ganti ke provider lain, soalnya harganya naik terus dan naiknya itu banyak banget. dulu itu kuota 18GB harganya cuman 50k, lalu naik menjadi 52k (dengan opsi 16 GB seharga 50k), lalu 18GB naik menjadi 60k, dan sekarang 60k itu cuman daoat 16GB."
3,Andini Meifiana,4,2026-10-02 00:55:39,"kenapa saya menonton di YouTube 15 GB yang internet 15 gb, kok di potong dari internet 13 GB aneh ya..."
3,Zainul Abidin,1,2026-10-02 00:54:21,"paket makin mahal pelayanan buruk, aplikasi berat, beli paket bisa sampai setengah jam buat mau beli saja"
3,Junaidi Bin Mukhtar,1,2026-10-02 00:23:47,Appnya lelet
3,Rahman Syah,2,2026-10-02 00:16:08,terkadang jaringan lemot apa lagi indihomenya kalah sama produk nya pln iconet untuk Internet rumahannya mohon lah kalian memperbaiki kinerja kalian jangan lemot lagi
3,Erdy Ismail Bartolome,1,2026-10-02 00:05:59,"gajelas kluar msuk apk, ga bisa login juga aneh"
3,Susi Yati,1,2026-10-01 23:54:42,"dulu nominal kuota , pulsa dan masa aktifnya sekali buka lngsung nampak dilayar skrg ga nampak lagi.."
3,Azri Muhammad Ikram,1,2026-10-01 23:51:04,"paket mahal , susa kuota masih banyak hangus, my telkomsel lemot jika tak ada paket"
3,extreamerz s. o. s,1,2026-10-01 23:47:45,harganya makin gak ngotak
3,Ali Sofyan,2,2026-10-01 23:34:57,paket terlalu mahal
3,barry Gmr,1,2026-10-01 23:33:05,jelek
3,Muhammad Asraf,1,2026-10-01 23:32:35,makin lama makin buruk aja jaringan telkom
3,Eko Budi,1,2026-10-01 23:18:42,ini kali kedua sy edit ulasan saya.kuota makin hari makin mahal. .uraian masa aktiv 30 hari hitungan kok jd 28. .ini hitungannya gmn. .dari pemerintah tdk ada kuota hangus ini provider paling ngeyel. .provider penipu. .
3,Armal Afrimal,5,2026-10-01 23:03:20,Joss...
3,Glorym Bethany,1,2026-10-01 23:02:31,"andai ada bintang 0, saya kasih. aplikasi macam apa ini parah sekali. pakai kuota mahal lag masih luar binasa. harga naik sering banget tapi kualitas jelek. aplikasi sering ada bug. mau beli kuota pakai pulsa kok diganti ke credit, ngaco deh. masih ga bisa berkata-kata sama ini aplikasi"
3,Muhammad Makmun,5,2026-10-01 22:57:20,bagus sekali mempermudah orang dalam suatu hal
3,Bili Hermawan,5,2026-10-01 22:53:04,TOP BGT
3,Herlinah elin,1,2026-10-01 22:39:48,"makin mahal paketannya, makin dikit harinya"
3,yuni sri88,2,2026-10-01 22:37:55,"aplikasi sering eror ( not responding) d tambah lemot, kuota tambah mahal, padahal udah jadi pelanggan dari 2007"
3,Awi Kho,5,2026-10-01 22:33:35,good
3,Rooney Alfredoo,1,2026-10-01 22:22:49,salah satu aplikasi dari provider terguoblokk di indonesia jaringn makin hari makin mamposss harga kuota gak karuan turunin dikit hrganya biar kebagian sama rakyat kecil jangn cumn ngisi terus perut buncit kalian para pejabat telkomsel...😂
3,Gilang Restu Adyatma,1,2026-10-01 22:15:46,makin update makin ga jelas aplikasinya-_-
3,Muhammad Kendi,2,2026-10-01 22:15:01,kenapa setelah upgrade jdi makin ngelek si
3,Alex Tangki,1,2026-10-01 22:04:52,login lambat
3,Nezh Campur,1,2026-10-01 22:04:18,mahal-mahal paketnya
3,Gondes_ 135,1,2026-10-01 21:42:29,sex jaringan sering banget hilaaaang tolong laah pengguna lama tidak nyaman dengan system yg skrng sering hilaaang paket data makin mahaall tpi kwalitas nya NOL besar ☝️☝️☝️☝️
3,Heru tirta Mulya,1,2026-10-01 21:11:14,makin lama makin gak jelas makin buruk pelayanan Telkomsel
3,Bos novi,1,2026-10-01 21:08:54,tidak bisa transfer
3,Rio ratna rioo582,5,2026-10-01 21:00:38,baik
3,Radiator Tiga putra,1,2026-10-01 20:51:17,sinyal susah padahal jam 3 pagi
3,Yuliyanti,5,2026-10-01 20:50:27,memudahkan transaksi
3,Aldi Aldi,5,2026-10-01 19:41:26,sangat baik dan tepat
3,April Nanda,5,2026-10-01 19:18:52,mantap
3,Hasriani Sianturi,2,2026-10-01 18:52:00,"ngaku jaringan terkuat tp sering loding, mana harga paket internet selalu berubah setiap minggunya harganya tambah mahal kecewa berat"
3,Ayubi March,1,2026-10-01 18:51:48,bonus paket lama gak jels akun kalen
3,Alia Humaira,5,2026-10-01 18:42:32,senang banget dengan pelayanan telkomsel sekarang ini
3,Kipli,1,2026-10-01 18:20:59,apk penuh bug bnyak bug ngeleg juga
3,Adrian Ginanjar,1,2026-10-01 18:06:35,"keluhan yg balas jangan bot lah,masa sekelas telkomsel gak bisa bayar pegawai"
3,Suvryan Pilekpapakang,1,2026-10-01 17:59:12,makin kesini jaringan atau sinyal atau apalah telkomsel makin buruk terutama di pulau lombok... konyol. jadi ingin beralih rame rame dari telkomsel
3,Agus Ardi,1,2026-10-01 17:59:04,jaringan sangatta jelek. meresehkan dan sangat tidak manusiawi. yakin dah lo pasti makin abis pengguna nya
3,Muhammad Rafli Rafli,1,2026-10-01 17:54:38,kok ngak ad pilihan paketnya udh jaringan jelek paket nya mahal pula lgi👎👎
3,Heri Tianus,1,2026-10-01 17:50:02,PROVIDER BINATANG SINYAL ILANG SELALU KALIAN MAUNYA APA?INI KAMI BAYAR LOH..MAHAL LAGI TRUS NAIK GEREM KAMI..EMANG GA OTAK KALIAN..NOH LIAT XL SAMA OOREDOO SINYAL 5G HARGA LEBIH MURAH KALIAN HARGA MAHAL SINYAL CEM KONTOLLL..BINATANG BINATANG..ALASAN APA?HUJAN?TOWER TERBAKAR?KENA BLOK ASAP KEBAKARAN HUTAN?SUDAH DILAPORKAN BERKALI KALI SELALU SAMA..PAS MAU PAKE PASTI TERGANGGU DIMANA OTAK PETINGGI KALIAN?KEK GINI AJA GA BECUS KAPAN NGURUS 5GNYA?KALIAN KORUPSI UANG PENGEMBANGANNYA??BIADAP BETUL
3,Tiki Taka,1,2026-10-01 17:43:53,makin kesini makin parah!! kuota masih ada 2gb lebih tp gak bisa buka YouTube... udah gtu sinyal suka ilang!! pdhl harganya paketan makin mahal!!
3,Samadi Didi,5,2026-10-01 17:33:36,ok
3,tonipribadi Anfr,4,2026-10-01 17:14:06,sinyal kurang bagusss kalau cuaca mendung
3,Andi Anditamrin,5,2026-10-01 16:52:06,bagus
3,Infinix Hot 11 play,1,2026-10-01 16:50:18,delay dan banyak gangguan nya
3,Elton J,1,2026-10-01 16:40:02,"Sangat kecewa, makin mahal harga paketnya, + diiisi in pulsa diproses gak masuk masuk sampai 2 x sama persis. uang hangus ga dpt pulsa pula. Thank you 🙏"
3,Deden Yanyan,1,2026-10-01 16:37:38,"aplikasi bapuk, update trus malah makin bapuk, mau isi kuota aja muter gagal terus"
3,Ethaah offical,1,2026-10-01 16:36:33,"tidak di recommended pake Telkomsel karna apa? karna harga nya ga ngotak dan jumlah hari nya di kurangin, bulan kemarin beli kouta dengan harga 53rb sekarang pas mau beli kuota harganya naik jdi 70rb meskipun naiknya dikit tapi ini bener bener kapitalis dengan gb yg sama tapi harga yg beda jauh udah gitu cmng 28 hari sangan tidak worth it. Terima Kasih"
3,Perto,1,2026-10-01 16:28:24,tidak bisa via DANA
3,Novan Arifin,1,2026-10-01 16:25:48,apk paling lemottt
3,Malik Nopo,3,2026-10-01 16:25:30,mantaap
3,arief homemade,1,2026-10-01 16:08:52,telkomsel lu kureng sih
3,Alex Syaputra,1,2026-10-01 16:07:14,"beli paket dengan fitur bayar nanti pas mau di beli di suruh lansung bayar ? , ngelawak lu"
3,Muammar Syahadat,1,2026-10-01 16:06:43,"plis berbenah, lama banget prosesnya"
3,Muhamad Ra'if Gaura,5,2026-10-01 16:06:16,Banyak penawaran menarik dan tentunya praktis.
3,Dio Fernando,1,2026-10-01 16:05:45,Telkomsel sekarnang lambat parah
3,Ondion Arianto Aritonang,1,2026-10-01 16:00:43,jaringan bapuk
3,Padang Limpa,1,2026-10-01 15:59:41,data mahal tapi sinyal sampah
3,Bang Fajar Jr.,1,2026-10-01 15:53:15,"Saya sangat kecewa memakai kartu Telkomsel. Di atas atau di dalam gedung sinyalnya kurang bagus, tolonglah di perbaiki.."
3,Yogha AP,1,2026-10-01 15:53:07,"akhir2 ini sinyalnya busuk bgt , di sinyal kok sampe kosong padahal paketan baru !!!!!!"
3,Ajo Bae,4,2026-10-01 15:41:42,sinya nya kai eek
3,Alex Capu,1,2026-10-01 15:37:34,knapa ndak ada bayar dr dana lagi
3,Pardison Pardison,1,2026-10-01 15:36:38,babi
3,Robbie Khan,2,2026-10-01 15:31:08,sinyal jelek pas buat main mobile legend pas warr tiba tiba jelek pas mati baru bagus
3,kiki ky,5,2026-10-01 15:30:08,bagus
3,Serlyka Nre,1,2026-10-01 15:25:06,"jaringan jelek, suka ilang ilangan gajelas"
3,Dimas,1,2026-10-01 15:23:48,Telkomsel bujang harga selangit jaringan kayak taik
3,Muhamad Wildan,1,2026-10-01 15:23:41,apk nya error terusssss uang saya gak kembali
3,SALAM SHOBUR LHJ RODI,5,2026-10-01 15:17:48,bagus
3,Denil Alexender,5,2026-10-01 15:17:19,jaringan nya di daerahku lumayan bagus...tapi banyak gangguan panggilan spam
3,Wiah Wi,1,2026-10-01 15:13:28,jaringan busuk hrga mahal
3,Aditya Aulya Rakhman,1,2026-10-01 15:13:19,LAMBAT
3,Crazy person,1,2026-10-01 15:13:01,"aplikasi aneh metode pembayaran tiba tiba hilang, udah bayarr tapi kuota ga masuk aneh aplikasi tolol"
3,Fahri Sendipermana,1,2026-10-01 15:12:56,Lag trs komtol
3,Tumiyati 11,1,2026-10-01 15:10:35,gak da kah pembayaran nya dari dana
3,Sam Damba,1,2026-10-01 15:07:15,"mau isi kuota susah, suka ngebug, giliran udah diisi kuota sinyalnya ga muncul, reset factory ga ngefek, rugi isi kuota gabisa dipake"
3,Janoz Nade,5,2026-10-01 15:07:00,"Jaringan semakin LeLet dan Lemot, Harga paketnya aja semakin mahaL, KuaLitas jaringan tidak memuaskan, Kecewa saya pakai TELKOMSEL kaLau seperti ini teruss"
3,Alya Kinasi,1,2026-10-01 15:00:00,pas itu masih bisa beli pake dana skrng ko udh GK ada lg fitur nya jdi ssh KLO mau beli GK ada pembayaran lewat dana
3,supermadi 22,2,2026-10-01 14:57:37,jelek mahal pantes kalah saing sama xl
3,Inggar Irawan,1,2026-10-01 14:57:17,"Aplikasi gajelas. berat, lemot, banyak bug..... di update rutin, tetep aja namanya apk tolol. kirain harga mahal bakal menjamin kualitas, ternyata malah bikin emosi. telkomsel ga pakai anak magang kan buat maintenance aplikasinya.? gedek bgt gw sama kalian hey telkomsel"
3,Akbar Aqil,1,2026-10-01 14:51:59,terlalu mahal kualitas jaringan jelek
3,Al Amanimovic,1,2026-10-01 14:49:13,"Harganya makin mahal, makin kesini diupdate makin parah. jadi susah login."
3,ahmad khairul,1,2026-10-01 14:48:32,kenapa ga bsa beli paket
3,Imron Azza,5,2026-10-01 14:46:31,lumayan bagus
3,Hari Sandi,1,2026-10-01 14:43:37,"telkomsel gaguna, gua beli ratusan ribu tapi kualitas kek taiiiii, ngelag ngelag ga karuan ,ga sebanding sama harga"
3,Fizzi,1,2026-10-01 14:41:38,"perbaiki leg,lemot,loading lama ,bug tolong lah kek apk jaman bahula"
3,Ade Rendi,1,2026-10-01 14:40:39,lemot
3,Karmin Boi,1,2026-10-01 14:35:22,"telkomsel memang sudah gx layak pake, kuota ajah mahal jaringan butut, perbaiki jaringan woyy, jangan kuota ajah di naikin tp kualitas jaringan 0% butut"
3,Syarif Brd,1,2026-10-01 14:33:39,sinyal ngeleg ngeleg
3,Pren Frengki,5,2026-10-01 14:33:17,yosafat
3,Irawati Yuliana,5,2026-10-01 14:33:12,ok
3,Bangg Puttt,1,2026-10-01 14:33:03,gajelas ni apk orang lgi terdesak mau beli pket malah ngebug mana lama lagi
3,AGUNG Prasettyo,1,2026-10-01 14:32:00,sinyal jelek kuota mahal Telkomsel ini hadehh
3,Aji Agusti Mulyana,1,2026-10-01 14:30:52,"mahal doang, signal busukkkkk"
3,Meinisa Muhromah,5,2026-10-01 14:30:48,baik
3,Eman Safrudin,1,2026-10-01 14:29:03,Telkomsel lemot
3,Muhamad Munawar,1,2026-10-01 14:28:57,"jaringn nya di perbaiki lah,otak di pake harga paket mahal kualitas jaringan buruk nyusahin orang, minimal jaringan nya di perbaiki"
3,M Abd Rozzaq Khaidhor,1,2026-10-01 14:27:55,APLIKASI 0ROVIDER TERAMPAS YANG PERNAH ADA DI DUNIA.
3,Setyo Adi,1,2026-10-01 14:27:53,jaringan busuk
3,fiqh rumpin,1,2026-10-01 14:27:52,"jaringan sering jelek, malahan ga pernah bagus, harga makin mahal, setiap mau beli kouta pasti eror, kartu ga jelas jaringan gila"
3,Heru Tarakan,1,2026-10-01 14:26:36,"aplikasi aneh, sudah bayar masukin pin jaringan pun bagus. tiba-tiba pembayaran gagal. ANEH!"
3,Squall Leonheart,1,2026-10-01 14:26:19,gangguan nya mantep banget padahal mau isi kuota tpi susah amat
3,Inggrid Cantikk,1,2026-10-01 14:25:25,aplikasi busuk mau ngisi peket susah bngt ga bisa udh di ulang brapa kali juga
3,Umar Abdul Aziz,1,2026-10-01 14:24:44,"apalah katanya internet terbaik, tapi dipakai di daerah ku malah dapat sinya 2-3 udah lagi nge lag, beban bet mending kartu lain"
3,Ray_Arkha,1,2026-10-01 14:23:53,"pusing dah sama nih provider udah tahu mahal aplikasi masih aja sering lag dan error terus terusan, minimal kalo udah tahu mahal layanan nya tuh di upgrade jangan harga jauh sama yang lain tapi layanan 11 12, ngelag mulu nih aplikasi gimana mau beli paketan nya dah woy"
3,Adiska28,1,2026-10-01 14:23:26,"MAU BELI KUOTA SUSAH, PDHAL WIFI DATA AMAN, GBLOK ANJG"
3,Abdul Syukur,5,2026-10-01 14:23:04,katanya Kouta 2 hari eh ternyata cuma sehari semalam
3,Itep 1793,1,2026-10-01 14:22:57,"apk paling lemot yang pernah ada di muka bumi, banyak iklan gak penting jadi maaf saya kasih bintang satu"
3,Ri fahri,1,2026-10-01 14:22:42,harga paket makin mahal aja cik 🗿 tiap bulan naik harga astaga gw pantau selama 3 bln terakhir dari 100rb/100gb naik jadi 160rb/100gb lama lama jadi 1jt/gb gilak ga ngotak naiknya speed ga seberapa naik harga makin gila biarin dah ganti provider aja
3,Hennop,2,2026-10-01 14:21:26,Lemottt...
3,Gunawan Tumiang,1,2026-10-01 14:21:04,apk lemot
3,ahlul bisri,1,2026-10-01 14:20:54,app tolol
3,Sai Akuto,1,2026-10-01 14:20:36,gajelas apk suka ngelag
3,Willy ardiansyah Ridwan,1,2026-10-01 14:20:32,"ga jelas, ntah apa apa dikasih nya, kemaren pembayaran lewat d+na bisa, sekrng gaada"
3,Muhammad Saifulloh,1,2026-10-01 14:20:03,APLIKASIN KONT_OOOOOL BANYAK BUG NYA MMEKKKKK
3,Akbar Ramdhani,3,2026-10-01 14:18:47,"ini kenapa ya software nya kerasa belum optimal banget, aku mw transaksi kuota loading terus berjam"" ga beres"", aku udah coba restart hp terus refresh apk nya tetep gabisa. ini lagi ada gangguan atau gimana aku ga ngerti"
3,Muhammad Rizki,5,2026-10-01 14:18:13,tolong perbaiki sistem nya
3,Cebong Gaming,1,2026-10-01 14:18:09,"paket makin hari makin mahal,, jaringan makin lemot,, aplikasi berat buat dibuka"
3,A s w a n d i 76,1,2026-10-01 14:17:17,"makin Ksni makin bruk sinyal kita rela bayar mahal paket nya, GK sesuai juga harga sama sinyal, Yg di sediakan"
3,sari febriani,1,2026-10-01 14:17:07,sering eror
3,Syah Rul,1,2026-10-01 14:15:55,kaya tai banyak lengkok
3,Iqbal.s Gorbon,1,2026-10-01 14:14:52,monyet jaringan susah banget masuk make wifi mau beli Kouta juga ngak ush di terbitin njig
3,ryan textil,1,2026-10-01 14:11:41,"Telkomsel korupsi, 36 GB langsung di hangusi padahal ada surat edaran Menkomdigi No .4/2026 bahwa kebijakan hangus nya Kouta internet sudah tidak di berlakukan lagi kecuali ada biaya penambahan untuk memperpanjang masa tegang Kouta tersebut."
3,Fa Jar76,5,2026-10-01 14:11:33,Yezz
3,Riza Kurnia,1,2026-10-01 14:11:05,"Makan RAM besar, banyak fitur yg tidak berguna"
3,Muhamd Idris,2,2026-10-01 14:10:53,gw mau beli pake knpa GK bisa sih anying
3,Huahvc Hauavs,5,2026-10-01 14:10:26,mantap
3,Stok Akun2,2,2026-10-01 14:09:52,lemot pas mau isi paket lagi
3,Gandhy Putra,1,2026-10-01 14:09:20,lemot banget
3,Solah Udin,1,2026-10-01 14:07:29,kaya anjing ngeleg
3,Yayoe Prassetya,1,2026-10-01 14:07:06,suka hilang signal. kuota masih hangus tidak sesuai dengan edaran komdigi
3,irfan,3,2026-10-01 14:06:41,"buset dah nih aplikasi mau bayar pembelian kuota aja bapring mulu gagal mulu padahal wifi lancar gk ada masalah? tolong lah jangan dipersulit, ini klo butuh buru-buru sangat menggangu"
3,Juli Irawan,1,2026-10-01 14:06:10,"aplikasi parah gangguan terus,mau daftar paket gak bisa,di buka susah dari dulu gak ada perbaikan"
3,Hafizd Pratama,1,2026-10-01 14:05:20,aplikasi busuk beli Kouta aja lelet padahal sinyal bagus
3,Mi nwrmhn,1,2026-10-01 14:02:41,jangan pakai provider ini kalau bisa gajelas sering gangguan
3,Awan 82,1,2026-10-01 14:02:03,buat Telkomsel.sy beli kuota internet OMG di applikasi dana pada tggl 29-9-26 jam 21.04 yg 35gb seharga 109rb yg saya dapat cm 8gb.udh komplen disrh tggu 1x24 jam.tp Ampe skrg gak ada kejelasan sama sekali dengan mslah kuota saya
3,MUHAMAD NURHIDAYAT,1,2026-10-01 14:01:40,jaringan aplikasi nya perbaiki lah udh ganti jaringan sana sini ternyata dari apk nya busukk buruk jelek jaringan ga diperbaiki di apk nya
3,ririi. rimb,2,2026-10-01 14:00:44,"aplikasi lemot, terasa berat padahal cuma mau beli paket atau sekedar bayar lewat pulsa, kualitas apk nya semakin menurun, mohon perbaiki lagi ya, soal nya beneran jelek banget, cuma mau beli paket aja susahnya ngga ketolongan"
3,Riva Oktorizal,1,2026-10-01 14:00:35,"aplikasi sampah, pembayaran sering gagal gak jelas, banyak korupsi nya nih aplikasi"
3,Mohammad Rasyid,1,2026-10-01 14:00:18,berat buat bayar susah lemot banget hp RAM 8
3,ya ni,1,2026-10-01 13:59:47,paket elit sinyal sulit
3,Tama Puji,1,2026-10-01 13:59:25,jaringan gak super jelekkkkkkk terpaksa ttp pake telkomsel karna nomer ud lama
3,Adit Fitri,1,2026-10-01 13:59:11,"aplikasi lemot, mau beli kuota aja gk bisa mulu, jaringan gagal terus, padahal buka apk provider lain aman2 aja"
3,Febryan Ismail,5,2026-10-01 13:58:16,sangat mudah digunakan
3,Sopian hadi,1,2026-10-01 13:57:05,sering gangguan
3,Rohainingsih,1,2026-10-01 13:56:42,tidak bisa perpangan masa aktif kuota
3,Lightcaster 46,1,2026-10-01 13:55:45,"Aplikasi paling ga guna, delay, lemot"
3,Rizki Samsurya,5,2026-10-01 13:54:53,sangat bagus dan membantu
3,Vika Fitria septriasa,1,2026-10-01 13:54:03,"aplikasinya suka eror, gabisa di pakai, terus jaringannya jelek lagi"
3,AST KARA,5,2026-10-01 13:53:31,"sinyal babi beli paket setiap bulan 200rb tapi sinyal nya jelek main game susah sosmed susah jangan kecewakan kita laaa asuu dan sekarang aku mau beli kuota aja gak bisa loding terus gimana sih binatang perbaiki lah lagi main game sinyal ilang tiba""pie cuookkk anjcokkkkk"
3,Achill Nyalsee,1,2026-10-01 13:53:12,Dikit Dikit Gangguan Dah Di Update Punn Tetep Anjj Emangg
3,Riyan,5,2026-10-01 13:52:20,apk tolol mau beli kuota malah gak bisa bayar ngeleg truss gak tau kenapa apk dungu emng
3,Bagenin Udah,1,2026-10-01 13:51:14,aplikasi loading lama
3,su yanto,1,2026-10-01 13:50:49,sinyal telkomsel busuk makin hari malah kalah telak sama kartu lain
3,Hyditzz12,5,2026-10-01 13:50:06,gacorkingg
3,Bang Misel,1,2026-10-01 13:49:14,"heran, paket mahal, cuma 28 hari, jaringannya timbul tenggelam+lemot"
3,Jefri Hcell,2,2026-10-01 13:48:51,"tidak bisa membeli kuota diatas 20rb, selalu tulisan nya tidak tersedia, cape bngt bolak balik beli paket Krn ada nya yang 10rb teruss. moga aj habis ini bisa di perbaiki"
3,M REVAN Harits (REVANS),1,2026-10-01 13:48:46,app dongo ngelag mulu tolol
3,Aanaan Sundi,2,2026-10-01 13:48:43,paket smakin lama smakin mahal
3,Agus Saepul,5,2026-10-01 13:48:25,baik
3,Surya Darma,4,2026-10-01 13:48:13,Ok
3,Google Form Papua,1,2026-10-01 13:48:00,"anehh org mau ganti nomor gak bisa Mulu, udah Kasih kluar kartunya sama aja"
3,Muhammad Vickri,1,2026-10-01 13:47:43,apk apaan sih
3,Muhammad al adis,1,2026-10-01 13:47:43,lemottttttttt sekaleeee muter muter ajeeee kebanyakan fitur g penting
3,Star Daezan,1,2026-10-01 13:46:35,tolol aplikasi banyak bug
3,Bagusaurus,1,2026-10-01 13:46:27,larang
3,Ahmad Nur Fauzy,1,2026-10-01 13:46:25,Sekarang gak rekomended telkomsel semakin kesini jaringannya tambah lemot
3,ardiann 0277,1,2026-10-01 13:45:45,apknya ngelag bgt kalau mau isi kuota
3,Riki Subagja,2,2026-10-01 13:44:25,sekarang kenapa e-wallet (Dana) di hapus ? apakah bug ?
3,Bugar Irianto,5,2026-10-01 13:43:48,nice
3,Fikran,1,2026-10-01 13:43:05,"banyak bug, sistem nya lemot, udah hampir 10thn make telkom pdhal dulu bagus bgt sekarang ko jadi memburuk."
3,Ambrosiuz Noya,1,2026-10-01 13:42:08,jaringan jelek
3,Jorgi Mboeik,1,2026-10-01 13:42:05,"Aplikasi bapuk bertahun-tahun ga berbenah, aplikasinya lemot banget sumpah AMPAS!"
3,Ihsan Badiuzzaman,1,2026-10-01 13:41:20,"Harga mahal, koneksi lemot padahal rumah deket tiang BTS, kalau mesen di aplikasi susah nya minta ampun.. pelayanan buruk besok besok ganti indosat aja ini mah"
3,Tidi,1,2026-10-01 13:41:09,aplikasi paling loading taiiiii
3,Devi Lestari,1,2026-10-01 13:40:41,aplikasi babi busukk
3,diwa abdul,1,2026-10-01 13:40:24,buka aplikasi lelet sekali. padahal sinyal normal2 aja. mau beli paket gagal terus. makin lama makin gak jelas
3,Trimolyono Trimolyono,1,2026-10-01 13:40:13,aplikasi tolol sangat menyusahkan sekedar beli pket saja susah nya mintak ampun
3,Reza Tufahlevi,1,2026-10-01 13:40:06,"benerin napa nih aplikasi, berat banget woy padahal buka aplikasi lain lancar² aja pas masuk ke aplikasi malah ngelag berat banget, masa provider gede aplikasi nya kayak gini, jangan malah harga kuota yg terus dimahalin"
3,Reyhan Novriansyah,1,2026-10-01 13:39:29,"NAJIS BAT GW BUKA APK LAIN GA NGELEG, BUKA APK INI NGELEG, MO BELI PAKET AJA RIBET"
4,Permata,1,2026-10-01 13:39:07,aplikasi lemottt parahhhh
4,dikri Wahyudi03,2,2026-10-01 13:38:54,ngeleg
4,Tegar Prawira,5,2026-10-01 13:38:49,"transaksi lelet, harga makin mahal keren luar biasa"
4,Toharil Tohari,1,2026-10-01 13:38:13,lemottt
4,waluyo yogo susilo,1,2026-10-01 13:37:58,pengguna setiA malah larAng
4,Beny Cahya,5,2026-10-01 13:37:33,baik
4,Saeful Anwar,5,2026-10-01 13:36:20,"aktifasi kartu lewat chrome benerin min,foto gagal terus,mending kayak dulu pake 4444"
4,Syahril Ramdhani,1,2026-10-01 13:36:05,makin sini makin jelek ah sinyalnya
4,Antonio Maldini,1,2026-10-01 13:35:25,aplikasi sampah
4,Adi Nst,1,2026-10-01 13:34:32,aplikasi rusak jaringan lag harga mahal cihh bgt
4,Marhaban,2,2026-10-01 13:34:15,lemot
4,Aghnia Mulqiah,1,2026-10-01 13:34:10,"telkomsel makin kesini makin mahal bnget, ga ngotak ngasih harga ga kaya zaman dulu, gampang eror lagi apk nya"
4,Febrian Rizki,1,2026-10-01 13:33:52,APLIKASI LEMOT.HP KEK MAU MELEDAK KALO BUKA APLIKASI INI.MASA MAU TRANSAKSI HARUS NUNGGU 2 JAM SAKING LEMOTNYA
4,Harry Tober Paruntungan Tambunan,1,2026-10-01 13:33:49,"makin update makin ngelag, mau beli pun gabisa, metode pembayaran aneh banyak bug"
4,Deni Firmansyah,1,2026-10-01 13:33:20,sering lemot
4,Jesslyn de volunteer,1,2026-10-01 13:32:47,"tololll, jaringan tololllllllllllll"
4,Raka Gusti,3,2026-10-01 13:32:46,lemot
4,Nayla,1,2026-10-01 13:31:54,"ini kenapa ya, pas setiap mau paket data selalu gaada internet, padahal wifi lancar kok, udah ngulang berkali-kali eh tetep sama gaada internet, Telkomsel udah beda ya ga kayak dulu lagi"
4,Zyn,1,2026-10-01 13:31:43,APLIKASI GAJE!!!!!! PULSA MAKIN MAHAL! MAU BAYAR PAKETAN AJA MALAH GABISA PADAHAL JARINGAN AMAN DAN BAGUS BAGUS AJA!! MASIH UNTUNG LO GW GA NGOMONG KASAR DISINI! *** EH ANJG!!! LU KOK MAKIN LAMA MAKIN NGELUNJAK YA!? MAKIN LAMA MAKIN BODOK! MATI AJA
4,Amir Regas,1,2026-10-01 13:30:54,"makin lama makin jelek aja,bayar pakek dana ngak ada"
4,Solomon Murray,1,2026-10-01 13:29:41,"aplikasi busuk, buat beli kuota buffering mulu"
4,ari 229chika,4,2026-10-01 13:28:19,ok
4,s. murrohman,1,2026-10-01 13:27:52,"Ini jaringan telkomsel makin lama makin gak becus. Make jaringan 4G ngelek, pake yg 5G makin parah. Kami di sini beli paket mahal-mahal jaringan nya di perbaiki lah.. inti nya tidak recom lagi pake telkomsel, tidak sebagus dlu jaringan nya. ingat yg blm pake telkomsel jgn pernah beli telkomsel, rugi"
4,Rudi Hartono,1,2026-10-01 13:27:24,idiot
4,DG donny gunawan toraja,1,2026-10-01 13:26:39,Oii sinyal lu gk bagus asw udah paket mahal sinyal jelek Gak bener lu mending ga usah sok buat apl kalo ga bisa di pakai mending balik ke cara primitif daftar paket dr pada buat apl ga tp nyusahin
4,Adri Ansyah,1,2026-10-01 13:26:35,"aplikasi trlalu lemot, lelet. jdi kualitas apk nya JELEK"
4,Haikal Fahrezi,5,2026-10-01 13:25:47,tolong lag nya dihilangkan
4,Ryan Ferdyan,1,2026-10-01 13:25:38,mau masuk aplikasi nya lama banget. mau beli paket aja lemot bget parah. pusing
4,Lalu PraYoga,1,2026-10-01 13:25:35,aplikasinya lemot
4,Hengki Kecil,5,2026-10-01 13:24:41,puas
4,Tri Wahyudi,1,2026-10-01 13:24:24,"payahhh memang proveder milik pemerintah ini, nyesel... data mahal tp kualitasnya buruk, seburuk pengelolanya... bosoookkk² mudah²an akhir hayatmu bosok juga si pengurus telkomsel"
4,Jefri Maruhum Tampubolon,1,2026-10-01 13:24:18,apk sampah.. harga makin mahal pelayanan makin anjlok kalo memang niat menaikkan harga perbaiki juga kualitas apk lu..
4,yondri praing suwarsono,1,2026-10-01 13:23:28,"jaringan paling sampah, beli kuota sebelum masa tenggang habis berulang ulang diaplikasi malah sinyal loading sampai mampus tapi buka sosial media lancar, anehnya lagi pas ambil paket darurat sinyal tiba-tiba lancar, emang provider sampah"
4,Gede Anune,1,2026-10-01 13:22:15,aplikasi gak jelas mau bayar aja susah 👇👇👇👇
4,Felisitas Angga,5,2026-10-01 13:21:47,mantap
4,Najwa Isnain,1,2026-10-01 13:21:41,ngeleg ngeleg pdhl punya kuota buka apk lain lancar TPI buka Telkomsel ngeleg harus nunggu lama kontolll
4,M Isyq Azhari,1,2026-10-01 13:21:27,mau bayar gagal terus
4,ANDARIAS ERSON,1,2026-10-01 13:21:01,saya keluhan masalah jaringan saya mau melakukan pembelian masalahnya saya pakai wifi dan jaringan saya bagus tetapi setelah saya transaksi tiba tiba loading nya lama betu untuk developer tolong di perbaiki masalah jaringan nya
4,Pengguna Google,1,2026-10-01 13:19:44,"Kecewa banget, aplikasi lemot banget mau ngisi paket ga bisa bisa padahal pake wifi tapi ga bisa kebuka"
4,Prastiadi Prastiadi,4,2026-10-01 13:19:35,paket mahal jaringan sulit
4,ATHHAR YASYFA R GAMING,1,2026-10-01 13:19:03,aplikasi sangat delay
4,Ridho Kurniawan,1,2026-10-01 13:18:26,"makin parah jaringan T ini makin hari lelet kadang tiba-tiba patah-patah, harga paket melonjak,gak ada yang bisa di banggakan untuk saat ini berbeda sama yang dulu sinyal kuat gak lelet dan harga paket terjangkau kecewa saya selaku pengguna lama Telkomsel dari tahun 2017,"
4,Wo Mama,5,2026-10-01 13:18:12,"aplikasi jelek , leg mulu sialan. sengaja kasih rate B5 biar diatas"
4,Jefri Djami,1,2026-10-01 13:17:48,ini kenapa mau beli paket aja muter terus padahal gua masih ada paket
4,Basyarul Hafi,1,2026-10-01 13:17:29,"jaringan jelek banget di daerah aceh pidie, tolong lah di perbaiki, udah kuota nya mahal tapi jaringan nya lambat banget"
4,Putra Budiman Mbeo,1,2026-10-01 13:17:16,banyak error
4,Victor Tambunan,1,2026-10-01 13:16:47,aplikasi TOLOL ! harga mahal tapi jaringan JELEK !
4,Ilham Wahyu Abdullah,1,2026-10-01 13:16:31,sering lemot aplikasinya
4,Bhela Nagur,5,2026-10-01 13:15:52,baik
4,Sanjaya Putra,1,2026-10-01 13:15:44,aplikasi lambat mau bli paket susah..provider gede tapi kyk cacing
4,Rayi Rayan,1,2026-10-01 13:15:24,"gue kasih bintang 1, tiap mau beli paket ngelag mulu, lama² gw bakar ni kartu"
4,First Second,1,2026-10-01 13:14:35,aplikasi ga jelas ngelag terus gimana sih Telkomsel bikin apk ga niat
4,Muhammad Difa Sya'Bani,1,2026-10-01 13:14:13,APLIKASI TOLOL SISTEM NYA GA BENER MAU BAYAR AJA TENGIL
4,Plonco 95,2,2026-10-01 13:13:57,qris error
4,Syahrul Mobilingo,1,2026-10-01 13:13:11,my Telkomsel gak jelas gangguan terus gak pantas di install
4,Muhammad Ferdy Ridwan Hakim,1,2026-10-01 13:12:20,"jelek banget, lelet apknya"
4,Erik Wahyudiana,1,2026-10-01 13:12:14,aplikasi ga jelas idiot sinyal bagus mau pas beli pket data nglag tolong benerin udah mah paketan mahal mahal ga ada ngartisan yang bener aja min
4,Iman Muhkal,1,2026-10-01 13:12:13,"INI APLIKASI DI UPDATE MALAH TAMPILAN NYUSAHIN BANGET, JEK TERLALU RIBET ini aplikasi saya gak bisa login ANJENG. Ngisi kuota aja susah bangt"
4,Sumi Sumiati,2,2026-10-01 13:12:03,"Sekarang jadi lebih susah paketin datanya,Udah gitu gangguan sistem mulu apalagi pas mau bayar paket datanya,udah gitu sekarang paket datanya pada mahal mahal Benerin lagi deh tuh sistemnya sama harga paketnya.... Semoga lebih baik lagi kedepannya"
4,Kaka Harfenli,1,2026-10-01 13:11:57,"APLIKASI APAAN DAH NGELAG BENER, orang mau beli paket aja susah karna lag padhal sinyal bagus. Perbaiki apk lu"
4,siti,1,2026-10-01 13:11:45,"aplikasi bodoh,mau beli kuota aja gabisa,buffering terus,padahal wifi kencang"
4,Novandry Behuku,1,2026-10-01 13:11:35,server lag terus
4,Ainun Najla Mutia,1,2026-10-01 13:10:49,"Sering bgt ngelag tiap dibuka, bahkan mau beli kuota aja loading dan stuck lama bgt."
4,Hariansyah Laksana,2,2026-10-01 13:10:45,jaringan lemot + loding kalo mau beli kouta
4,Diyannor Kanssas,5,2026-10-01 13:10:29,👍
4,Lippp Gerung098,1,2026-10-01 13:09:36,"my telkomsel lemot, sinyal parah...selalu alasan hp di suruh restart...padahal masalahnya bukan di hp"
4,Jehan Nm,1,2026-10-01 13:08:18,apk yg sangat2 lemot
4,YiViY hafza,1,2026-10-01 13:08:14,kalau memang dasarnya bobrok. mau diapapun tetap ga ada kualutasnya. cuma akan menjadi sarang koruptor. biaya pembelian paket serba mahal. kualitas bintang 1
4,mardian syah,5,2026-10-01 13:07:50,MyTelkomsel is the best
4,Auliadin Adin,1,2026-10-01 13:07:49,sinyal jelek apk sering eror kouta mahal mahal-mahal
4,Jumaili_saputra foza,1,2026-10-01 13:07:34,telkomsel puki sundala memang ini telkomsel paket mahal jaringan jelek jangan mau untung aja perbaiki juga dong kualitas jaringan mu njing
4,Irhan Nur Rosyid,2,2026-10-01 13:06:56,mau isi pulsa/kuota aja lemot saya kira harga mahal ada kualitas
4,Ahmad rudi Rudi,1,2026-10-01 13:06:48,leg trs
4,FEBRI Grey,2,2026-10-01 13:06:18,"ini kenapa ya hampir setiap mau beli paket lelet banget, padahal tinggal bayar aja tp loading nya sngat lama harua berkali"" keluar aplikasi jd buaang"" waktu dan ganggu bnget"
4,habib maulana,1,2026-10-01 13:05:59,kikir ngelag suka eror padahal jaringan bagus
4,Aazar Zar,5,2026-10-01 13:05:07,ok
4,Rendy santoso,2,2026-10-01 13:04:57,apk berat
4,Luky Kurniawan,1,2026-10-01 13:04:31,APK LEMOOTT
4,Lalu Dicky,5,2026-10-01 13:04:27,sangat membantu
4,Wahfid Janaka Saubari,2,2026-10-01 13:04:19,"Jaringan udah sering jelek bahkan ilang udah ga kaya dulu lagi, buka aplikasi MyTelkomsel jga lama banget, mau beli paket data nya jga loading setahun, padahal udah pake wifi yang jaringan nya bagus, tetap aja loading setahun. tidak rekomendasi untuk sekarang guys mending cari kartu yang lain aja"
4,Hari Yanto,1,2026-10-01 13:03:53,Telkomsel knp jaringan nya jelek sih kalau gini saya rugi beli paket nya
4,Sabrina Sabrina,5,2026-10-01 13:03:21,Saya merasa senang sekali dengan aplikasi ini ada banyak pilihan
4,Baguss,1,2026-10-01 13:02:45,"Perbaiki aplikasinya lemot banget, waktu sampe pembayaran selalu lemot giliran di restart tambah lemot lagi, sampe kejadia salah pilih nomor buat yang diisi jadi beli 2 kali"
4,Muhammad Raihan Firdaus,1,2026-10-01 13:01:47,"Gilaa sekelas telkomsel apk nya lemot banget mau beli paket gabisa di payment, dari dulu apk selemot itu, gamampu bayar IT bukan apa gaada perkembangan banget"
4,Taufik Rahman,1,2026-10-01 13:01:38,"aplikasi berat,, loading dan buffering refresh nya sangat lama,, setiap pembelian data pulsa dulu yg ke potong namun data nya harus di refresh lagi,, pemakai telkomsel 15th lebih tp aplikasi nya gini amatt. Kuota paling mahal se-Indonesia rayaaa,, jaringan nya makin lambat kualitas nya makin rusak,, ditambah aplikasi buat isi kuota aja ribet buffering gagal Mulu,, ini aplikasi gak layak bangetmalah menyusahkan aja"
4,Ingrid,1,2026-10-01 13:00:56,harga rekomendasi jg ttp mahal. lawak
4,Faiz Syarifuddin,1,2026-10-01 12:59:54,ngelag
4,Aditya Hutagalung,1,2026-10-01 12:58:20,"Tolong ditindaklanjut mengenai kualitas internet di daerah sumba barat. Semakin hari kondisi internet semakin buruk, internet sudah menjadi kebutuhan pokok masyarakat"
4,fathirlaiufar Zamil,1,2026-10-01 12:58:18,"JARINGAN AMAN TERKENDALA TAPI KENAPA LOADING UNTUK PESAN KOUTA SANGAT LAMA SEKALI!!!, APLIKASI INI SELALU BEGITU TOLONG DI BENAHI!!!, BANYAK SUDAH KOMPLAIN APA KAMU TIDAK MELIHATNYA??? SANGAT LEMOT!!!, KENAPA SAMPAI SEKARANG TIDAK DI BENAHI???!!!"
4,Aris Musliman,1,2026-10-01 12:57:57,apk T41
4,Rangga Adi,1,2026-10-01 12:57:54,ui busuk
4,Egi G,1,2026-10-01 12:56:42,"Kesel banget sama bug aplikasi. punya 2 nomor telkomsel waktu di klik tambah kuota di nomor ke 2 malah halamannya ke nomor pertama, jadinya salah isi."
4,BONET RNA,1,2026-10-01 12:56:20,parah parah makin ancur mau bli paket gak bisa apa ink aplikasi bukan nya makin bagus malah makin jelek ajink emng beli paket aja di persulit babi
4,Ahmad Siraj,1,2026-10-01 12:54:37,loading trs asW
4,Fauzi AR,1,2026-10-01 12:53:17,"Sisa kuota saya yg sblmnya msh ada 60GB an dan katanya hanya perlu mnbah masa aktif saja, HOAX ternyata 👎👎👎👎👎👎"
4,George Jhon,1,2026-10-01 12:52:57,"apk lelet, jaringan bagus tapi gak bisa beli paket karena jaringan, ANEH LEMOT... bisa bikin APK gak sih???? SEKALI LAGI BISA BIKIN APK GAK????? apk lemot kaya mencret"
4,NRS 29,1,2026-10-01 12:52:35,"paket mahal mahal cuma 28 hari sejak kapan sebulan 28 hari, provider korup. aplikasi makin berat."
4,Tamimah Bangun,1,2026-10-01 12:52:25,jaringan makin buruk
4,Ash,1,2026-10-01 12:52:13,"Ini aplikasi apaan sih, Mo apa² lemot banget!!"
4,Calvin Febrian,2,2026-10-01 12:51:38,"tidak niat membuat aplikasih atau apa, jaringan stabil saat mencari pulsa, kuota dll, tapi pas dalam pembayaran mutar lama banget, tolong di tingkatkan lagi, dan aplikasih ini juga cukup lumayan berat ya."
4,Julian Vino,1,2026-10-01 12:50:08,sinyal jelek banget gak bisa isi kuota
4,Fennn Gamezzz,1,2026-10-01 12:49:47,Makin busuk!!
4,Axxa Gaming,1,2026-10-01 12:46:41,makin lama makin jijik pakek telkomsel
4,IPOY ADRIAN PRATAMA,1,2026-10-01 12:44:31,apk lelet berat
4,Ledo pangestu,2,2026-10-01 12:44:30,"mau beli paketannya aja susah banget, apk nya jelek padahal sinyal ku bagus buka apk lain bisa giliran buka apk ini susah banget"
4,Fasa,1,2026-10-01 12:43:56,APLIKASI GOBLOKKK JANCOKKK
4,Serli Amania,5,2026-10-01 12:41:31,bgus
4,Ninda Arsip Foto Bias 2,1,2026-10-01 12:40:50,"Kenapa lagiii ini yawlahhh😭 in this ekonomi udahlah paketan nya mehong banget, pake gagal lagi transaksi nya:), jaringan juga nggak seberapa, lelet banget, kesel banget sama Telkomsel nih😭😭 tapi sampe sekarang bertahan doang ke ini"
4,Candra lebay,1,2026-10-01 12:39:24,"kuota banyak,, mahal,, lemot,,, 4nj1ng,,, operator bangsat,,, sering gangguan,, ngerugiin pelanggan aja lo"
4,Abidzar Al Ghifary,1,2026-10-01 12:39:17,jelek banget sih cuman mau pembayaran doang harus lewatin beberapa langkah udah gitu muter nyaa ada kali sejam wkwk come on developer gw cuman mau beli anjir harus nunggu sampe berapa lama lagi?
4,achiint,1,2026-10-01 12:38:39,sampah. makin dibeli makin mahal. masih oke naiknya pertama. makin lama dipake makin mahal. buang aja. pake yg lain. YA MIKIR KALAU JAWAB. KITA REVIEW APP YA PAKE APPNYA LAH. MAU BELI PAKET AJA APLIKASINYA MUTER TERUS. JELEK
4,nadine zalma,1,2026-10-01 12:38:35,"aplikasi ngelag mulu gajelas benerin deh, hp gw jg bkn hp kentang, mau payment aja dibuat susah"
4,Leo Danzz,1,2026-10-01 12:38:11,apk terkontol
4,Muhammad Reza,1,2026-10-01 12:37:53,"Aplikasi Lemot, jaringan busuk. Makin Update Makin BUSUK."
4,Sat Dj,1,2026-10-01 12:36:46,makin update makin parah aplikasi tolol
4,Ahmad Muzaki,1,2026-10-01 12:36:45,"mau beli pulsa aja ribet banget, alasan ganguan sinyal padahal sinyal penuh,kalok ngak bisa buat apk ngak usah buat gblk"
4,Sulis Setia,2,2026-10-01 12:35:31,susah pas mau beli paket
4,Kaldi Rom,1,2026-10-01 12:35:25,aplikasi binatang
4,Brian,5,2026-10-01 12:34:47,mwantap
4,Muhamad Rizki,1,2026-10-01 12:32:52,"stuck mulu di metode pembayaran, jieer"
4,Rudolf Tadayu,1,2026-10-01 12:30:57,BUAT APK NGOTAK DONG HARI HARI GANGGUAN MULU MAU BELU PAKET AJA DIPERSUKIT NGNT
4,Deddy Desmawan,1,2026-10-01 12:30:26,aplikasi sampah hobi bug
4,Mitsuya Kimura,1,2026-10-01 12:25:56,aplikasi nya lemot banget jaringan udah kenceng tetep muter² terus gk jelas
4,Sakha Rizal,1,2026-10-01 12:25:45,"ngebug mulu, lag parah"
4,Ranggi Rahfiyogo,1,2026-10-01 12:24:42,"jelek banget, sering bug dan leg"
4,Cindy Ulvi Nabila Aulia,3,2026-10-01 12:21:31,"apk nya lemot banget, padahal lagi butuh buat ngisi kuota tapi lama banget banget banget, tolong diperbaiki dong kak😫"
4,ardi pratama putra,1,2026-10-01 12:20:46,"sinyal suka ilang ilangan , dibuat main game sering ngelag. tolong di imbangin dengan harga paket yang semakin mahal. boleh mahal tapi sinyal juga imbangin dong."
4,Fadhil,1,2026-10-01 12:20:11,jaringan paling buruk
4,Beny Bambang,1,2026-10-01 12:19:45,mytelkomsel lemot
4,Roby Rohman,1,2026-10-01 12:17:04,Buruk
4,Devi Andriansyah,1,2026-10-01 12:16:45,cik ath saya teh bli kuota mahal ari jaringan jlek banget sok perbaikin jaringan d mana2 jlek weh jeng jelek jaringan teh.
4,SRM PROJECTS,1,2026-10-01 12:09:52,"lelet, jaringan lemot, kuota mahal."
4,Aziz Wahyudi,1,2026-10-01 12:08:50,lemotnya ga ketolongan
4,Mega Marlina,1,2026-10-01 12:06:01,"udah beberapa bulan ini sering banget signal hilang udah gitu durasinya bukan itungan menit tapi berjam jam bahkan hari ini dari pagi sampai sore baru ada signal, udah mah mahal waktunya sebentar trus sering bermasalah jaringan.. kecewa banget sih"
4,Barudin 21,5,2026-10-01 12:03:42,"promo2 taik kucing,marketing lu masih kemahalan"
4,Heriyanto 666,1,2026-10-01 12:02:06,sudah di restart masih aja jaringan Telkomsel paling lemah💩💩💩💩
4,kei arsen,2,2026-10-01 12:01:47,promo lebih murah lagi dong
4,Irvan Syobari,5,2026-10-01 11:56:21,"Saya pelanggan tetap Telkomsel sdh 10 Thn kurang lebih, masa saya ga dpt prioritas program Telkomsel promo murah paketan internet terima kasih 🙏"
4,Zonanya Oped,1,2026-10-01 11:56:10,"makin hari makin rusak jaringan telkomesl, harga mahal jaringan kayak siput ""LEMOT"" sering hilang pulak itu jaringannya. gara gara jaringan sering hilang, jadi sering hancur pendapatan gw."
4,Samsul,5,2026-10-01 11:50:04,luar biasa harganya terjangkau dan kualitas jaringannya mantap
4,Official Dii.,1,2026-10-01 11:45:29,"oi Telkomsel malu lah sama kartu 3 sinyal nya udh bagus paket pun murah meriah,beda sama Telkomsel sinyal nya jelek paket pun mahal sekali"
4,M. Hadi,1,2026-10-01 11:44:11,Tlkomsel sering ngirim pesan ga penting. seperti pesan langsung. hp jadi aktif
4,ronald Mere,1,2026-10-01 11:42:27,"aplikasi nya kecil,tapi seolah seperti aplikasi besar 30gb, Lemot nyaya Tuhan kadang juga berhenti sendiri apk nya."
4,Kusnul Khotim,3,2026-10-01 11:40:13,"Ini udah enak beli pulsanya aman engga ketuker tapi apk nya suka eror ga ngerti kenapa, mau isi perpanjang masa aktif malah eror terus."
4,evan marsel,1,2026-10-01 11:33:44,"sy pengguna Telkomsel yg teramat lama sekali, sekarang sy benar-benar kecewa... 1. lemot, dan jaringan sering hilang-hilang (buruk sekali) 2. paket kuota mahal-mahal semua, tapi jaringan benar-benar buruk sekali, dan sisa kuota juga akan hilang 28/30 hari 3. setiap hari setiap saat dan setiap waktu, bahkan disaat hujan jaringan memang benar-benar sangat sangat sangat buruk sekali."
4,Irfan Di,1,2026-10-01 11:32:43,kurang bagus suka di stel biar kita menambah pulsa saat pengisian paket
4,Upin &ipin,1,2026-10-01 11:30:46,janringan ny busuk .ga layak ga rekomen pakek
4,Putra Kulo,5,2026-10-01 11:28:32,"tolong adakan fitur ganti kartu yg hilang bisa online, lewat video call misalnya untuk memverifikasi kebenaran datanya, karena grapari di daerah saya cukup jauh"
4,Agus supriyanto Agus supriyanto,1,2026-10-01 11:24:46,"Telkomsel taiiii ,paket makin mahal ,sinyal makin jelek , perbaikin dulu tuhh provider nya min ,beli paket mahal2 sinyal ndet2an"
4,Malik RanggaSaputra,1,2026-10-01 11:22:34,-masa aktif di jual terpisah -harga paket mahalnya gk ngotak -masa aktif cuman 28 kelewat itu hangus kuotanya -klo kuota habis lupa isi bisa nyolong pulsa 1mb: 10rb makin lama makin bgst lu Telkomshit
4,Marli Simbolon,5,2026-10-01 11:20:34,untuk memeriksa berapa Gb.
4,Khka Wan,5,2026-10-01 11:14:09,bagus
4,RASS Danzz,1,2026-10-01 11:12:07,telkomsel udah ga kaya dulu SINYAL NYA LEMOTT!! HARGA NYA KESINI MAKIN KESINI TAMBAH MAHALL!! lain kali kalo harga mahal sinyal lancar lah!! msa iya beli mahal kalo jaringan nya buruk ya percuma buang buang duit aja!! klo ada rating bintang 0 saya kasih nol!!
4,Kristal putih,5,2026-10-01 11:11:32,sangat keren sekali aplikasi my Telkomsel ini
4,Arif Sunandar,4,2026-10-01 11:08:43,bagus
4,Hdyt Mara,4,2026-10-01 11:02:28,Nice🔥
4,Arie Suherman,1,2026-10-01 10:45:38,"di daerah jongkong kalbar kenapa sinyal parah hmpir tidak ada sama sekali, tolong di perbaiki jangan yng daerah kotanya aja bagus di perkampunganpun harus bagus, malu sama iklan."
4,Aldi,1,2026-10-01 10:44:58,paket dikit harga selangit jaringan pelit lawak banget
4,Tayu,5,2026-10-01 10:38:20,Bagus
4,Wahyu Aji,1,2026-10-01 10:22:15,keseringan gangguan mana harga paket gak sesuai lagi sama harga udah gb kecil mahal pula
4,Wahyu Budiman,5,2026-10-01 10:19:35,alhamdulillah segala keluhan di dengar dengan baik cs nya responsif
4,miftahul jannah,1,2026-10-01 10:14:12,tolong perbaiki jaringan lemot banget. setiap saya beli paket di my Telkomsel khusunya internet sakti. lemot banget jaringan nya kenapa ya? tolong dong diperbaiki udah berkali kali beli tetap lemot parah
4,alexa twailort,1,2026-10-01 10:13:15,sering keluar sendiri......
4,Enjel Pai,5,2026-10-01 10:08:15,𝑠𝑎𝑦𝑎 𝑏𝑎𝑛𝑡𝑢 cek nomor ordernya melalui aplikasi MyTelkomsel App store untuk berubah tanpa minimal pembelian paket
4,Threisje Mandey,1,2026-10-01 10:05:10,JARINGAN PALING BURUK DI INDONESIA.SUDAH RESTART HP DAN SEGALA MACAM.PEKERJAAN SAYA JADI RUSAK DAN GAGAL KARENA MEMAKAI OPERATOR INI.TIDAK DIREKOMENDASIKAN UNTUK DI PAKAI.AYO SEMUA BERPINDAH OPERATOR KALAU TIDAK MAU DISUSAHKAN DENGAN JARINGAN OPERATOR TELKOMSEL YANG BURUK INI.OPERATOR CACAT👎🏻👎🏻👎🏻❌❌❌👎🏻👎🏻👎🏻❌❌❌👎🏻👎🏻👎🏻❌❌❌
4,Aura Mahdi,5,2026-10-01 10:01:25,good
4,Muhammad Yasin,1,2026-10-01 09:59:05,"enggak jelas 2 x donwload enggak bsa di buka, tiba² keluar sendri anehhh"
4,Eri Junaidi,5,2026-10-01 09:54:02,bagus
4,Asep Mulyana,1,2026-10-01 09:53:50,"aplikasi jadi makin lemot, selau update susah log in.. udah dihapus lalu download lagi masih susah log in. aplikasi payah."
4,Samsung 7186,5,2026-10-01 09:50:19,paket mahal
4,Iip Gojali,5,2026-10-01 09:48:37,layanan cukup bagus semoga Telkomsel semakin jaya di seluruh 🌐🌏
4,Arya Rakimin,1,2026-10-01 09:45:36,paketan mahal sinyal jelek.
4,Arief Mulyadi,5,2026-10-01 09:43:48,sangat bai
4,Emilsalim,1,2026-10-01 09:42:50,paket promo ny mahal2 semua
4,Adlan Aska,1,2026-10-01 09:40:44,"TOLONG DI BACA!! gimanasih jaringan telkom ini sangat tidak bagus dengan harga yang mahal,saya sudah beli paket tapi gak ada gunanya jika sinyalnya jelek. MOHON DI PERBAIKI🙏🏻🙏🏻"
4,Anton Mstp,5,2026-10-01 09:27:20,sangat bagus
4,Abdi Setiawan,1,2026-10-01 09:23:59,ntah apa salah nya... jaringan hilang timbul padahal beli paket nya mahal.... Eeh Ndasmu lah
4,Raziq Hanan,5,2026-10-01 09:21:53,"Paketnya mahal,bisa dikurangin gak?"
4,Fadilah Hasby,1,2026-10-01 09:20:05,kartu dengan sinyal gajelas
4,Fera Syaputri,2,2026-10-01 09:17:54,"no HP saya sudah di pake lama banget, tolong kasih promo yang lebih menarik dengan harga yang sesuai. promo yang sekarang masih terlalu mahal untuk saya."
4,SAHRUL MAULANA,5,2026-10-01 09:14:57,sangat bagu
4,Muh Sujadi,3,2026-10-01 09:13:55,"Kegedean. Gak rekomended, di update tambah lelet."
4,Eeng Julian,5,2026-10-01 09:08:45,sangat bagus
4,Bambang Sujadi,2,2026-10-01 09:04:53,terlalu besar bikin hp lemot
4,RAJA HASIBUAN,1,2026-10-01 09:02:45,"harga paket mahal, kuota sedikit kalau ngk niat pakai aplikasi bubarkan sajaa"
4,Okta Via,5,2026-10-01 08:57:58,sangat mudah digunakan dan praktis
4,Jepriadi,5,2026-10-01 08:56:50,baik
4,Sindyclaudya05,1,2026-10-01 08:39:32,"udah paket kalau di beli terus harga jadi naik, sekarang malah mau beli paketan troble muluuu"
4,Saiddt86 Dwi,1,2026-10-01 08:39:15,"makin ga jelas paket keluarga yg ilang dah dinonaktifin, ganti paket keluarga yang baru, sekarang paket yg dinonaktifin malah aktif lagi lah nnti bayar indihomenya jadi double apa gimana..... harus capek2 ke GraPARI, telp cs juga ga jelas penyelesaiannya"
4,Sabir Cess,1,2026-10-01 08:35:01,mantap sangat membantu
4,Muhammad gapit,1,2026-10-01 08:26:58,"aplikasinya force close Mulu, system nya berar... promo nya sering ngibul, sudah diisi pulsa taunya sudah kadaluarsa, update nya berat tapi ga ada perubahan"
4,Irfan Pauji,1,2026-10-01 08:22:04,"tolong dong di perbaiki lagi, masa mo buka aplikasi my Telkomsel keluar keluar sendiri, setiap mo buka pasti ke gitu terus"
4,sekolah,1,2026-10-01 08:21:55,"gg jelas, kuota abis tbtb 👎"
4,Muhammad Fihir,1,2026-10-01 08:13:17,telkomsel aplikasi tolol amat mau bayar aje ngandat dulu padahal sinyal lancar engga jelas udh harga mahal
4,Mahoni Onic,4,2026-10-01 08:08:46,termurah
4,plafonpvc smg,1,2026-10-01 08:04:59,aplikasih berat busuk
4,Krisdianto Krisdianto,5,2026-10-01 07:59:02,baik
4,babat toman,1,2026-10-01 07:40:26,kaya mana ini telkom ga jls bngt sinyal nya
4,achi whaci,1,2026-10-01 07:35:26,"beli paket 1oktober masa berlaku 28hari, harusnya kan berakhir 29oktober. lahh ini berakhir 28oktober. makin loyal makin aneh ini provider kocak"
4,Belkis,1,2026-10-01 07:28:38,"isi kuota via my Telkomsel pakai qris, tp ga masuk jg kuotanya. udh laporan ga ada masuk jg sampai lebih dari 24 jam."
5,arif Wibowo,1,2026-10-01 07:27:23,tidak bisa dibuka
5,Suhandi Andi,1,2026-10-01 07:21:48,baru banget download masa iya eror lugajelas banget Telkomsel heran
5,NightRess1913 Mc,3,2026-10-01 07:17:27,Udah ga tau lagi gw cuma mau ngomong sinyalnya rusak
5,Deni Mulyana,5,2026-10-01 07:14:39,kalah Beuki marahal Beuki diri teh
5,Oga Irfan,3,2026-10-01 07:07:26,"makin kesini makin mahal aja yak😅 padahal pake ini kartu Telkomsel dari zaman sekolah sampe sekarang masih langganan, tapi makin kesini makin ga bersahabat harga sama nominal kuotanya."
5,Dolvi Adrian,1,2026-10-01 06:52:35,"parah betul Telkomsel ini, internet saya di blokir cm krna TDK byr paket darurat bgmn mau byr paket darurat harganya 25rb ,mahal Skali ,data cm 1,5gb cm provider ini yg blokir internet 1 org,cm gara2 paket darurat blm byr,asssu"
5,oktohaumeni okto,5,2026-10-01 06:48:00,sangat baik
5,Andreas Saputra,1,2026-10-01 06:41:24,kita coba dulu klo benar kasih lengkap bintang nya
5,Ole New,1,2026-10-01 06:40:12,"Telkomsel miskin banget njir, nimbang utang pulsa 5 ribu belum di bayar, jaringan di blokir🤣"
5,Master Dewala,1,2026-10-01 06:38:03,"APLIKASI GA JELAS.!! KEMARIN GW KASIH SARAN, HILANGKAN FITUR HOTEL ATAU APALAH ITU. FOKUS KE KUOTA + PULSA SAJA.! SEKARANG MUNCUL FITUR BELANJA !!!????"
5,Radit 276,1,2026-10-01 06:31:32,udah 2 kali beli paket trus udah saya bayar tapi paket nya ngga masuk sampai skrng
5,paa too,5,2026-10-01 06:29:58,"sinyal tempekkk,,,,,, ashuuu"
5,ferry ferry,1,2026-10-01 06:29:27,lemot parah
5,Rangga20,2,2026-10-01 06:24:19,"mau HP sebagus apapun, buka app mytelkomsel pasti lemot."
5,mhd Nasir,5,2026-10-01 06:23:59,bagus
5,Fhatir 241,5,2026-10-01 06:22:49,mantab
5,bmt nurrahmah,1,2026-10-01 06:10:58,jangan sedikit-sedikit keluar sendiri dari nomornya kita! sedikit-sedikit login isi nomor lagi!!! sangat mengganggu!
5,Tita Sarika,5,2026-10-01 06:04:42,sangat berarti terbantu
5,Joko yulianto Yulianto,1,2026-10-01 06:04:34,sinyal kurang baik di wilayah saya
5,MUHAMMAD FENDY,1,2026-10-01 06:01:52,"Update, banyak complain bukannya di perbaiki, malah makin buruk. coba sekarang telpon ke operator bisa gak? gak bisa mungkin karena saking kualahannya ngadepin complain.kualitas jaringan sekarang sangatlah buruk 🤣🤣🤣, dulu jaringan Telkomsel memang paling juara, sampai ke pelosok masih menjangkau, kalau sekarang paling juara di harga saja, harga kuota mahal, masalah jaringan tertinggal sangat jauh dengan provider² sebelah 🤣🤣🤣 pertahankan dan jangan lakukan perbaikan, tinggal menunggu saja."
5,kamit dy,1,2026-10-01 06:01:19,Keluhan di sinyal
5,Arsa Hulu,1,2026-10-01 05:54:24,"jaringan kau itu lag kali engga puas aku make nya, udah paket pun dibeli nglag pula"
5,Kantata Taqwa,1,2026-10-01 05:53:16,"UDAH LANGGANAN 8TAHUN BUKANNYA MAKIN MURAH MALAH MAKIN MAHAL ADA PROMO KONYOL ,KEBANYAKAN KUOTA GAK TERPAKAI SINYAL DI KOTA BUSUK PADAHAL SAYA DI DENPASAR UTARA. SANGAT MENJIJIKAN TELKOMSEL MAKIN BUSUK MENJIJIKAN OPRATOR BUSUK"
5,Raman Saputra,5,2026-10-01 05:42:54,"kok aku mulai suka emosi pake my Telkomsel kualitas jaringan nya sangat lemah, suka keluar sendiri dari aplikasi, awal-awal nya ngak kayak gini tapi makin kesini makin ngak jelas,,, harus di tingkatkan lagi kualitas jaringan nya"
5,Mussafir,1,2026-10-01 05:39:39,"sinyal jelek, klo mendung lemot bgtttttttt. klo main ML suka jumping, males bgt pantes aja XL jd juara no 1 skg"
5,Irull,1,2026-10-01 05:36:55,aplikasi busuk pas mau ngisi kuota susah banget dibuka aneh aneh kartu mahal kuota mahal aplikasinya busuk
5,alfryansah ryan,1,2026-10-01 05:19:15,"mengecewakan dan merasa tertipu pertama di tawari paket bulanan 80 rb dengan jaminan bayar belakangan eh ternyata setelah 2 bulan bengkak jadi 185.000 setelah mau di berhentikan harus bayar double yang gak di pakai jd total 370.000 setelah kembali ke kartu sinyal jelek, masa tenggang awal 2th tinggal 1 blm pokoknya buat yang mau ganti jangan mau karena nomor riwayat hampir 10 th akhirnya sia"" dan merasa dirugikan"
5,Mahrus Effendi,3,2026-10-01 05:17:55,lumayan cukup membantu fiturnya
5,Pard Jaswan,5,2026-10-01 05:10:15,Recommend all servise
5,Fad'aq Ben Alwy,1,2026-10-01 05:05:40,ngelag terus saat mau beli paketan.
5,itha purnama,1,2026-10-01 05:04:34,selalu eror
5,Elo3000,1,2026-10-01 04:56:27,"eh kalo pulsa belum masuk itu biasanya karena apa sih?, lagi error atau apa"
5,Sinar Media Citra,1,2026-10-01 04:45:44,"sudah mahal kuota di bagi² berasa ketipu saya beli paket Telkomsel,klo tau gitu mendingan beli paket an Axis"
5,Zahrah Nakia Kalilah,1,2026-10-01 04:39:54,"JELEK BANGET APLIKASINYA. SAYA SUDAH BELI PAKET INTERNET 4 KALI, GAK DAPET ""SAMPAI SEKARANG. PAKET INTERNET GAK DAPET SALDO KESEDOT IYA. LAMA LAMA SAYA GANTI KARTU SAJA. BIAYA MAKIN MAHAL PELAYANAN SAMPAH"
5,Hanchinmaru,5,2026-10-01 04:38:18,cukup baik
5,Dewi Moni,1,2026-10-01 04:34:32,makin kesini makin mahal 50 GB 120 rbu ? terpaksa kli pke Telkomsel iya jaringan ilang timbul
5,Dyaz Yuli,5,2026-10-01 04:32:19,bgus
5,Mustopa Opa,5,2026-10-01 04:30:59,terbaik
5,Endi idolla,5,2026-10-01 04:29:52,mantap
5,Supriadi Supriadi,5,2026-10-01 04:26:02,aplikasi ini sngat membatu memudahkan dan raktis.
5,Dandy Rizky,1,2026-10-01 04:24:39,"paketnya makin kesini makin mahal, makin gak jelas promonya, kalah saing sama yang lain yang promo nya jor jor an buat konsumen, maaf jadi saya kasih bintang 1."
5,Wahyu Sidik riyadi,1,2026-10-01 04:22:41,"udah mahal , sering gangguan . jaringan tolol"
5,farid sukron,3,2026-10-01 04:21:54,kenapa harga paket internet semakin mahal dan batas waktu semakin sedikit dan juga saya beli pulsa tidak masuk2 bikin tambah malas langganan telkomsel
5,Boydiky Humau,1,2026-10-01 04:14:23,"Apalah iklan yang muncul saat buka aplikasinya nih, mengganggu"
5,Dede Nugraha,1,2026-10-01 04:05:46,"sinyal E 2 hari ini, jaringan gak stabil, tiba2 berubah kualitas"
5,Arjan,5,2026-10-01 04:03:57,sangat membantu untuk melakukan transaksi
5,maryam qonitah,1,2026-10-01 04:02:53,"asli lelet bgt dan eror mulu , bapuk dah"
5,Arry?,1,2026-10-01 04:02:29,"Setiap bulan harga selalu naik, jadi males mo beli disini"
5,Ocvan Helmi,1,2026-10-01 04:01:01,"Aplikasi ampas, CSnya apalagi, lama kerjanya, tidak responsif"
5,Denis Saputra,1,2026-10-01 03:51:42,"jaringan suka ngilang, paketan tambah mahal"
5,Yap Senpai,1,2026-10-01 03:48:12,gak ada promo
5,Fishing Group,1,2026-10-01 03:47:05,sangat buruk
5,Yoga Hadi N,1,2026-10-01 03:45:23,makin mahal..aplikasi bug parah
5,Didi,1,2026-10-01 03:45:05,"sering gangguan, keburu hangus kuotanya"
5,Maria Sari,1,2026-10-01 03:43:34,𝘬𝘦𝘯𝘢𝘱𝘢 𝘬𝘪𝘵𝘢 𝘣𝘦𝘭𝘪 𝘬𝘶𝘰𝘵𝘢 𝘴𝘦𝘭𝘢𝘭𝘶 𝘴𝘢𝘫𝘢 𝘦𝘳𝘳𝘰𝘳 𝘥𝘪 𝘱𝘦𝘮𝘣𝘢𝘺𝘢𝘳𝘢𝘯
5,julian,1,2026-10-01 03:35:26,"WOILAHHHHH TELKOMSELLLL KAPAN KALIAN MENJALANKAN KETUK PALU DARI HAKIM, PUTUSAN MK NO.273/PUU-XXIII/2025 KLO SISA KUOTA MASIH BNYAK TETAP BISA DIGUNAKAN OLEH PELANGGAN. INI SUDAH MAHAL MASA BERLAKU NYA GAK SAMPAI 30 HARI. MINIMAL BERLAKU 30 HARI LAHH, KESEL BANGETT SUMPILL"
5,Boby Julian,1,2026-10-01 03:33:59,jaringan lemot.. kadang eror
5,Idris Hasan,5,2026-10-01 03:23:39,baik
5,Hari Tio Prakoso,1,2026-10-01 02:54:40,provider tolol. kuota mahal sinyal ilang ilangan. putusan MK kaga berlaku. tolol
5,Wati Lisna,5,2026-10-01 02:52:26,wow
5,Nina Marlina,1,2026-10-01 02:31:33,PARAH PAKET MAHAL. JARINGAN LEMAH
5,Firman Syah,1,2026-10-01 02:30:47,"Untuk kecepatan udah bagus, tapi tidak stabil, kadang sinyal susah padahal posisi dah di kota. wah si kepret ngadi"" gw beli kuota di deskripsi sebulan yang lalu 80gb full kuota internet, sekarang kok jadi 40:40 mana paket youtube lagi sakit ni operator"
5,Ck Wijaya,5,2026-10-01 02:29:54,mantap
5,El Patok,1,2026-10-01 02:25:15,"woii di perusahaan lu banyak korupsi kah, ngelag kali cu. dari tahun ke tahun bukannya tambah bagus malah tambah bikin stress asw gara² sinyal lu jelek parah di buat zoom sering keluar sendiri + patah patah. di buat ngegame juga masa ping sampe 400an ajg. ini bukan gw doang atau hp gw jelek temen gw yang hpnya IP juga gitu.. jelek parah sampe ganti Smartfren dia. tolong yak di kembangkan lagi Telkom jangan cuma harganya yang makin mahal doang tapi kualitas tambah jelek. jujur dari 2019 kecewa gw"
5,Ivaan Oglo,5,2026-10-01 02:14:27,murah meriah
5,Rispiani Lht,1,2026-10-01 02:13:34,paket nya mahal...lgi di promokan harga nya sekian...setelah kita isi pulsa berubah harga paket internaya
5,Maya Madyaningsih,5,2026-10-01 01:59:34,bagus
5,Ramona,2,2026-10-01 01:57:34,"Ribet mau ganti password Orbit Eznet aja susah, enakan aplikasi My orbit...tolong sediakan menu buat ganti pasword modem biar gak ribet2 buka chrome!!"
5,GD OPANJU,1,2026-10-01 01:55:40,"EMANG PALING BENER INDIHOME SAMA ORBIT BEDA APLIKASI, UDAH 3 HARI LOGIN ERROR MULU BAHKAN UDAH KE GRAPARI AJA MASIH BELUM ADA SOLUSI"
5,Bang Zein,2,2026-10-01 01:53:59,"Tarif koq naek terus harganya, untuk tukar poin juga sering banget balasannya ""jaringan sibuk"". Untung aja sinyal telepon bagus. Tolong dong kasih apresiasi untuk pelanggan2 lama, kalo begini terus lama lama gw pindah aja lah. Ulasan ini saya buat sebelumnya di tahun 2016 dan sekarang Okt 2026. Sinyal dan jaringan makin lemah padahal di perkotaan (Tanah Abang, Thamrin dan sekitarnya) harganya makin mahal, capek dan bikin pegel. Goodbye!!"
5,Nuralil Fikri,1,2026-10-01 01:53:09,Jaringan kalian makin hari makin sampah bgsd
5,Gerpaz Ganol,1,2026-10-01 01:48:11,makin kesini makin MAHAL aja ...dasar LINTAH DARAT
5,Karol Rau,3,2026-10-01 01:40:24,Kenapa Paket Super Seru Promo yang sekarang 24GB padahal bulan lalu 25GB? Makin males pakai telkomsel
5,Albert,1,2026-10-01 01:32:30,lag
5,Yadi Collection,5,2026-10-01 01:24:21,Siyal bagustida ada gangguan
5,tofanurfauzi Fauzi,5,2026-10-01 01:15:31,jos jis
5,phmi Mii,5,2026-10-01 01:04:50,promo murahnya mana
5,Kim,1,2026-10-01 00:45:29,Aplikasinya jelek. Susah dibuka dan Loadingnya lama. Minimal kalo paketnya mahal aplikasinya harus bagus.
5,Acep Anam,1,2026-10-01 00:45:17,tagihan mah dari tgl 1 sampai jatuh tempo dikasih peringatan terus tapi giliran sisa kuota saya masih ada yang bulan kemarin gak ada kabar hellow
5,Beny Setiawan,5,2026-10-01 00:42:44,"terimakasih,apk ini sangat mmbantu,drpd mondar-mandir ke penjual pulsa😊🤭🤭"
5,Atta dinata,1,2026-10-01 00:39:44,"Terkomsel kartu yang paling buruk saya pakai udah mahal sinyal suka hilang²an,ini jakarta lo masak suka hilangan hadeh"
5,Adhe Fox,2,2026-10-01 00:26:56,makin gak jelas
5,Dhea Bachri,5,2026-10-01 00:25:44,terbaikk
5,Bapak Amel,5,2026-10-01 00:25:26,ok
5,Lira Firna,1,2026-10-01 00:15:49,"gak usah di download mau login aja udah kayak nunggu antrian, giliran udah masuk aplikasinya keluar, mau buka layanan lainnya udah kayak antri sembako yang perlu di siapkan. Nomor aku yang sekarang udah ada 6 tahunan paketnya makin hari makin mahal. aplikasi lemott harga kuota gak ada otak. jaringan kadang hilang, mati lampu jaringan hilang, hujan jaringan hilang. Terus gunanya poin itu apa yaa? sampai sekarang poin aku gak bisa di gunakan selalu dapat notifikasi SMS-nya tapi gak bs di gunakan."
5,Fort dexx,1,2026-10-01 00:14:58,harga mahal gk sekalian jual motor aja
5,Bang kayy,1,2026-10-01 00:13:58,"ngeleg mulu di pake main game, nyesel aku isi kuota"
5,Awey Fufas,1,2026-10-01 00:11:24,"makin ke sini harga paket makin ga ngotak,,"
5,Jojo Lie,1,2026-10-01 00:11:02,aplikasi ke logout sendiri dan dipaksa pindah ke esim atau menjadi kartu halo. pemaksaan taik. login kembali jadi susah
5,Tawi jaya,1,2026-10-01 00:06:13,punya 2 kartu simpati. bedaa banget. yg satu borosnya luar biasa yg satu iritnya. knpa beda begitu yaa. padahal sama² Telkomsel. beli kuota 6gb buat seminggu habis di hari ke 4. pdhl hp cuma buat WhatsApp doang. gk ada aplikasi lain tapi kok borosnya kebangeten.. udah mah mahal. boros. nyebelin .😠
5,robi umami,1,2026-10-01 00:04:54,"Sinyal jelekkk lemotttttt, tolong lah perbaiki. sampek kapan lemot terus ini sinyal TELKOMSELL jelek banget telkomsell"
5,Ratu Anisa,2,2026-10-01 00:01:30,kadang2 susah untuk masuk
5,LaOdeFachriMuhammad,1,2026-10-01 00:00:13,Jaringan lu Burikkkkkkkkk!
5,Budi Ampauni,5,2026-09-30 23:58:23,mantap
5,Mayang Musrif,1,2026-09-30 23:53:42,beli paket 500gb harga Rp 270.000 sudah 24 jam lebih belum masuk padahal status pembayaran berhasil kecewa sekali dengan telkomsel. saya tidak ikhlas
5,Fathurosy Yustisiawan,1,2026-09-30 23:48:21,"Makin lama kualitas makin buruk, harga mahal dan masa aktif 28 hari. Mikirin cuan terus"
5,Valentino zacky,1,2026-09-30 23:48:13,jual kuota apa ngerampok nih mahal amat sinyal susah jg
5,Densius Billi,5,2026-09-30 23:45:54,terbaik
5,Mochammad Mulyanto,1,2026-09-30 23:38:28,"Jaringan tidak stabil, login ke aplikasi nge buff terus, masa harus uinstal terus tiap mau login, makin sini makin banyak aja kekurangannya bukan makin bagus ata diperbaiki."
5,Fachri Maulana,1,2026-09-30 23:37:27,"sudah nya mahal, jaringan gada bagus-bagus nya ajg. di MyTelkomsel juga mahal"
5,Mujizah,5,2026-09-30 23:37:00,ok
5,Christinus Bagaring,5,2026-09-30 23:27:27,untuk metode pembayaran nya tambahkan 1 fitur cod dong kayak di aplikasi shopee jangan metode pembayaran melalui transfer bank
5,Muhammad Aldi,1,2026-09-30 23:22:21,"Tolong dengan sangat untuk jaringan Telkomsel di Kabupaten Nagan Raya, Aceh lebih diperhatikan lagi, karena jaringan Telkomsel didaerah sini sangat parah. tolong sekiranya di stabilkan jaringannya."
5,Agus Cima,1,2026-09-30 23:18:52,apk nya makin buruk mental terus gak bisa buka
5,Aqilla Ulyamoefidah,1,2026-09-30 23:12:39,HARGA PAKET DATA MAHAL SINYAL JELEK KALO ADA BINTANG NOL DIKASIH NOL
5,Ikram Kader,3,2026-09-30 23:08:31,sekarang ini poin Telkomsel tidak bisa lagi di pakai buat tukar paket telepon dan internet. poin Telkomsel belasan ribu habis percuma tiap tahun
5,Sbr Sbr,1,2026-09-30 23:08:27,HARGA PAKET DATA MAHAL BANGET.. PAKET DATA CEPAT HABIS SINYAL JELEK kalo ada bintang nol kasih NOL
5,Muhammad Afif Al Irsad,1,2026-09-30 23:07:41,"apa²an ini my telkomsel makin aneh, itu nyampe gk sih ke tim IT nya permasalahan² mengenai aplikasinya, saya dr kmrn ke grapari perasaan gk ada yg nyampaikan, aplikasinya makin lemot 👎"
5,Jessica Kang,3,2026-09-30 22:53:43,"saya merasa kesal sekali sama Telkomsel. udah jadi pelanggan 1 dekade lebih. ganti nomer juga masih pake Telkomsel, sekarang semua paket internet jadi 28 hari. saya merasa di korupsi. saya minta paket combo sakti yg 30 hari di nomer baru saya. atau paket internet lain nya yang tetap 30 hari. udah paket internet di kasih jangka waktu sekarang di perpendek. saya beli quota di bikin Angus tiap bulan aja udah kesel. tolong lah sebagai Pioneer kasih contoh provider lain lebih bijaksana."
5,Andri Bono Rasta,1,2026-09-30 22:52:59,jaringan nya lemot
5,Cona BSA,1,2026-09-30 22:33:28,Sangat sangat sangaat jelek aplikasi telkomsel ini..sudah update masih aja lemot..mau beli pulsa/internet sangat sangat susah..sudah gitu harga paket internet semakin mahal
5,Itz Bibb,4,2026-09-30 22:33:20,"simpel aja, aku beli voucher di tetangga ku, kalau habis padahal masih ada, aku tinggal ulang loading di Telkomsel, udah, kuota ku ada lagi deh"
5,Franky Aja,5,2026-09-30 22:31:17,it'ok telkomsel
5,Mhan,1,2026-09-30 22:20:46,tambah mahal biaya internet indihome. kenapa harus ada doble speed segala tulisannya gratis tapi pembayaran bulanan naik sama aja bohong. padahal gk mau pakai doble speed kenapa langsung dimasukkan di paket
5,Hendrik Joe,1,2026-09-30 22:18:48,"beli paket tidak bisa alasan gangguan, setelah itu beli oaket lebih mahal malah bisa"
5,Suyatno,1,2026-09-30 22:13:50,Telkomsel Tukang Jagal Harga Paketan gak Ngotak poin juga Penipuan tidak ada vitur Penukaran
5,Arifin Zainal arifin,5,2026-09-30 21:43:12,cara mudah untuk memilih kuota di inginkan
5,Fuad Khoirul,1,2026-09-30 21:39:00,lemoooooooooot
5,Super Devhriant,1,2026-09-30 21:27:08,mohon maaf ini kok cepat banget ya kuota habis jangan jangan di korupsi ya tolong jangan 28 hari paket kuota nya habis tambahin 31 aja soalnya ini penting banget plisss
5,Ery Ekklesia,5,2026-09-30 20:46:35,Tingkatkan!
5,Miko Haryanto,5,2026-09-30 20:45:42,mantap
5,Fery Purnama,1,2026-09-30 20:31:19,"Kenapa tidak muncul 1 pun paket kuota internet, tulisannya muat ulang terus sudah sebulan ini. padahal mau beli paket. internet sy sdah pastikan berkali kali stabil, sdah juga tutup paksa dan buka kembali tapi tetap sama aplikasi tidak muncul paket data apapun yang mau dibeli."
5,Badarullah Rizki Romadon,3,2026-09-30 20:28:43,mohon pertimbangkan lagi pemakaian kami dari paket yang di beli agar lebih mudah kami pertimbangkan pembelian paket
5,Ade Sopian,4,2026-09-30 19:50:20,top
5,Yusuf Choirudin,5,2026-09-30 19:38:22,good
5,Errenstin Embang,1,2026-09-30 19:27:56,"SINYAL JANGAN SUKA HILANG BABI,BAYAR DOANG MAHAL"
5,Khusnan Nazar (Nan),5,2026-09-30 19:19:03,baguuusss
5,Arka Pbun,5,2026-09-30 19:10:33,hanya buruh tani
5,De Li,5,2026-09-30 19:07:04,ok
5,Siswanto Zaky,1,2026-09-30 19:03:12,"permisi ini komentar bintang 5 nya isinya bot atau buzzer kah? dan btw ini yang bener ajalah masa cs isinya ai mulu, buat hubungin ke orang asli lama minta ampun loh ya, dan come on lah orang beli paket terus kok malah dimahalin ni logikanya dimana mas, sekikir kikirnya gua keknya ga sekikir lu pada dah, orang juga tiap hari ngeluh karena makin kikir masih aja gada improvisasi udah kayak ngomong ama pemerintah aja hahay"
5,Ardy Nano,1,2026-09-30 18:38:30,"aplikasi lemot, akun gampang keluar, paket mahal2"
5,Mencari Recehan,1,2026-09-30 18:25:19,aplikasi mlah gk bsa d buka mau buka mlah kluar sndiri blum lgi login udh kluar udh hpus trus download lgi ttap sma yg badic cman bsa 1 no lgi tu
5,OPENIUS HALAWA!!! 1,5,2026-09-30 18:12:27,"keren ni apk, semua nya serba bisa gw kasih 5"
5,Firman Slamet,1,2026-09-30 18:08:23,jaringan kek titid
5,Panda Ardiansyah,4,2026-09-30 17:59:25,jaringan diperhatikan
5,Hardi,1,2026-09-30 17:55:33,"app error, ga bisa cek jaringan. udah ganti jaringan juga!! di beberapa device jugaa sama. error aplikasinya"
5,Ahmad Hrd,1,2026-09-30 17:51:06,"paling mahal, paling jelek, bisa di cek kembali pada jaringan / sinyal sering sekali hilang akhir akhir ini padahal saya sudah memakai kartu lebih dari 5 tahun tapi makin lama makin menurun sinyal nya, saya isi 100.000 setiap bulan tapi sinyal jelek sekali, untuk lokasi di kota sumatra barat."
5,Riyan Hendrawan,5,2026-09-30 17:45:13,bagus
5,Maryana Tira Sary,1,2026-09-30 17:23:21,"lucu ya telkomsel , udh di persulit mau migrasi ke halo , trus giliran udh bisa nih terbuka migrasi di aplikasi , eh giliran mau scan ktp kameranya cuma putih doank . laporan tetep aja harus ke grapari , ehh admin telkomsel gue udh bertahun² pake telkomsel dan m3 mau migrasi ke pasca aja susah bgd , beda sma m3 langsung satset . gk smua orang ada waktu buat ke grapari , sekalinya ada juga itu hari sabtu minggu . kocak bgd lama² udh paketnya juga mahal² , sinyal lemot , klo bikin apk jng nanggung"
5,Nona Monalisa,1,2026-09-30 17:16:52,"Tolong dong ini kenapa saya mau isi kuota saat transaksi tidak bisa terus?, telkomsel aplikasinya selalu lemot, tolong cepet2 di perbaiki. saya sebagai consumen kadang kesel kalau lagi buru2 untuk isi kuota aplikasi lemot dan kadang susah saat mau bayar/transaksi, dan juga saya langganan dari dulu bukannya dapat diskon harga kuota malah makin lama makin naik dan gak ngotak harganya (oke kalau jaringan tidak lemot2) inijaringan lemot banget tapi harga kuota dan pelayanannya jelek tolong diperbaik"
5,Ahmad Yusuf,1,2026-09-30 17:05:06,katanya kuota rollover. tapi nyatanya tetep hilang. jembodd
5,Onong Lavigne,5,2026-09-30 16:53:54,"makin kesini,makin ga ngotak harga quota.. sinyal ga stabil paket mahal..sengaja kasih bintang 5 biar muncul di atas"
5,Padillah,1,2026-09-30 16:44:55,gajelas jaringan lu benerin aneh
5,Ezy Zy,1,2026-09-30 16:07:01,"jaringan lemot disuruh perbaiki malah awak yg disuruh refresh udah sebulan jaringan nya ilang ilangan, paket makin mahal 0 kesadaran ditanya mutar mutar jawabannya"
5,Akunba Ru,1,2026-09-30 16:00:26,"telkomsel tidak bisa menyelesaikan masalah secara online. saya sudah ter tipu beli paket super seru via qris, saldo keluar tapi paket tidak masuk, dan saya sudah membuat laporan tapi tidak ada jawaban yang pas. saya tunggu 1x24 jam tidak ada juga paket nya sedang kan saldo saya sudah lenyap."
5,Jafar,1,2026-09-30 15:51:33,jangan rubah tampilan stamp
5,Rudi Santoso,1,2026-09-30 15:42:19,"playananya buruk g ikut langganan pulsa q d serot habis, giliran minta hilangkan langganan walu q g mrsa berlangganan g d bantu malah d persulit pelayanannya buruk baget"
5,Hedar 90,5,2026-09-30 15:30:26,ok
5,budiman bradford,1,2026-09-30 15:23:57,"aplikasi bangke ni , sekelas telkomsel punya negara , pelayanan seperti ini , bikin aplikasi yg memudahkan pelanggan. mau isi data aja susah buka nya. anjay emang ni apk , ntar tiba2 pulsa habis. bangke bangke"
5,Jansen Tanuartha,1,2026-09-30 15:23:25,"Jaringan gajelas selalu hilang signal cuma 1 batang patah' bayar mahal"" gada fungsinya"
5,Yusef Sopian,1,2026-09-30 15:21:17,sinyal gak stabil harga malah kartu apaan mending pake kartu gapleh
5,NINGSI ZIDAN,5,2026-09-30 15:18:51,Alhamdulillah
5,Heru Setiawan,1,2026-09-30 15:17:47,sinyal terburuk yang saya pakai buat bermain game online
5,Trisno Roebianto,5,2026-09-30 15:14:34,"MyTelkomsel, kenapa tidak ada pemberitahuan tentang masa aktif kuota tiba-tiba kosong hangus mohon untuk kedepan nya di usahakan lebih transfaransi lagi."
5,Wahyu cahzra,1,2026-09-30 15:10:10,Makin parah tambah parah....percuma beli paket mahal.tapi jaringan parah
5,Riki Putra,1,2026-09-30 15:05:18,FORCE CLOSE TERUS ANJENG
5,Renaldi Saefulloh,1,2026-09-30 15:03:37,"Semakin hari semakin mahal aja, jujur sebagai pengguna Telkomsel dari tahun 2015, harganya semakin mahal padahal kartu lama + jaringannya Lemot lelet, Makasih ya, untuk hari ini saya pastikan akan pindah provider kartu lain Lama kelamaan kek DPR aja"
5,Asep Saepul m,3,2026-09-30 15:02:03,"siyal sering leg, paketan/Kuta mahal"
5,Salwa Tami,4,2026-09-30 14:57:28,untuk sementara ini cukup.
5,Adam Tham,1,2026-09-30 14:54:20,"ga ada perbaikan, kouta mahal sinyal, busuk.. buat yg baca, mending ganti kartu.. jgn coba coba make telkomnyet .."
5,Ahmad Deden,1,2026-09-30 14:50:44,saya saran kan kepada pengguna Telkomsel. jaring nya makin ke sini makin ancurr. mending pindah XL atau IM3. lebih bagus sinyalnya. saya kecewa. di pakai main game atau lainnya. sinyal suka hilang. makin kesini bukanya makin bagus malah makin ancurr. sudah di riset juga tetap aja. emng jaringannya yah jelek. makin parah aja
5,Thomas Arisman,5,2026-09-30 14:44:41,sangat membantu
5,Dwi Arjuna,1,2026-09-30 14:43:30,makin lama kartu makin mahal...
5,emilia Dirayanti,5,2026-09-30 14:42:13,terimakasih atas fitur baru yang sangat membantu ....dulu di saat lupa beli pulsa ...no mati harus ke gerepari antri ...sekarang bisa aktifasi mandiri dari rumah ....terimakasih Telkomsel
5,Muhammad Maulana,5,2026-09-30 14:40:30,kuota internet jangan di hanguskan
5,Edi Bae,3,2026-09-30 14:30:10,lelet bgt
5,Kris laia,5,2026-09-30 14:25:14,harga paket di murahin dong
5,Teguh12widodo0123,3,2026-09-30 14:22:56,kemarin sempet tidak masuk uwang hilang
5,Zikri Wahyu Prianto,4,2026-09-30 14:20:50,"harga paket makin mahal yang di dapat makin di pangkas, udah kayak proyek pemerintah aja nih , eh iya ini kan provider punya pemerintah mmmm gak heran si kalo gitu .."
5,KHAYAX GAMING,1,2026-09-30 14:15:40,hedeh
5,Ira Iriawanti,5,2026-09-30 14:10:35,òk
5,Andika Febrian,5,2026-09-30 14:10:14,jual telkom beli otak
5,Bagas Setiaaji,3,2026-09-30 14:09:14,jaringan makin tahun makin jelek
5,Zamzam Ubaidillah,1,2026-09-30 14:08:30,paketan mahal bngt
5,Bad boy Afk,1,2026-09-30 13:47:03,"kuota sisa 2 GB malah di blokir internet gua anj,segitu nya cok di pikir beli kuota ga pake uang tunggu habis Napa,sumpah biarin mati aja ini kartu ngeselin cok segitu nya"
5,Ken Bilal Azoka,1,2026-09-30 13:42:19,JARINGAN DI BENERIN PROBLEM KOK TIAP BULAN UDAH REPORT GA ADA PENANGANAN JAWABAN ITU ITU MULU ! BANGKRUT LU YA!? KERJA YANG BENER JANGAN MAU UNTUNG DOANG !!!
5,Fatih,5,2026-09-30 13:39:29,"""tutorial memperlancar jaringan telkomsel"""
5,ejad,4,2026-09-30 13:34:16,kenapanyak sinyal telkom pas serius maen malah ngeleg bintang 1 🧢
5,《KING》 •ARS•,1,2026-09-30 13:30:11,"telkontol, sinya memeg"
5,Rizky Kasfriandi,1,2026-09-30 13:29:16,sampah
5,sales accgrosir,4,2026-09-30 13:29:07,oke
5,Daus Daus,1,2026-09-30 13:28:45,HARGA MAHAL KUOTA SEDIKIT APAAN
5,Hendri Hndr,1,2026-09-30 13:25:34,"kartu gk jelas banyak kali update nya, yg ada bikin pusing, lama lama kartu Telkom ni punah, bikin susah hidup org aja"
5,Shaffy Annisa,1,2026-09-30 13:22:04,"jujur aku ngunduh aplikasi ini buat beli paket yang murah, cuma pas aku beli deskripsi nya ga sesuai, aku minta saran di veronika nya malah ga kebantu. udah di salurin sama pihaknya langsung malah ga ngebantu sama sekali"
5,Syila Ilham,1,2026-09-30 13:16:32,"sinyal asu udah berbulan-bulan ngeleg terus.ML lag,roblox juga lag,ff lag,pubg lag,lag semua asu.Sinyal yahudi ga di bener benerin malu tuh ama XL.Update bukan buat benerin sinyal malah nambah hal gaguna di Apk nya,udah apk nya lebih ngelag dari pada pubg sinyal nya malah nambah parah😂"
5,Jody Septian,1,2026-09-30 13:11:45,jaringan kek pntk
5,Dadan Ramdan,1,2026-09-30 12:50:16,"udah Sinyalnya jelek, tambah lagi paket datanya semakin mahal,sudah saatnya ganti"
5,Asep Ulumudin,1,2026-09-30 12:49:37,suah kalau mau isi kuota sumpah
5,Ika merina,1,2026-09-30 12:49:01,"suka ilang jaringannya di muara sakai indra pura pesisir selatan, setiap litrik padam ilang jaringan, kalau hujan gini ilang timbul kadang cuma h+ parahnya hari cerah pun kadang tiba2 gak ada jaringan intrnet... bikin kuota suka hangus ga trpakai jd rugi. tolong di upgrate lah di daerah perkampungan juga jgn kota aja."
5,Sopian Heriadi,5,2026-09-30 12:46:41,mahal banget paketannya
5,Muh. Ziqra' alhaj,5,2026-09-30 12:46:29,"sengaja kasih 5 bintang biar kelihatan, sya hanya menyampaikan kalau kartu Telkomsel sekarang pada mahal-mahal, sekian terimakasih"
5,Raiden Ei,1,2026-09-30 12:45:34,"woy kerja woy ,ngelag bgt ni aplikasi buset ,dari tahun kapan gw komen kaga di perduliin ,masukan nih , aplikasi lu ngelag bgt fiks woy fikss"
5,Deni Supriatna,1,2026-09-30 12:44:22,"jaringan jelek, sering ngelag ga jelas."
5,ayyubi chanel,1,2026-09-30 12:38:25,sinyal paling hancur paket paling mahal
5,Muhammad Yusuf Al-Farizqi,1,2026-09-30 12:37:21,"apk payah, ngga guna bgt, udh mh paketannya mahal2, sinyal nya sering ilang, banyak bugs nya....payah apk nya"
5,IFAN HARI SETIAWAN,1,2026-09-30 12:32:32,"layanan registrasi website buruk, layanan virtual tidak mengutamakan kemudahan pelanggan"
5,SARI DAL,5,2026-09-30 12:22:56,smoga amanah dan su
5,Visqy Parasdia,2,2026-09-30 12:16:12,"Jaringan internet telkomsel sekarang parah abiss, turun naik lemot !!"
5,Abdul Fattah,1,2026-09-30 12:12:00,kata orang Telkomsel kelas atas aah sudah tidak transparan. biasalah BUMN . halo KPK di mana engkau
5,Neng Syiva,1,2026-09-30 12:10:39,"Udah mahal, sinyal putus-putus, aplikasi sering update, pulsa di potong bilang menggunakan data padahal data selalu di matikan 2 jam sebelum waktu paket habis, suka force close kalo belum update dan dapat balasan katanya kosongkan memori, emang nya memori sisa 70gb masih belum cukup buat aplikasi ini? serius? wow.. Sayang nya ga ada 0 bintang."
6,Basuki Ongkowidjojo,5,2026-09-30 12:09:50,pelayanan dan paket mantap
6,Aldi Ferdian,4,2026-09-30 12:06:31,mantap
6,Rinika A,1,2026-09-30 12:06:26,beli esim ga dapet qr barcode & email konfirmasi. ke cs dibalesnya ai bot terus hadeuh bikin latihan sabar
6,Bgs APS,1,2026-09-30 12:02:22,"Kuota tetap hangus, masa aktif bukan lagi 30 hari namun 28 jadi lebih pendek, harga kuota sekarang makin mencekik mahal sekali. Sangat tidak worth it, dan tidak rekomendasi."
6,edi edi,1,2026-09-30 12:00:36,harga faket doang terus dinaikin jaringannya ke t*i
6,Samsulbahri Dibonas,1,2026-09-30 11:59:56,"layanan makin parah, jawaban gak solutif 😤"
6,H 13,4,2026-09-30 11:54:16,"untuk saat ini gak begitu buruk aplikasi nya, cuma ya klw bisa stop buat log out sendiri. org nomor masih aktif tp udh log out aja nih apk dari akun yg di pegang😞"
6,Ilham Lubis,5,2026-09-30 11:48:47,good luck
6,Muchsin Aza Ubaidah,1,2026-09-30 11:46:27,sinyal mu benerin ilang ilang mulu heran
6,Christina Simbiak,1,2026-09-30 11:45:20,"katanya kalo tidak lunasi paket darurat, internet akan di blokir. setelah di lunasin pket daruratnya mlh sama saja😏 lola(loading lambat,error,lemot) jaringan tidak baik bikin emosi😡 telkomsel panipu"
6,Erwinedo Edo,5,2026-09-30 11:44:49,makasih
6,Mailaja. Ajamail.,1,2026-09-30 11:32:01,menerima poin tukar pocer. kenapa tidak bisa mendapat kan y pesan.
6,Cahyo Budi,1,2026-09-30 11:31:15,"wow IndiHome by Telkomsel knp wifi saya sering tidak ada internet, bayar tagihan, gak pernah telat ini wifi gak becus banget"
6,Julius Zebua,5,2026-09-30 11:27:42,jadi lebih mudah
6,Najwa Alfatharani,1,2026-09-30 11:22:28,"ga jelas banget, 4 hari lalu beli paket super seru, di deskripsi tulisnya dapet premium aplikasi wetv, Vision plus, dan prime video. tapi yang dapat cuma dua aplikasi, wetv nya ga dapet. udah kejadian 2 kali, yang pertama aku chat di wa nya, ga digubris, yang kedua aku laporkan di aplikasi mytelkomsel nya, sama aja ga ada kemajuan. jangan begini terus dong, aku beli paket itu ngincer wetv nya ya, malah wetv nya ga dapet. jangan sampe ada kejadian ke 3 kalinya ya, mohon tindak lanjutnya."
6,Revandi Pranata,1,2026-09-30 11:20:21,"ngelek kali kontolll masak 2 mi nggu ngelek terus, di diemin malah ngelunjak"
6,RIZAL ICAL,1,2026-09-30 11:19:39,kontoll sudah jadi pelanggan platinum beli paket pake Telkomsel poin di refund dan poin yang di refund ga kembali kontoll emang
6,Posyantek Kotabaru Chanel,5,2026-09-30 11:18:54,bagus
6,FAM,1,2026-09-30 11:17:50,makin kikir
6,Ayu Tinting,1,2026-09-30 11:13:55,jaringan makin lemot
6,arul 023,1,2026-09-30 11:12:28,harga paket internet sangat mahal
6,Enjel Larosa,1,2026-09-30 11:07:56,"Dulu aplikasi ini bagus dan banyak promo yang murah tapi sekarang aplikasinya berat, error dan paketnya jugaa mahal, masa 4gb (7 hari) 20 ribu & 7gb (28 hari) 37 ribu. bagi saya itu termasuk mahal dan tolong untuk masa berakhir paketnya (kuota) tolong di perbarui."
6,Hazkha Channel,1,2026-09-30 11:07:52,aplikasi jelek beli sinyal bukanya bagus malah jelek di isi 10 gb padahal tapi ngeleg banget asu telkomtol bloon buat apa isi ampe byk klo ngelek bgt mh
6,fardhanesha syfah,3,2026-09-30 11:04:49,"aplikasi yang harus gampang buka nya ,justru berat kebanyakan yang gajelas,bikin berat ,buka susah"
6,Muhammed Haja,5,2026-09-30 10:56:57,bagus
6,Ravael Putra,1,2026-09-30 10:53:59,"Buset dah Telkomsel udah harga paketan mahal, jaringan timbul ilang, aplikasi erorr, lihat komentar dibawah buruk semua. Diperbaikin lah layanannya, jaringannya, aplikasinya juga ini malah disuruh coba ambil paketan lainnya, clear cache, clear ram, restart hp semua udah dilakuin tetap aja masalah jaringan sama aplikasinya masa iya mesti viral dulu baru dibenahi masalahnya, itu namanya mental Korup...damn"
6,Nandr Nanda,1,2026-09-30 10:50:42,"sinyal mulai jelek buat bulan"" ini sinyal tiba"" hilang tidak jelass padahal di kotaa, apa lagi yang di plosok"" di benerin secepatnya dong"
6,Adhyslank 07,5,2026-09-30 10:48:42,mantap
6,mrssriwahyuni Yhuni,5,2026-09-30 10:25:20,bagus bangettt
6,Elekjon Harianja,1,2026-09-30 10:25:05,aplikasi gila isi pulsa nggak masuk jaringan juga jelek stres
6,Naoval Ikhsan,1,2026-09-30 10:23:07,"beli paket susah betul , jaringn tidak tersedia terus"
6,chanel apaini,1,2026-09-30 10:09:55,jaringan m*nk*y
6,Nofianti Nofiie,1,2026-09-30 10:08:23,"kuota gak jelass,."
6,Denis Purwanto,5,2026-09-30 10:07:44,sangat baik
6,Bariqrayyan Ibrahim,1,2026-09-30 10:06:14,paketan serasa wifi gratis di sekolah
6,Mas Akmal,5,2026-09-30 10:04:30,👍
6,Ran Li,1,2026-09-30 09:42:20,"Minta maaf aja kerjamu, tp tak ada perubahan. Selama ini kucoba tuk bertahan, tapi cintamu bertepuk sebelah tangan. Makin mahal, makin lemot. Utk kuota internet lagi nyari hati yg mau menerima.😀"
6,Jagad Sprite,2,2026-09-30 09:33:31,semakin hari semakin TDK jelas jaringannya tiba langsung hilang padahal paketnya paling mahal dengan yg lain
6,Hitokanan,5,2026-09-30 09:11:16,mantap
6,Ahyat Art,2,2026-09-30 09:05:28,1.pemuatan aplikasi sangat berat.. 2.jaringan gak stabil.. 3.fitur jaga pulsa kadang gak konsisten.. 4.paket internet luar biasa mahal.. 5.klo bisa jaringn 5g di aply seluruh wilayah..
6,Jelia Duwi Isnaini _036 B,2,2026-09-30 09:04:21,harga yg mahal promo yg sekamin hari semakin tidak menarik sudah pakai lama harga semakin mahal ada permainan tidak bisa di klem Hadia nya
6,Ade Kurniawan,1,2026-09-30 08:57:44,"telkom Telkom paket masih ada 6gb malah kaga bisa di pake udah mahal mahal kepake cuma sampe 6gb setelah itu nggak bisa di pake lagi, malah pulsa yang kesedot gilaa emang"
6,Ramdhan Jayn,1,2026-09-30 08:54:37,ribet rudet
6,Madina Dumai,1,2026-09-30 08:42:53,"jaringan kampunkk, mati lampu sedetik ilang jaringan 30 menit, gadaa mati lampu jaringannya ttp ilang, perbaiki dehh jaringan lo"
6,Musa Sa,1,2026-09-30 08:28:59,tolol lah mau registrasi aja susah kali
6,Yusran,5,2026-09-30 08:21:06,sangat puas
6,Budi Serigar,1,2026-09-30 08:18:13,jaringan busuk mcm kontl
6,Eddi Junna,5,2026-09-30 08:09:20,memuaskan
6,Adinda Dinda,5,2026-09-30 08:07:41,bagis
6,Sar Wadi,1,2026-09-30 07:59:57,"paket makin mahal tapi sinyal makin bobrok hadeh, gak kayak dulu"
6,Muhammad Ahza Munawar,1,2026-09-30 07:59:27,saya kan pakai internet buat main terus kok suka ilang² intermetnya
6,Nurul Hikmah,1,2026-09-30 07:53:17,"aplikasi eror anjinggg tiap Minggu harus update gilaaaa, kandang gak bisa kebuka tiap bulan paket makin mahal"
6,Machfudz Iphone,3,2026-09-30 07:51:26,"sudah damtar,,, suka keluar sendiri,, sungguh mengecewakan"
6,hasan biotank,1,2026-09-30 07:36:51,"gangguan Indihome susah amat buat open tiket ya? kenapa sekarang susah sekali untuk open tiket gangguan Indihome, okelah pake AI tapi librarynya banyakin dong, kirim OTP setelah itu suruh ngapain gada lanjutan TLP call center juga putus otomatis sblm sambung ke heldpesknya"
6,Dinara Kribo,1,2026-09-30 07:22:24,"Telkomsel lama"" makin tolol, registrasi kartu saja susahnya minta ampun"
6,Ardho Rahmanta Putra,1,2026-09-30 07:20:27,mahal²
6,Sawalikal Mahluli,3,2026-09-30 07:19:30,"dulu aku suka beli pulsa langsung di myTelkomsel, karna caranya sangat mudah dan tanpa biaya layanan, tinggal konekin dana, tapi sekarang ribet anj!!, dana udah terhubung my Telkomsel tapi pas mau bayar disuruh scan qr qode/save qr qode, jujur itu ribet anj!! kalau dibandingin dulu, kukasih bintang 3, karena kupikir mungkin itu terobosan baru di app ini, tapi sayang, terobosan nya 👎 (kureng bos)"
6,afrian topit,5,2026-09-30 07:08:27,Mantap
6,Alfin Nur,1,2026-09-30 07:03:52,"harga paket mahal, jaringan ke puki, padahal bukan daerah plosok ajg ajg"
6,Fajar Azhari,1,2026-09-30 06:47:42,Beli paket mahal² tapi kualitas jaringan seperti sisa makanan yang diproses didalam perut.
6,Reviewqquuu,1,2026-09-30 06:37:32,"PUSING KEPALAKU TIAP BUKA APLIKASI MYTELKOMSEL, TERLALU BANYAK MENU/BACAAN²NYA. SEMUA JADI SATU, SEMUA TERLETAK DALAM 1 HALAMAN. HARUSNYA DIPISAH DONK. APA LAGI NOMORKU ADA 4 YG AKTIF. HARUSNYA 1 HALAMAN KHUSUS UNTUK 1 NOMOR. PLUS KEBANYAK IKLAN/PROMO GAK PENTING!! POKOKNYA SUMPEK TAMPILAN APLIKASINYA. OHYA KENAPA SEKARANG MASA AKTIF QUOTA JADI 27 HARI? DULU 28 HARI, SETELAH DIGUGAT MALAH JADI 27 HARI, PADAHAL DI BERITA KATANYA 30 HARI🤣"
6,Ircan LBH,1,2026-09-30 06:27:02,tidak merekomendasikan aplikasi tersebut aplikasi tidak relevan cocok di beri bintang satu
6,Deva alfiandivadca,5,2026-09-30 06:25:54,good
6,Lando Prayoga,1,2026-09-30 06:10:08,"login tidak dipermudah, jaringan semakin hari semakin memburuk, nyesel pakai telkomsel dengan mengikuti harga paket yang mahal dijaringan yang tidak sesuai dengan harga."
6,Alzaky bintang Yacub senawi,1,2026-09-30 05:47:06,"woi jadi orang ga usah Maruk amat lh, masa paket kuota yang tadi nya 5 GB 14 hari jadi 5 GB 7 hari, mana mahal lagi dan boros. Apk kikir!!!"
6,Firman Apriyanto,1,2026-09-30 05:40:02,"kenapa jaringan Telkomsel nya jelek ilang tumbul,kenapa sama jaringan Telkomsel ilang timbul ,klo GK mau di perbaiki jaringan nya gk usah lagi buka perusahaan, tutup perusahaan kalian"
6,Hajman Abdul rizaldi,5,2026-09-30 05:39:21,sangat membantu
6,Nadia Vega,2,2026-09-30 05:31:43,sangat baik
6,Sahid Saipul anwar,1,2026-09-30 05:30:12,"kuota di bagi² kuota utama kecil,kuota aplikasi di perbanyak padahal masyarakat gak terlalu butuh kuota aplikasi,banyak yang bubazir dengan kuota apikasi banyak juga kuota aplikasi yang tidak bisa di pakai"
6,Annie Siswohardjono,3,2026-09-30 05:29:54,telkomsel bulan ini dah brp kali ya jelek terus jaringannya
6,Wong desoo Desoo,3,2026-09-30 05:26:00,coba duluu
6,Na'im Zabbagh,1,2026-09-30 05:23:07,aplikasi berat gak jelas. cuma untuk beli paket aja gila berat banget.
6,Tan Xilyo,1,2026-09-30 05:10:33,harganya kemahalan sinyalnya suka jelek
6,FAKHRI FAKHRUDIN,5,2026-09-30 05:09:22,Terima Kasih My Telkomsel Atas Kemudahan Akses Internet Yang Digunakan Untuk Kebutuhan Jejaring Internet.
6,Norman AP Pakpahan,5,2026-09-30 04:52:24,Bagus
6,Wili Tnomel,2,2026-09-30 04:50:04,"mahhhhal, makin loyal makin mahhahaaaallllllllllllll, info kartu lain yang lebih muraaaahh"
6,Didik Susilo,5,2026-09-30 04:30:02,sangat membantu
6,Hamba Allah,1,2026-09-30 04:23:16,busuk mau blokir pengguna WiFi lain gak muncul
6,Adi Hernawan,1,2026-09-30 04:23:10,telkomsel Sinyal AJG
6,harry utama,5,2026-09-30 04:15:47,gacor
6,Budi Hartono,5,2026-09-30 04:07:53,Baik
6,Duda Pirang,1,2026-09-30 04:02:28,koplok mahal doang tapi ngeleg
6,Suci Adiwardana,1,2026-09-30 04:01:26,"peket nya mahal"""
6,Indra Oi,1,2026-09-30 04:01:24,telkomsel makin lama sinyal ny makin ga urus .. !!!! paket datanya mahal sinyalnya busuk .. beberapa kali Main game online sinyal disconnect Mulu..
6,may 0012,5,2026-09-30 04:00:19,bagus
6,adi wibi,1,2026-09-30 03:58:38,"Tolong di perbaiki sinyal Buruk sekali, sekelas WA saja pending pesannya, gimana APK yang berat. kalau sudah bagus sinyalnya nanti di ganti B5"
6,"Akh. Jumiadi,",5,2026-09-30 03:49:22,بِسْمِ اللّٰهِ الرَّحْمٰنِ الرَّحِيْم
6,Taufik Alkarani,1,2026-09-30 03:46:44,"harga paket naik gila gilanya kuota kecil harga mahal 28 hari,paket yang biasa 70k 25gb sekarang 120k 25gb,mending ganti provider"
6,idjang soetikno,2,2026-09-30 03:44:31,bagus ini
6,Akhsana Naufal,1,2026-09-30 03:41:23,seringgangguan dan lemot
6,Winda Gustiana,1,2026-09-30 03:32:12,"woy Telkomsel kenapa sih jaringan lu buruk bangett. jangan ada yang beli lagi deh ni telkomsel dah harga paketnya mahal, ngelagnya minta ampun nonton Instagram aja loading Mulu apalagi main game online waduh ngelag parah. udah keterlaluan sekali ngelag."
6,mas dicky05,1,2026-09-30 03:25:52,MAHAL DOANG JARINGAN LEMOT
6,Marny Serafina,1,2026-09-30 03:23:24,jaringan sngat buruk sekli suda mahal jaringan parah biar dikota dikasih merah trus
6,zri,5,2026-09-30 03:19:08,bagus
6,Rahmandani Johanda,5,2026-09-30 03:16:52,mantap
6,Elvano vano,1,2026-09-30 03:12:54,paket terlalu mahal dan batas wantu 28 hari dan sisa paket yang banyak di makan kembali Telkomsel barang sudah di beli masih di ambil kembali itu nama korupsi
6,Shakira Foster,1,2026-09-30 03:04:25,"makin lama makin mahal.. kartu dah dipakai lebih dari 5thnan bukannya makin murah, malah makin mahal,apalagi aplikasinya ruwet ga jelas, buruk.. skip. ganti kartu. bye"
6,Alfian Sanak,5,2026-09-30 02:59:05,terlalu mahal
6,santoso adjha,5,2026-09-30 02:57:47,sangat puass
6,Muktar Ryan,1,2026-09-30 02:57:02,susah jaringan. sangat tidak nyaman memakai provider ini. mungkin kalau ada nilai 1-10 aku pilih nilai 1 untuk provider ini. kuota aja di mahal in sinyal sangat sulit
6,M Nabil,1,2026-09-30 02:52:57,aplikasi busuk
6,Aku Jawa,1,2026-09-30 02:46:25,sangat tidak direkomendasikan harga terlalu mahal untuk paket yang ditawarkan jaringan yang selalu lelet ngelag dll signal yang tidak mengsupport daerah terpencil update yang tidak bermanfaat saya harap akan dievaluasi secara langsung tentang apk ini
6,nopianto,5,2026-09-30 02:46:03,baik
6,Ratna Djuningsih,2,2026-09-30 02:41:42,lemot dan suka nyangkut
6,Alisha senja Nismara,1,2026-09-30 02:34:44,"aplikasi bodoh, tolol, gajelas, gua isi pulsa 50ribu ga masuk njing, gajelas bgt ni aplikasi bodoh, TOLOL, gua udah lunasi paket data gua yang hutang, tpi udh lunas pas hari ini gua beli pulsa 50ribu kagak masuk njing, penipu🤣"
6,Eko Jufram Wahyudi,1,2026-09-30 02:32:35,harga paket tidak konsisten
6,Ainun Shofy,5,2026-09-30 02:24:47,dah
6,Masa lalu,5,2026-09-30 02:24:45,sengaja kasih bintang 5 biar diatas paket internetnya udah terlalu mahal pengen pindah..
6,Hadi Winarno,1,2026-09-30 02:13:49,MK nih kuota sisa masih hangus nih.... katanya rollover... bohong lu ya
6,Ubay,1,2026-09-30 02:07:22,"udah gak ngikutin arahan pemerintah, harga mengganda pulak. kuotaku sering terbuang sia2."
6,Ray Wardani,1,2026-09-30 02:03:14,"mau top up game aja susah, semua udah bener, masih aja di bilang ID salah, apk sampah"
6,Farkah Sultan,1,2026-09-30 01:53:05,"ini mau peli paket data pakai pulsa kok ga bisa,? ""silahkan coba lagi"" balasannya kalau ga niat ngsih promo flash, ga usah lah... makin lama, makin gajelas aja layanannya."
6,Dianita Sarah Janu,5,2026-09-30 01:47:50,"woi lah in this economy malah makin ngelunjak harga lu,,,, parahhhh"
6,uptppd kasongan,4,2026-09-30 01:36:52,okey
6,andhika,1,2026-09-30 01:34:57,"apk berjalan buruk, berat saat dibuka, performa yang harus dengan kualitas jaringan beda sedikit pasti langsung eror terutama pada sistem pembayaran"
6,desya putri,1,2026-09-30 01:29:35,"tambah kesini tambah gak jelas nih Telkomsel,giliran mau beli paket gak bisa bisa,giliran paket darurat langsung bisa,tambah busuk aja Telkomsel,dari semalam sampe pagi ini jam 830..sumpah hari ini terakhir pake aplikasi busuk ini.......mengecewakan"
6,setiawan hendri,3,2026-09-30 01:28:49,"pas beli paketan data, pulsa udah ke potong tapi paketan data nya baru masuk beberapa menit kemudian.. belum lagi sinyalnya sering ilang""an, masa diruangan kalah sama provider lain yg masih ada sinyal sekalipun diruangan kedap"
6,andi sumange lipu,1,2026-09-30 01:23:13,jaringannya jelekkkk banget.. aaa.. di moment penting pula
6,Tarlim,1,2026-09-30 01:16:45,ribet mengaksesnya
6,Kiki Kandu,1,2026-09-30 01:05:47,"sekarang Maslah baru muncul lagi di aplikasi my Telkomsel ini, knpa ketika saya memasukkan nomor saya ke aplikasi my Telkomsel untuk login Mala akun orang lain yg muncul dan nomor ini juga belum sama sekali login lewat my Telkomsel saya!!!!! ini kesalahan fatal yg terjadi ad apa dengan my Telkomsel??????"
6,Melki Teya,5,2026-09-30 01:04:45,sukses
6,Rahmat Achyar,1,2026-09-30 00:55:57,paket internet makin mahal
6,sɪʟᴠᴀ ғᴠɴᴋʏ ❶,5,2026-09-30 00:48:17,PAKET MAHAL TAPI OKELAH JARINGAN TERSEDIA DIMANA MANA WKWKW
6,kus yanti,5,2026-09-30 00:46:55,kenapa aplikasi my Telkomsel sekarang ssh di bukanya ? selalu eror bahkan seharian kemaren aku pke wifi untuk membeli paket di my Telkomsel susahnya minta ampun selalu keluar saat sedang loading mau di buka atau paketan data tidak muncul tulisannya padahal Wifi-nya kencang sinyal nya🤔ayo perbaiki karena saya make no simpati SDH lebih dr 20 THN sayang KLO saya pindah SIM-card
6,pras santoso,1,2026-09-30 00:40:30,katanya kuota yang habis masa aktifnya gak hangus..ternyata hangus juga. aaaappaaan niih..
6,Bagus Saputra,1,2026-09-30 00:24:38,"eh elu kalok bikin kartu yg jelas setan, jangan seenak lu aja ngilangin sinyal orang, gaje banget"
6,Polycarpus AF,1,2026-09-30 00:22:27,Mau masuk ke aplikasi nya ajahhh sussssaaahhhh buangettttsss....hadeuhhhh...memprihatinkan....😔😔😔
6,Agus Qirun,1,2026-09-30 00:20:20,jaringan gak stabil
6,ana agung,5,2026-09-30 00:12:02,puas
6,Lutfi Zulfikar,1,2026-09-30 00:09:23,"trasksaksi ribet, udah liat paket yg mau dibeli pas isi pulsa paketnya malah ga ada jadi harus 2 kali isi pulsa, kalo ga nanggung udah dipake akun males pake telkomnyet"
6,Dicky Steven Nailo,1,2026-09-30 00:03:57,ngeleg bgt ni aplikasi kntl
6,Usaru Laode,5,2026-09-30 00:02:47,mantap
6,Muhammad Abib,1,2026-09-29 23:54:34,Telkomsel rill apk iblis makin di loyal dipakai bertahun tahun makin dinaikin harga internet nya kek kommtl Tel : tel *viv Kom : Ko*t*l Sel : semm*
6,Pengguna Google,1,2026-09-29 23:45:28,SINYAL LEMOT BANGET PADAHAL 50GB SIA SIA TA1
6,icijou raku,1,2026-09-29 23:45:21,isi pulsa 150 rb tapi yang masuk 135 rb terimakasih teltomsel
6,Willson Tunner,1,2026-09-29 23:44:13,"telkomsel semakin eror, masa aktif kartu aku masih sampai dengan september 2027, koq malahan disebut masa aktif habis, memang telkomsel kartunya eror bangat, bagus berahli ke kartu tri saja, gak ribet, gak susah, telkomsel semakin buruk, padahal saya pengguna telkomsel selama hampir 20 tahun,"
6,Afikvidianendrik 22,5,2026-09-29 23:38:16,"murah"""
6,coffee addict,1,2026-09-29 23:36:58,"JARINGAN KALAH SAMA TRI DAN INDOSAT, BUKANNYA MEMBAIK MALAH BURUK SEKALI JARINGANNYA 👎"
6,Robian Hapid,5,2026-09-29 23:33:43,good aplication data celular
6,Juli Safwansyah,5,2026-09-29 23:32:56,otoh mahal
6,Awan Suryanto,3,2026-09-29 23:24:45,aplikasi terlalu berat dan lemot paket juga mahal mahal
6,Ewen chanel,3,2026-09-29 23:22:52,"aplikasi selalu berjalan di latar belakang membuat batre terkuras habis dengan cepat ponsel sy jadi panas, tolong perbaiki"
6,Rahmat Alamsyah,1,2026-09-29 23:20:13,"Aplikasinya udah bagus, tapi sayang ga bisa dibuka sama sekali (perangkat Redmi), sekarang malah ga bisa QRIS dari bank selain aplikasi e-money, makin ribet ga bisa direct"
6,Saepul Ma'rup,2,2026-09-29 23:11:57,semenjak harga paket data telcomsel yang makim ke sini makin ga ngotak harga nya kartu gue jadi masa tenggang krna ga pernah gue isi pulsa wkwkwm
6,x x,1,2026-09-29 23:09:18,telkom gak jelas isi pake data pake qiris gak masuk dari jam 05:21 saya qiris pake SeaBank loh gimana sih ini
6,Fajri Fajri,1,2026-09-29 22:59:14,mahal bangat gak kayak dulu enak pakai my3
6,Rudi Ardiyansah,1,2026-09-29 22:53:51,saya ga suka kenapa sekarang telkomsel selalu ngeblockir data jadi ga bisa internetan??
6,Pengguna Google,1,2026-09-29 22:42:53,"udah niat uninstall app mytelkomsel dari dulu tp saya tunda soalnya kadang masih suka check-in buat stamp berhadiah tapi sekarang malah gak bisa di klaim meski udh check-in sebulan, the last straw buat saya, ngeselin banget jujur, apa yang bagus dari kartu ini, data bocor, paketan mahal, jaringan lemot gak bisa saya pakai buat main game fc mulu saya selalu pakai kartu sebelah buat paketan. mungkin alasan saya keep kartu ini hanya karena kartu lama dan nyambung ke akun akun penting lain."
6,Fighter,5,2026-09-29 22:41:15,bisa di perhatikan peraturan pada stamp berhadiah itu gairah apa tidak??????
6,Sukri Adi,5,2026-09-29 22:40:36,sangat bagus kalau bisa sering sering tampilkan harga diskon ya
6,Alianus wenda,5,2026-09-29 22:27:08,Bagus sangatlah membantu
6,nasurono 128,1,2026-09-29 22:17:00,promo berubah..kuat saya disedot masih banyak..saya laporin Kemenkominfo ya? parah
6,Iyan Aliansyah,5,2026-09-29 22:08:15,telkomsel terjangkau di mana mana
6,Achdan Zahid,2,2026-09-29 22:04:46,mahal bet Telkomsel
6,Nalaratih Wardhani,5,2026-09-29 21:27:02,mantap
6,romavis romvis,5,2026-09-29 21:01:42,👌👍🤗🤔
6,Herisusilo Susilo,5,2026-09-29 19:54:37,puas layanan nya
6,Edo Soedarwan,2,2026-09-29 19:52:40,tolong dong jgn tiap hari pulsa kita di ambilin/di potongin jd hbs pulsa kita
6,Eka Kepel,1,2026-09-29 19:35:40,"beli kuota 35 GB CUMA MASUK 7 GB sudah laporan 1x24 jam ga ada kejelasan, SANGAT BURUK ,"
6,Aditia putra Nurohman,1,2026-09-29 18:50:10,curiga di korupsi makin sini makin jelek
6,Dijah Wahab,5,2026-09-29 18:22:07,mantap
6,David AP,1,2026-09-29 18:11:22,"Maling kuota, kuota sisa 8GB hangus. padahal keputusan MK sudah jelas. dasar Maling"
6,Suarti,1,2026-09-29 18:09:32,"beli kuota jadi ribet , setiap masuk aplikasi harus pake kode otp"
6,Prayogo Yudhiantono,1,2026-09-29 18:08:20,percuma
6,Iqbal Elsyarief,2,2026-09-29 18:04:00,kenapa aplikasinya TDK bisa dibuka..ber xx dicoba..
6,M sahlan Sahlan,1,2026-09-29 18:02:12,"ko betulin dulu koneksi internet mu, beli paket data mahal mahal malah ngelek kali smpah"
6,andik prasetyo,3,2026-09-29 17:44:35,"aplikasi makin berat,lemot penuh isinya bikin bingung pelanggan,seperti di paksa dijejalin semua.."
6,Fikran Motor,1,2026-09-29 17:38:52,syaa beli paket dan paket ny tidak berfunggsi. kecewa sama mu Telkomsel buruk
6,Bramm 33,4,2026-09-29 17:37:29,baik
6,Auli Stanza,5,2026-09-29 17:25:20,ok
6,alif manday,1,2026-09-29 17:06:58,baru isi 10gb di tgl 24 untuk masa aktif 28 hari tetapi baru 6 hari kuota sudah 0
6,Muhammad Taufiq,1,2026-09-29 16:50:50,kenapa masa aktif nomor saat beli kuota ga nambah ya?
6,Dedi Wahyudinata,1,2026-09-29 16:48:42,"Saya ralat, aplikasi dan paket tidak singkron. tidak sesuai jumlah paket sebenarnya, dengan di aplikasi. tidak update. kecewa tiba2 habis paket saat penting. paket di isi tapi jaringan tidak ada bukan 3g tapi gprs."
6,Akao012,1,2026-09-29 16:45:12,"Telkomsel, kartu Tel Aviv. Harganya mahal kualitas gk ngikut. Penasaran kenapa jaringan down? Mending tanya ke tukang urut. Soalnya CSnya pada pergi liburan semua. Tameng pertama disuguhi oleh A.I. Giliran ke CS-nya langsung, malah slow res. Sesi chat cepat amat ditutupnya. Balasan chat template pula"
6,Catur Trinawa,1,2026-09-29 16:44:27,apk kontoll
6,Ferri Bos,5,2026-09-29 16:37:37,mantaP🙂
6,Fahmi Saeful27,2,2026-09-29 16:29:06,knpa jadiii jelek bgt siiii sinyalnya
6,Ilham muhammad,1,2026-09-29 16:26:22,harus nya kan ada harga ada kualitas tapi ini malah ada harga tapi kaga ada kualitas harga mahal tapi jaringan nya sering bermasalah
6,Selvianus Gabriel,1,2026-09-29 16:14:14,telkomsel udahh mau bangrut.di labuan bajo kota nda ada jaringan internet.pantasan paket internetnya mulai murah
6,Gojali,5,2026-09-29 16:12:19,oke ku tes
6,Diki Rohadi,1,2026-09-29 16:01:36,idup d kota sinyal masih ngleg kek d kampung NAJISS SUMPATI MAHAL DOANG
6,Ibnu Qmr,1,2026-09-29 15:58:05,woi ajg kenapa jaringan ku ga timbul
6,Ego Siki,5,2026-09-29 15:48:06,🙏
6,Andi Wahyudi I.,2,2026-09-29 15:45:46,"Setiap membuka Stamp Berhadiah, aplikasi langsung terhenti. Solusi?"
6,Raska Pratama,1,2026-09-29 15:44:11,"kwalitas jaringan kayak anjeng,, harga kuota nya mahal..ooo bodat"
6,Dokter Phone cell,5,2026-09-29 15:41:14,baik
6,Nur Salman,3,2026-09-29 15:39:59,"vero asisten AI, dan Admin tidak membantu menyelesaikan masalah, sepertinya langkah traditional datang langsung ke grapari masih menjadi yang terbaik"
6,Maulana Akbar,5,2026-09-29 15:38:09,murahhh
6,Avenged Seventeen,1,2026-09-29 15:38:07,Harga paket nya dimurahin lah masa kartu lama malah makin mahal kalah sama kompetitor udahlah jaringan ga stabil harga kuota nya mahal ga worth it
6,Wahid Nur,1,2026-09-29 15:34:45,PERBAIKIN JARINGANNYA JANGAN CUMAN MAHAL DOANG JARINGAN BUSUK CUIH
6,Sony Mancunk,1,2026-09-29 15:25:00,"dari bintang 5 turun bintang 1, kedok bonus tapi tarik untung, komplen konsumen jaman sudah canggih masih pakai cara lama untuk cari keuntungan, provider nomor 1 nih boss"
6,Yan ia,1,2026-09-29 15:09:20,kuota doang mahal sinyal ke kura kura lambat
6,shofi,1,2026-09-29 15:00:23,"sinyal lu jelek bngt anjr, makin kesini makin² deh kata gue. udahlah harga nya mahal gak lancar lagi internet nya"
6,Ilham 1105,1,2026-09-29 14:55:10,harga paket data mahal jaringannya kaya suster gesot
6,Miah Miyah,5,2026-09-29 14:54:50,nyebelin banget sinyal jelek beli kuota susah di aplikasi nya mana makin lama kita gunakan kartu Telkomsel makin mahal harganya bukan makin diskon dan error terus aplikasi pulsanya kadang kadang abis sendiri lagi
6,Ichsan Maulana Muhamad,1,2026-09-29 14:53:41,"buat lu pada yang mau beli paketan terus mau milih Telkomsel mending jangan dah, udah harga naik Mulu bukannya paketannya juga dinaikin malah dikurangin kuotanya wkwkwk, ini juga ada layanan bisa beli esim eh pas dibeli tinggal registrasi doang malah sistem lagi sibuk wkwkwk, udah gw coba berkali kali sistem sibuk melulu yaelah bre bre kalo kaga bisa registrasi esim gimana cara makenya bloon, sekali lagi kaga usah beli Telkomsel dah udah beda jaman, dulu bagus sekarang gaje"
6,Arjuna Maramis,1,2026-09-29 14:53:10,kikir harga paket tiba tiba naik dan berunah drastis. ampas!
6,M. Alhaq Badruzzaman,1,2026-09-29 14:45:08,"Telkomsel sinyalnya GK jelas selalu hilang daerahnya di putihdoh, cukuhbalak, Tanggamus, Lampung. kalau gak niat buat usaha tutup aja"
6,maskur rafka,4,2026-09-29 14:43:44,Maaf kok aplikasinya tidak bisa buka
6,apip suka chocolatos,1,2026-09-29 14:43:39,"huhh lagi dan lagi harus komplen di apk ini, sebenernya Telkomsel ada kendala apa min? ko belakangan ini jaringan selalu ga stabil jadi kurang nyaman buat penggunaan sehari', sebagai pengguna Telkomsel dri 2020 baru kali ini kendala nya bener' diluar kesabaran, mohon kalo bisa diperbaiki ya min untuk kestabilan jaringannya, karna udah beli kuota mahal' jaringan ngelag' kan agak gimana gitu min, mohon kerja sama nya atmin yg baik😔😔😔"
7,Muhammad Fahril Apriansyah,1,2026-09-29 14:38:56,"pilihan paket t-sel gak ada pilihan mahal², mahal kalo sinyal bagus rapopo, ini mah udah mah pilihan paket mahal, sinyal jempol kebalik. tapi tetep aja pede dengan kemahalannya. kualitasnya mana boss."
7,Vo do,1,2026-09-29 14:36:16,"jaringan lu perbaiki,buat wa jelek bgt , tolong lah kasih perkembangan,mahal paketan ,sinyal juga busuk"
7,Ayl “yati” 11,2,2026-09-29 14:34:51,pulsa darurat pasti di bayar.kl blm bisa bayar harusnya jangan main blokir.orang bisa ganti nmr baru kl modelnya main blokir
7,Ical Haikal,4,2026-09-29 14:22:18,bagus
7,Segara,2,2026-09-29 14:20:45,"provider busuk! sinyal apaan ga ada, mana harga paket mahal!"
7,Sano,1,2026-09-29 14:19:08,bug ngeny
7,Nyoman Soerabratha,5,2026-09-29 14:16:22,tingkatkan koneksi internet
7,Arya Wijaya Kusuma,5,2026-09-29 14:09:48,"aku sangat menghargai my Telkomsel, namun kenapa jaringan Telkomsel makin jelek dan ngeleg, terimakasih"
7,Rheza Robiansyah,1,2026-09-29 13:55:46,siyalll jelakkkk parahhhhhh
7,Fhin,1,2026-09-29 13:55:44,lemot sekali.masa kecepatan internet lebih cepat wifi 10mbps. kecepatan telkomsel cuma seperempatnya dari operator yang ada logo 3
7,Serli ayu Nur laila,1,2026-09-29 13:53:36,2x saya beli kuota cuma kuota tidak masuk ke nomor saya
7,om Rivky,5,2026-09-29 13:52:56,good
7,putra saputra,1,2026-09-29 13:52:28,"tadi pagi sekitar jam 2 atau 3 pagi, saya mendapatkan sms, bahwa internet saya di blokir, dan saya jadi tidak dapat berkerja, dan tidak dapat penghasilan hari ini, saya mau minta pihak terkait tanggung jawab!"
7,19_019 Ezri Nainggolan,1,2026-09-29 13:52:10,"Beli Paket Flase sale 20 GB, 55 rb, Sama sekali ga bisa digunakan Bangsattt, Apa ini, Mana solusi dan Tanggung Jawabnyaa, Pake duit belinya, Bukan Gratis"
7,Wawan Setiawan,5,2026-09-29 13:42:15,kadang lemot
7,Sikopat 2525,1,2026-09-29 13:40:16,dah bayar mahal2 jaringan ampas konyol
7,Rizky 29,1,2026-09-29 13:37:33,"bnyk bug ni aplikasi, ngirim pulsa k nomor lain malah masuk k nomor sendiri aneh, balikin uang gua"
7,Hamzah 93,5,2026-09-29 13:35:48,bagus
7,Rohmat Ali Fauzi,1,2026-09-29 13:34:45,"telkomsel jelek banget jaringannya, lapor cs percuma, di bales pake Ai, dan ga jelas"
7,Assa syahnul Azhar Ramadhan Sitompul,1,2026-09-29 13:30:34,"apk gembel selalu lag dalam kondisi apapun, padahal jaringan selalu bagus apk sampah"
7,defik Andik,2,2026-09-29 13:29:40,"mau beli pulsa saja eror ,pulsa semakin lama semakin mahal jaringan juga sekarang kurang bagus"
7,Khoirul Pahmi,1,2026-09-29 13:25:42,"sinyal busuk, apklikasinya juga busuk. korup aja banyakin"
7,Thohir Musthofa,2,2026-09-29 13:24:32,aplikasi bug
7,Liana Saputri,1,2026-09-29 13:22:41,"baru nelpon brpa detik aja langsung ke sedot pulsa 2000, parahhh bangetttt. manaa harga paket mahal mahal, iyuhhhh"
7,JOGETS,1,2026-09-29 13:20:25,"Siapa sih yg bikin ini aplikasi, yg bikin orang bego"
7,Naya MQ,1,2026-09-29 13:14:40,"merugikan, krn pulsa saya sering terpotong krn masuk sms bermacam penawaran yg tidak berguna."
7,Galuh Apriansyah 29,1,2026-09-29 13:12:13,"kartu tertolol menang mahal doank kualitas gada samsek,mao beli paketan aje ngelag bet"
7,Danis Ahmad,4,2026-09-29 13:09:06,telkomsel sekarang jaringanya bagusan dulu
7,Oh iyo Iyo yo,3,2026-09-29 13:04:48,makin hari makin mahal paket ny
7,Nabil,5,2026-09-29 13:03:11,bagus sekali
7,Azep Rukmana,5,2026-09-29 13:00:47,beli paket data jadi lebih mudah dan terjangkau 👍👌😊
7,JRi,1,2026-09-29 13:00:33,Ampun bener jaringan skrg makin buruk..pdhl harga paket datanya sdh mahal benar..apalg klu lg penting²nya..jaringan suka hilang..jd pusing saya..
7,Devin Streets Attacks,3,2026-09-29 13:00:00,"gmana sih ngelag loading mulu, jaringan lag atasin dong perbaiki, enak enak nonton lag loading, udah dibersihkan file hp sampe relog hp masih aja begitu"
7,izhan •,1,2026-09-29 12:59:55,"makin tolol ni aplikasi, mau login disuruh registrasi kartu, kartu udah registrasi tolol"
7,Yohanes Maran,5,2026-09-29 12:59:12,mursh
7,Munawir,1,2026-09-29 12:54:15,Sebanyak apapun kuota kalian.loadingnya di aplikasi mana saja tetap lambat.kuota mahal ga menjamin jaringan lancar ini lah contoh mytelkomsel
7,Putra,1,2026-09-29 12:53:48,jaringan ngeleg pulsa Masih ada 30gb masa hilang langsung kosong harga ga ngotak 50ribu 15gb diskon kata nya diskon nya bikin kesel sebelum apdet Telkomsel nya 50ribu aja masih dapat 31gb
7,Ijam Ijam,1,2026-09-29 12:49:01,"telkomsel jaringan terburuk dari semua provider sungguh mengecewakan, sudah beli paket mahal mahal jaringan hilang hilang, sia sia beli paket ko7a mahal2 tidak bisa digunakan, pihak Telkomsel kalian perbaiki ini jangan kalian mau makan uang pelanggan saja tapi layanan jaringan kalian terburuk suka hilang hilang, provider apa kayak gini"
7,Muhamad Andri,2,2026-09-29 12:45:43,kenapa gak bisa login ya🥲
7,Esa Purnama,1,2026-09-29 12:45:14,siapa lagi yang ngasih usulan isi vocer fisik harus scan barcode. klo bsa scan itu nama nya dia punya kuota. bodoh nya kebangetan
7,Wadaw GGWP,1,2026-09-29 12:39:36,"udah 4 tahun make MyTelkomsel dulu harganya murah dan paket nya besar besar, sekarang MAKIN LAMA MAKIN KIKIRR!!! BARU AJA KEMAREN ISI PAKET 10 GB 42K SEKARANG UDAH DINAIKIN AJA JADI 45K DENGAN PRODUK YANG SAMA PADAHAL DULU ISI 45K UDAH DAPAT 14 GB. TOLONG LAH JANGAN DIMAHALIN TERUS MENERUS"
7,Miftakhul Jannah,2,2026-09-29 12:39:13,"makin langganan, mlh makin mahal"
7,Doharlin Simanullang,5,2026-09-29 12:35:47,mantap cuyyy
7,Algrita Syakira,1,2026-09-29 12:33:19,parah PT besar aplikasi lemooot menu bikin bingung mau laporan indihome aja susah
7,Didi Didi,5,2026-09-29 12:29:33,semakin lama berlangganan semakin mahal harga kuota nya
7,Dhea Apwnadiya,1,2026-09-29 12:29:31,tolong kembalikan 40k
7,Za Achwan,5,2026-09-29 12:29:17,macet macet
7,Erwin Wu,1,2026-09-29 12:28:27,"Woy, harga kuota makin lama makin mahal aja. Masa Rp100 ribu cuma dapat 13–15 GB? Makin pelit aja 😭 Tolong dong harga paketnya dibuat lebih masuk akal."
7,Yusuf -,1,2026-09-29 12:25:48,sinyal kek anjg tpi harga selangit
7,Syahrul Ramadhan,1,2026-09-29 12:23:04,evaluasi lagi perbaiki lagi apa yang masih kurang bukannya meningkatkan kualitas jaringan malah sebaliknya telkomsel yang dulu mana jelek tambah jelek banget sekarang kecewa
7,Pa Yumi,1,2026-09-29 12:21:32,"kenapa sih paketan / data saya masih banyak 16,5 GB kenapa gak bisa di pakai padahal masih lama tanggal 5 Oktober baru habis ini sudah hampir 1 Minggu lebih mau di apain hah jangan bikin orang pengguna tergantung seperti kayak gini padahal harga paketan data naik juga tetap saya pakai kartu Telkomsel ini bikin orang emosi aj sumpah Telkomsel makin gak jelas minta tolong di perbaiki sinyal dan data nya paket data masih habis keterangan paket data habis atau yang lainnya padahal masih byk 16,5 GB"
7,Indra Mulyana,3,2026-09-29 12:21:15,"harga promo,dan kualitas jaringan"
7,Samurai 84,5,2026-09-29 12:19:44,saya puas
7,Muhammad Ferdian,1,2026-09-29 12:15:51,burukkkk bangeetttt
7,Muhammad saiful,1,2026-09-29 12:12:56,"klo ada lebih rendah dari bintang satu, pasti akan saya pilih,. Klo regulasi jualan kuotanya sudah pro pengguna baru saya kasih bintang 5"
7,risky idul,1,2026-09-29 12:11:37,aplikasinya berat. sering keluar aplikasi
7,Dadank 11,1,2026-09-29 12:04:06,"laporan gangguan Indihome dari tdi cuma proses dan proses, pelayanannya payah, bukan seperti dlu lagi"
7,Tata Rega,3,2026-09-29 12:02:56,promo kuota banyakin
7,Reza Syahdianto,4,2026-09-29 12:01:11,minimal harganya jangan terlalu mahal
7,Jevi To,5,2026-09-29 12:00:35,oke
7,Muhammad Badali,1,2026-09-29 12:00:10,ini jaringan Telkomsel knpa G di gua ya dei pagi tadi sampe malam ga ada berubah ke 4G
7,Fendy Oncel,1,2026-09-29 11:58:59,sinyalnyalnya sangat sangat buruk
7,Ronald Ananda Setiawan,1,2026-09-29 11:55:18,"najis lelet bgt, harga paket mahal tapi jaringan kenceng si ga masalah lah ini udh mahal, 28hari , lelet pula najis"
7,Valleri allen354,1,2026-09-29 11:52:14,"harga kouta nga ngotak, giliran di pake kouta lelet kaya taik, buat liat youtube aja loding lama, Nga pake Telkomsel lagi pindah aja pake M3."
7,Anwar Aster,5,2026-09-29 11:41:47,oke
7,Obom Lampung,1,2026-09-29 11:37:52,ini knpa Wee jaringan taikkk
7,Tuntung Sungai,5,2026-09-29 11:36:44,sangat bermanfaat
7,Wahyu Hasbullah,1,2026-09-29 11:36:37,"aplikasi bloatware , banyak iklan bikin berat aplikasi"
7,Verci Baneno,4,2026-09-29 11:34:38,bagus
7,Fadil_ 0288,1,2026-09-29 11:29:20,"oprator tolol, ada kuota YouTube dipakai nonton YouTube yang kepake malah kuota utama, telkom tolol"
7,Markus Caho,1,2026-09-29 11:27:18,"provider paling serakah dan jahat,sudah mahal mahal paketannya,jaringan bikin stres dan bikin pecah hp gara gara emosi jelek jaringan. pada hal paket ku 200GB tapi mau buka YouTube loading terus."
7,Diki Eka Prasetia,1,2026-09-29 11:26:36,"sinyal nge lag,main game ngelag,ga ada bantuan yang pasti bahkan tidak berguna sama sekali"
7,Rifan Oye,5,2026-09-29 11:22:01,sangat baik
7,Gilbet Angkat,1,2026-09-29 11:10:44,jaringan ngeleg ngeleg pas main ml pas nonton gak ngeleg gw jadi losstre gara gara leg
7,Ayi Komarudin,1,2026-09-29 10:52:21,"aplikasi busuk, yang katanya aplikasi bebas akses dan gratis kuota. tapi buka aplikasinya saja butuh kuota. fitur stamp bermasalah solusi lambat, dari tgl 13 sampe sekarang tanggal 29 masih tidak ada perubahan. bikin laporan yg menangani bot semua, via 188 sama aja gak becus. aplikasi penipuan publik, pemerasan. aplikasi TOLOL"
7,Ivan Andre,1,2026-09-29 10:48:11,MAKIN KESINI MAKIN MAHAL! SINYAL JELEK! RAKYAT DI PRESS TERUS! 😆
7,Halawa November,1,2026-09-29 10:48:04,Sinyal nya Kurang Bagus
7,Damar,1,2026-09-29 10:44:56,di ganti ganti mulu anj kuota nya bgo
7,Mike West,1,2026-09-29 10:42:16,terlalu lambat pulsa ditampilkan
7,Puput Chipo,5,2026-09-29 10:41:37,"banyak promo menarik, makasih telkomsel"
7,Deni Alfian,5,2026-09-29 10:38:53,bintangsongo
7,Muhammad Bakri,5,2026-09-29 10:38:36,bagus c vs ewwww r rnr
7,ari wibowo,1,2026-09-29 10:23:36,paketannya mahal banget sumpah
7,Achir Muda94,1,2026-09-29 10:21:03,jaringan ngilang2 bikin emosi pas main game serunya jadi kalah nyesel juga pake paket ini sdah mahal2 terkesan gak guna.
7,Rudz X,1,2026-09-29 10:20:43,jaringan internet benar2 semakin buruk apalagi kalau malam hari meski dilantai 2 kota besar masih lemot parah 😢
7,n n,1,2026-09-29 10:19:56,"Normalnya semakin setia mestinya semakin untung ya dari segi harga, pelayanan, dan kualitas jaringan tapi Telkomsel aneh. yang membuat kebijakan manusia yang tidak punya hati nurani.Telkomsel ini type yg semakin kita setia menggunakannya semakin ngelunjak, kasih harga gak kira2 pelayanan dan kualitas jaringan semakin buruk. 🐯"
7,Eko Aji,1,2026-09-29 10:17:26,"Tiba tiba ada tagihan pulsa darurat 70 ribu. Kog bisa, siapa yang pakai"
7,Muhamad Al gifari,1,2026-09-29 10:07:59,"kembaliin pulsa 25k gue, gue uda beli kuota tapi kuotanya kaga masuk"
7,Idhaar Steel,1,2026-09-29 10:03:08,perbaikilah masalah koneksinya
7,JAMAL jamal,5,2026-09-29 09:56:37,baik
7,Imam Fauzi,1,2026-09-29 09:54:11,"kartu Telkomsel banyak sekali spam notifikasi sangat menganggu sekali,sudah coba di stop tapi spam yang masuk akun lain lagi,nanti muncul lagi yang lain dan sangat banyak,(Telkomsel kartu banyak sampah spam notifikasi),spam Bank Mega,pinjaman lah dll banyak sekali bermunculan,jaringan internet tidak seberapa spam notifikasi nya sangat luar biasa banyak muncul,(sangat tidak berguna),KARTU SAMPAH."
7,andri agriyana,1,2026-09-29 09:45:57,saya pakai telkomsel dari taun 2009 dan nomor nya masih ini ga pernah ganti karna ga ada keluhan dan banyak ke unggulan dari yang lain . tapi sekarang ko jadi gini ya signal lemot kadang2 belipaken lama . trus paket nya pada mahal2 sekarng perbedaan nya jauh dari yang lain. mungkin sudah saat nya pindah ....
7,Farid Adr Robby Al eyyubi,1,2026-09-29 09:45:09,"MAKIN SERING BELI MAKIN NAIK HARGANYA TAPI KUALITAS JARINGANNYA TETEP JELEK BUAT APA HARGA DI MAHALIN TAPI KUALITAS JARINGAN LELET GAUSAH LU SURUH CHAT CS LOOOO GW SELALU CHAT CS TETEP AJA SAMA JARINGANNYA JELEK JELEK JUGA ATURAN ""ADA HARGA ADA KUALITAS JARINGAN "" KALO TELKOM MAH ""ADA HARGA GA ADA KUALITAS JARINGAN"""
7,Ilham Q,1,2026-09-29 09:35:03,sinyal jelekkkk
7,Thomas Hariyanto skep ns,5,2026-09-29 09:25:01,"tolong ditingkat juga u ntuk daerah pedesaan dan daerah perkebunan, karena jaringannya hilang timbul. apk kadang lemot, kadang bug, promo paketnya kadang tidak ada"
7,marini Annisa,5,2026-09-29 09:08:29,"SAYA KASIH BINTANG LIMA TAPI TOLONGG !! TEMAN SAYA NGIRIM PULSA KE SAYA , DAN SAAT KUOTA SAYA HABIS TIBA TIBA PULSA NYA ILANG?? TOLONG DI JAWAB , DAN DIPERBAIKI"
7,deddy king king,1,2026-09-29 09:08:18,"cs veronika ga niat bantu customer, blsnya lamaaaa"
7,Hotlan Hutapea,5,2026-09-29 09:01:49,baik
7,Hendrik Rahma,5,2026-09-29 08:59:56,ok
7,F7 GAMING,1,2026-09-29 08:58:47,"aplikaai gabisa dipake, sinyal kocak"
7,uphic patiko,5,2026-09-29 08:47:31,mantan
7,Riza Mahmuda,2,2026-09-29 08:32:43,"kapan ya kebijakan akumulasi sisa kuota, ke bulan selanjutnya diberlakukan yaa??"
7,M. Faisal Abimanyu,3,2026-09-29 08:16:22,"semakin jadi pelanggan setia, paket semakin mahal, paket yang katanya murah cuma sebatas katanya aja"
7,Maikel Agapa,5,2026-09-29 08:16:00,menarik
7,P Yys,1,2026-09-29 08:00:09,"harga paket naik separoh nya, ngerii lah."
7,Yadi Smile,1,2026-09-29 07:49:03,"jaringan busuk, cs kgk jelas, malah di ganti dan di lama lamain ke AI Veronica atau apalah. harga mahal tapi gak sebanding sama jaringanya yang busuk. mending Jan pake kartu Telkomsel buat yang gak mau nyesel"
7,Haza Mukti,1,2026-09-29 07:45:31,"Semakin sering membeli paket internet di mytelkomsel, loh kok semakin mahal harganya. kalo ngasih bonus kuota ya minimal pemakaian ya 3 hari, jgn cuma sehari saja. Harga mahal kuota sedikit untuk sebulan, harga murah kuota banyak untuk seminggu doang wkwkwk"
7,Ido Mardlotillah,5,2026-09-29 07:39:30,mantap
7,Raja Rajaganteng,1,2026-09-29 07:35:56,"kesel jaringan tiba""hilang mau tanya bantuan di aplikasi malah ga muncul""tu Veronika loading teruss udah di muat berlulang kali tetep gabisa ada apa si tolong lah bantuan nya dari semalem ini nunggu jaringan ga nonggol"" kesel tau mau nanya gabisa"""
7,Angga Sulistiyo,1,2026-09-29 07:32:03,bisa nggak sih bikin apk itu jangan berat pas login?!!
7,willz,5,2026-09-29 07:30:21,wow
7,Setian Tania,4,2026-09-29 07:27:35,bonus nya banyak ilang
7,Fri Day,5,2026-09-29 07:25:36,smoga paket dan plsa ku yg hilang kembali lagi thanks Telkomsel
7,alam mustofa,1,2026-09-29 07:16:25,sungguh pelayanan yg sangat buruk
7,Kevin Pelealu,1,2026-09-29 07:05:31,"Semakin hari aplikasi semakin berat dan banyak fitur yang tidak penting, aplikasi buat cek pemakaian Telkomsel bukan buat belanja banyak apalagi dibagian koinnya. Sangat disayangkan kalau begini terus dan manfaat tier sedikit sekali. Perbaikilah untuk perangkat Android dan iOS."
7,ratna jelina,5,2026-09-29 06:48:40,memuaskan
7,Bams Sugifhat,5,2026-09-29 06:39:21,good
7,Riski Gustiana,5,2026-09-29 06:36:57,baik
7,Zulfahmi Indra,1,2026-09-29 06:33:12,bikin sulit pengguna cuma pengen bayar paket malah selalu buffer di metode pembayaran padahal jaringan buat buka yang lain lancar
7,Silvi Aprilliani,1,2026-09-29 06:04:55,"makin sini makin gabener ajg, masuk aplikasi tiba² keluar pdhal sinyal dan penyimpanan okee, kesel sndiri jadinya ajg, mana makin mahal lagii."
7,Mas Boy,1,2026-09-29 06:04:10,"Aplikasi kocak, udah eror mulu berat banget mau ganti menu juga"
7,Riski Gumas,5,2026-09-29 06:01:57,sangat baik
7,Atikah Saridevi,1,2026-09-29 05:54:42,benerin lah lu sinyal penuh masih ajah ngeleg nyesel gua beli kartu lu mahal mahal mending pake kartu Tri lagh moga ajh lu bangkrut ajh lah pusing setiap maen selalu lancar orang jaringanya baik baik ajah kenapa lu jelek
7,chaniago channel,1,2026-09-29 05:42:52,"jaringan gua hilang trus, tanya Telkomsel tambh dibikin rumit,"
7,fitri atmoko,1,2026-09-29 05:40:44,lama2 Telkomsel bikin kapok pengguna.. tagihan sudah dibayar.. lalu ditawarin lg paket darurat.. pinjam jam 2 pagi setelah itu jam 6 pagi diblokir suruh bayar tagihan dlu.. trus gunnya apa kita meminjam klo belom ada 24jam sudah diblokir.. tahu gitu g minjam paket darurat.. mana mahal lg klo minjam.. tolong diperbaiki lg
7,zeus zabath,4,2026-09-29 05:40:41,sangat puas
7,Wahyu Agung Pamudji,1,2026-09-29 05:39:17,"jaringan semakin hari semakin busuk, harga kaga ngotak tapi kualitas yg di berikan kaga berimbang, di pakai sudah bertahun tahun dan banyak komplain masih saja tdk ada perubahan, jaringan kalian busuk !!!!!!"
7,Setiawati Lembek,4,2026-09-29 05:38:16,saya selalu beli paket di my telkomsel
7,Taqwaa.,1,2026-09-29 05:35:29,"udah mahal, jaringan ngelag padahal ada di kota"
7,Rf I,5,2026-09-29 05:34:39,is the best
7,khairul Davit,1,2026-09-29 05:31:47,tolong ini jaringan di optimalkan lah sering ngeleg
7,Rachel Olivia,1,2026-09-29 05:24:17,lemot bikin darah tinggi naik
7,Eye Of The Sky,1,2026-09-29 05:22:48,"Telkomsel ini akan terjadi penurunan pengguna, Soalnya registrasi kartu saja susah nya minta ampun, dari menunggu Kode OTP yg GK di kirim lamaaaaaa, dan verifikasi wajah yg susah nya minta ampun selalu gagal, semakin di buat sulit semakin berkurang minat yg menggunakan.kemarin saya beli kartu perdana Telkomsel dan beberapa kali registrasi selalu gagal verifikasi wajah akhirnya saya buang, bikin jengkel saja"
7,hera puspitasari,1,2026-09-29 05:16:18,"saya beli kuota 9GB untuk 7 hari, harusnya habis masanya 7 hari kemudian tetapi malah habis masanya dalam 24 jam,mau komplain susah karena ya g respon selalu AI yang harusnya manusia yang respon agar masuk ke otak apa keluhan customer malah AI yang balasannya iya maaf iya maaf saja tanpa kejelasan pasti keluhan ini bagaimana"
7,Deady Te Pe Iy,3,2026-09-29 05:12:04,"mahal, sinyal skrg lemah macam TAiKK❗️"
7,nanad,1,2026-09-29 05:08:16,"restart pala kau tu, mau di restart pun tetap aja sinyal kau jelek burik, harga paket mahal kualitas sinyal buruk, gak sesuai kali, gak ada perubahan, makin ke sana makin ke sini, kalian main kan colokan kabel tu makanya jelek kali sinyal Telkomsel ni!?"
7,Sahril Rizki Ramdhani,1,2026-09-29 05:06:39,paket kuota makin mahal sinyal internet makin buruk
7,Welson Wombai,3,2026-09-29 05:01:40,tolong jaringan di daerah saya kurang baikk
7,Erwin Bkl,5,2026-09-29 05:01:29,manty
7,Rizky,1,2026-09-29 04:55:26,jelek bnget aplikasinya😒. selalu keluar sendiri
7,Pengguna Google,1,2026-09-29 04:48:59,"layanan Telkomsel makin lama makin menjengkelkan, signal jelek, harga mahal kuota sedikit, layanan paket darurat aktif 2 hari baru aja 1hr udah di blokir akses internet nya, dasar Telkomsel , jaringan terjelek"
7,Gadis DesaMartubung,5,2026-09-29 04:48:33,jaringan bagus
7,hendry magatatsu,1,2026-09-29 04:46:28,pada mahal paket kuotanya parah
7,Budianto,5,2026-09-29 04:36:49,emang sgat membantu. dgn aplikasi ni tidak capek kita keluar isi paket
7,Ucok Ucok,5,2026-09-29 04:26:34,baik
7,Yasinta Nendong,5,2026-09-29 04:25:56,sangat bagus
7,ardi,1,2026-09-29 04:22:38,kenapa harga paket internet indihome tidak tertulis saja dengan biaya admin dan ppn nya ? belum lagi ada biaya admin lagi saat membayar tagihan -_-
7,Fauzan Mubarok,1,2026-09-29 04:21:19,"Telkomsel, Telkomsel. Hari hari ada aja kejadiannya, ini kenapa jaringannya hilang dah, paket banyak kenapa hilang. dicari masalahnya apa gak ketemu, bikin cape orang aja nih Telkomsel. Makin cape gw ngeladenin Telkomsel ini."
7,Kopdes Mbg,1,2026-09-29 04:16:29,jelek dan busuk
7,Wakas Blues,1,2026-09-29 04:10:27,"ini kenapa jaringan suka ilang yaa???? lancar cuma 3 hr, udah 1 bln ini jaringan Nihil. udah mengajukan keluhan juga buat crosscek daerah saya. udh sebulan loh anj beli paket 150rb kaga kepake"
7,Yayan Kalamu,2,2026-09-29 04:09:15,jaringan di tingkatim dlu bukan harganya yg di tingkatin makin mahal makin lemot jaringannya sdah mahal jaringan kek lelet lagi
7,Umbu Nim projeck,1,2026-09-29 03:58:42,"setelah putusan MK untuk sisa kuota bisa perpanjang tapi saya tetap hangus. ini tunggu bulan depan lagi apakah hangus, saya beralih ke jaringan lain. murah jaringan bagus"
7,Juhali Saputra,1,2026-09-29 03:54:59,"sudah hampir 1 hari sinyal nya hilang,sementara kartu sebelah aman2 aja,jelek bener penanganannya."
7,Bagus Sulistyo,1,2026-09-29 03:46:45,"harga kuota makin mahal, tapi jaringan lemot lah, hilang2 lah buruk kali lama-lama nih jaringan"
7,Fakhri Zhafran Khairy,1,2026-09-29 03:44:56,mahal doang ngeleg banget yahudi
7,susan ti,1,2026-09-29 03:43:46,"*nj*ng p*kim*k indihome sialan bayar sebulan penuh,, gangguan setengah bulan jatuh tempo tanggal 20 belum tanggal 10 uda tagih tagih gangguan segitu lama tak ada potongan,, tak ada pemeliharaan,, hanya sekedar info info tak ada nampak setan hantu belau datang perbaiki ke lokasi anj*ngggg😡😡😡😡😡😡😡😡😡😡😡😡😡😡😡😡😡😡😡😡😡😡😡😡😡😡😡"
7,Alya ananda Suhendra,5,2026-09-29 03:37:46,bagus banget Telkomsel
7,Hari Sanjaya,5,2026-09-29 03:30:25,cepat dan bagus
7,Aisyah Armayni,1,2026-09-29 03:28:34,"Jaringannya SERING ILANG!! seperti tidak ada paket tapi saat saya cek paket saya masih ada 30GB lagi!,serasa pake kartu MURAH, bukan masalah hp atau daerah, saya tinggal di KOTA, untuk harganya yg lumayan mahal SANGAT TIDAK WORTH IT!. tolong di perbaiki jaringannya 🙏🏻 Sudah saya restart hp nya sesuai rekom dri adminnya, TPI SAMA AJAAAA MALAH MAKIN BURUK!, bahkan sampe saya perbarui hp saya TPI JARINGANNYA MASIH SAMAA!, apakah ini masih kendala di hp saya?!, TOLONG, lebih diperhatikan lagi🙏🏻"
7,Daffa Adiba,5,2026-09-29 03:22:37,mntap
7,Weby Rama,4,2026-09-29 03:09:16,👍👍👍
7,iputu muhamad,1,2026-09-29 02:27:35,Sinyal jelek...harga kemahalan.
7,Abed Nego15,1,2026-09-29 02:20:26,gak ada bagus2 Telkomsel..jaringan hilang datang aja aneh.mending pindah ke xl
7,Aji Maulidiansyah,1,2026-09-29 02:17:02,kuota gw masih banyak woi sampai tgl 30 juga kok udah 0 aja
7,Bobby Purba,1,2026-09-29 01:59:30,"sinyal nya paling jelek sekarang...sudah 4 hari tidak bisa internet..saya beli paket yg baru lg ternyata tidak bisa juga,sinyal ny tidak seperti dulu..parah separah parah nya ini sekarang sinyal TELKOMSEL...lelet luar binasa...sudah harga paket nya mahal tp tidak sesuai dengan sinyal nya..."
7,Anton bule Anton,3,2026-09-29 01:51:06,sangat membantu
7,septiar noegraha,2,2026-09-29 01:47:55,beli kuota mahal mahal jaringan sering hilang atau jelek percuma nyesel pake Telkomsel
7,ovan kurniawan,1,2026-09-29 01:46:18,"kuotanya tambah mahal, tdk sebanding dgn kualitas sinyal yg sering lemot, dibandingkan dgn provider sebelah yg kualitas sinyalnya tdk jauh brbeda tp kuotanya murah..."
7,Cecep Syahrul,1,2026-09-29 01:42:25,"udh paket mahal sinyal jelek bnr"" minus"
7,Suryati 1,1,2026-09-29 01:38:37,"perbaikin lagi kualitas jaringan telkom nya untuk harga paket nya sekarang terlalu mahal,masa berlaku paketan/pulsa jd 28hari seharus nya masa aktif paketan 30hari, saya gk bisa ngajuin pinjaman kembali ditelkomsel"
7,Supandi Achmad,1,2026-09-29 01:38:04,"tiba tiba ke beli sendiri pake darurat engga ada keterangan beli ya / tidak, tau tau kebeli sendiri.. ko kesini tambah aneh Telkomsel seperti di paksa.. saya dah 7 tahun.. jadi kecawa di tahun ini.. dah anehnya lg sim card tidak kebaca di hp. hadehh..."
7,Reino zian,1,2026-09-29 01:27:10,payah payah masa masuk ngg bisa terus sangat jelek bnget
7,Aldaer Hilman,5,2026-09-29 01:22:53,ok
7,Riko Anjar,1,2026-09-29 01:12:13,"lemot banget aplikasi,mau beli Kouta aja muter terus,sampai kuota kehabisa"
7,Pengguna Google,1,2026-09-29 01:10:27,4G full tp klo buat game lag parah banget
7,Susi Hendra,1,2026-09-29 00:52:48,jaringan sering ilang beli Kouta mahal²
7,Mister Oke,2,2026-09-29 00:50:22,harga paketan nggak ngotak lebih murah paketan kartu sebelah
7,Ius Wr,5,2026-09-29 00:43:24,Pernah salah paham 😆 saya kira lemot ternyata emang ada batasnya sekalipun unlimited 🙏
7,Andrey Fabian,1,2026-09-29 00:41:24,lambat
7,Junika Hidayat,1,2026-09-29 00:40:06,"harga mahal, jaringan hancur, nyesal pakai kartu ini samai sekarang masih aja rusak ini jaringan, ga ada perubahan, kerja yg bener lah"
7,Achmad Kurniawan,5,2026-09-29 00:36:52,telkom asu
7,Valerio Sakha,1,2026-09-29 00:34:02,aplikasi itam ngeleg terus aku
7,Afif Cahyo,2,2026-09-29 00:29:32,Ni kenapa yaa aplikasinya d buka selalu keluar sendiri.. Trs gt tiap hari.. Tolong d perbaiki bug nya.. Lemoot luar biasa.. Sinyal tetep juara ne telkomsel
7,ANAK MUDA MILLENIAL,1,2026-09-29 00:19:52,"apa2an ini sisa kuota masih hangus, melanggar putusan mk"
7,Muhammad Solihin,1,2026-09-29 00:14:58,mahalnya aja jaringan gak stabil
7,Arga Hasiholann,5,2026-09-29 00:08:44,kuotanya bagus
7,Tarwin Keren,1,2026-09-29 00:01:27,sinyal internetnya hilang..parah
7,Merry Nur Isnaeni (Merry),1,2026-09-28 23:58:31,udah mah sinyal jelek mahal. kuota youtube ga bisa kepake. buka youtube yang kepake malah kuota reguler. gimana si najis banget sekarang. mau korupsi lu ya!
7,Aris Tiyan,5,2026-09-28 23:55:11,jaringan lagi eror gimana...kox gak bisa....
7,Fahri Imansyah,5,2026-09-28 23:53:29,"Mau kasih saran aja nih, Tolong dong yang sistem penukaran koin kalo ga bisa di cairin duit, harusnya bisa tuker Premium iqiyi,viu, sama Netflix jangan cuman vision + dan wetv aja, harganya beda²pun aku kalo cukup koinnya ku beli, kalo 500 koin untuk premium iqiyi sama viu 1.000 koin untuk premium Netflix aku beli intinya kalo ga bisa nuker duit, kan aku punya 5.000 poin di situ keterangan 1 poin 100 perak jadi totalnya 500ribu nah kalo ga bisa di cairin minimal tambahin bisa beli premium"
7,Muhamad Khomarudin,2,2026-09-28 23:46:42,"kenapa sekarang paketnya makin mahal tapi kuotanya makin sedikit, tolong dong Adain lagi paket yg 25k 14hari kuota 23gb"
7,Redmi Note14,1,2026-09-28 23:38:46,Mau beli paket pun susah... Hrs loading
7,Hari BIGEN,3,2026-09-28 23:30:18,paket sangat mahal disini
7,Handy Sugandy,2,2026-09-28 23:18:18,sekarang sinyal internet makin jelek
7,Ma Man,5,2026-09-28 23:11:14,sangat memuaskan
7,Mario wangga,5,2026-09-28 23:06:02,bgusss
7,Yani Rambe,1,2026-09-28 22:59:08,aplikasi selalu force close ketika mau di buka
7,Pengguna Google,1,2026-09-28 22:51:14,paket internet saya kenapa tidak bisa di gunakan Telkomsel maling
7,Ferdian,5,2026-09-28 22:40:31,jaringan telkomsel memang lah sangat lemoooooot dikota saja ber ulang ulang kali macet. tampa ada hujan ada angin atau pun petir jaringan telkomsel sangat lah buruuuuuk.... cuma cari keuntungan saja......
7,taqi udien,1,2026-09-28 22:17:40,"server burik masa udah pake wifi masih ada halaman masih gak bisa dimuat kalo server gak kuat gak usah sok sokan bikin aplikasi udah sinyal lemot aplikasi burik gak pernah update gak ada optimalisasi lagi tolong lah aku dah beli di aplikasi gopay masak gak ke detect sama aplikasi my telkomsel masa cuma mau buat beli paket data ada tulisan""terjadi kesalahan silakan coba lagi nanti"""
8,Atsila Varisha,5,2026-09-28 22:13:52,ok
8,Bandi Rus,1,2026-09-28 22:11:10,"Aplikasi tambah berat dan lelet. mau transfer pulsa dah 3 hari tidak bisa messagenya system sedang sibuk trus. sekarang dicoba lagi malah tambah parah. mau transfer tapi kode OTP tidak muncul. 👎👎👎. Udah Clear cache, clear data, login ulang, kirim ulang OTP berkali-kali tapi tetap sama.. kode OTP tidak ada di SMS."
8,Muhammad Said Zubair,5,2026-09-28 22:11:08,good
8,Muhammad Fadholi,3,2026-09-28 22:09:51,tambah lama tambah mahal beli paket disini
8,akhmad arafah,1,2026-09-28 22:01:49,"harga paket mahal, aplikasi lemot, jaringan ilang ilangn, gk sesuai lah pokoknya"
8,Irwan Wijaya,5,2026-09-28 21:46:45,good aplication
8,Choga 78,5,2026-09-28 21:37:52,lebih cepat
8,Ardi Dinor,5,2026-09-28 21:37:33,baguss
8,Asep,1,2026-09-28 21:24:29,"aplikasi dongo ribet, yang ngoding dongok banyak bug"
8,Tanah Paser,5,2026-09-28 20:20:51,keren
8,Alahan 123,5,2026-09-28 20:00:54,mantap
8,Hilmy hoc,1,2026-09-28 20:00:39,no saya ke HACK di apk ini bejat
8,Dimmy Watch,1,2026-09-28 19:48:25,"harga paket tidak menentu, sudah beli paket internet terlalu sering malah jumlah kuota dikurangi tapi dengan harga yang sama. sinyal juga kadang lemot, ini sangat tidak sesuai dengan yang diharapkan"
8,danuindo steel,5,2026-09-28 19:25:45,good job My Telkomsel
8,Zheyenkcun06,1,2026-09-28 18:54:25,harga paket mahal tapi internet lelet. kalah sama produk kartu internet sebelah . dari sekian lama ku coba beli lagi internet nya ternyata tetap sama engga ada perubahan. sangat rugi membeli kuota internet yang 60Gb
8,D. WAHYUDI,1,2026-09-28 18:46:11,kualitas sinyal dalam kota semakin buruk aja simpati
8,mojang style,1,2026-09-28 18:41:39,burukkiiikkkkkkkkkkk jelekkkk lemoooot anj
8,Bandung Sulistyawan77,5,2026-09-28 18:24:19,kenapa sinyal saya hilang saat ini
8,Guntoro Kurniadi,1,2026-09-28 18:16:55,"pelayanan Sekarang jelek,gag kayak dulu.....payah Telkomsel"
8,Al Gazali,5,2026-09-28 18:08:53,mntap
8,Fahreza Sinambela (REZA),5,2026-09-28 17:47:32,👍🤝😘
8,Fauzi Ahmad Effendi,1,2026-09-28 17:33:43,jaringan apalah ini kecewa x aku sama Telkomsel ini. main game sekarang putus putus ping nya. main ml aja kek gtu. apalah kau Telkomsel makin buruk aja performa mu. cukup bulan ini aku pakai Telkomsel. kecewa berat aku
8,Jeffry Josafat,1,2026-09-28 16:48:32,entah apa yg di pikiran Telkomsel harga kuota internet semakin tidak ngotak. sinyal sering hilang-hilangan. apa gunanya promo malah makin tambah mahal? sepertinya Telkomsel selama masih banyak pakai kartu Telkomsel mereka tidak akan peduli apa yang kita keluhkan. bagi yang baca ini lebih baik menjauh dari Telkomsel deh dah tidak bagus seperti dulu. makin muak sama kartu Telkomsel.
8,lukman harun,1,2026-09-28 16:47:50,awas skill issue nih aplikasi. mau beli paket data dengan harga 41.500 pas mau bayar tiba2 leg trus ada tulisan coba lagi. entah apa yg terjadi gw lngsung log out ulng dari apk tiba2 hargaya beda jadi 46.000. dan gw ada ssnya min
8,Andi Suhendra,1,2026-09-28 16:44:34,min.. ayo dong di bagusin lagi jaringannya. kalau di rumah lelet banget. apalagi kalau udh jam di atas jam 11 malam di kamar.. ampoon kali
8,Muslimah Mus,5,2026-09-28 16:38:03,bagus mempermudah pembelian paket
8,Pepy Jeff,1,2026-09-28 16:32:17,tinggal di kota mataram sinyal telkom lelet bngtt stiap bulan bli yg 100 gb smga kedepannya sinyal telkom tidak buruk kalau ada peningkatan jngnka b5 b1000 aku kasi
8,Muhammad Dwi rama dani,1,2026-09-28 16:32:16,"apasih jaringan suka ilang ilangan, udah harga paket mahal, kalo mahal jaringan bagus oke lah ini udah mahal suka ilang ilangan"
8,Fadil,5,2026-09-28 16:30:31,bagus
8,Noldy Tumanken,5,2026-09-28 16:19:28,mantap
8,Ocid Nababan,2,2026-09-28 16:15:24,TelomselKontol.. Sinyal Makin Hancuurr.. Parahhh nyesal pakai simPATI yg gak jelas
8,Nofri Yandoni,1,2026-09-28 16:05:20,paket semakin lama semakin mahal & jaringan tidak bagus
8,Iwan Iwan tea,1,2026-09-28 15:58:25,"sinyal ny makin jelek,d kota jelek, apalagi d pelosok"
8,AFISRMX,1,2026-09-28 15:56:47,"buat apa paket mahal kalo buat game nge-lag, beli mahal² sinyal gajelas, kecewa benar"
8,Dora Emon,5,2026-09-28 15:55:06,sangat membantu
8,17% Aja,5,2026-09-28 15:53:17,ok banget
8,nur wahyu effendi,1,2026-09-28 15:43:14,"aplikasi nya beraaat,kebanyakan fitur"
8,M.farhan Arifandi,1,2026-09-28 15:36:07,"Tolonglahh harga kuotanya mahal tapi kualitasnya masih naik turun, tiba tiba ngelag, ilang sinyal, tolonglah untuk Telkomsel jangan kecewakan pelanggan dibenerin lagi"
8,Akso Robis,2,2026-09-28 15:25:39,"Katanya tier gold dpat priorotas,tapi apa jaringan kayak taik,mending ganti kartu aja jgn ada yg pakai telkomsel lagi,harta selangit sinyal sulit"
8,Bambang Sj,5,2026-09-28 15:22:55,sangat baik
8,Ari_ kecil,1,2026-09-28 15:21:31,"sinyal jelek banget kalau limitau 2 GB sehari buka youtube 780 MP aja kaga kuat nonton live youtbe ngadat parah jgan cuma mahal perbaiki lah, kalau kaga nyangkut ama M Bangking dah ku ganti nii kartu ke provider kartu 3 aprah parah"
8,kamarku surgaku,1,2026-09-28 15:17:28,"maaf kenapa kuota masih banyak tapi sudah hangus,mana kebijakan dari pemerintah yang sudah disahkan? di iM3 saja ada pilihan masa aktif sampai 90 hari tu"
8,Kin Sodikin,1,2026-09-28 15:15:47,mantap
8,muhammad mukhlis,1,2026-09-28 15:07:59,"telkomsel jelek, harga kuota mahal untuk main game lemot, masih bagus pake axis"
8,frendi afriyanto,1,2026-09-28 15:06:55,jaringan busuk harga kuotanya aja yang mahal jaringan busuk sedikit sedikit ngelag sedikit sedikit merah kalau lagi main game
8,Gunawan armany,1,2026-09-28 15:03:07,"skrg pake telkomsel tambah lama bukan bgus.,beli paket kuota mahal, jaringan nya buruk ,sy tinggal dikota jaringan dalam sebulan ini buruk, pake axis masih mendingan.,masalah jaringan y harus diutamakan telkomsel klu tdk ganti bidang aja perusahaan klian jgn rugikan konsumen udah buat paket tp tdk bs di gunakan itu sngt merugikan,dan mata pencaharian pun jg hilang"
8,Rino Zatra,1,2026-09-28 15:03:02,"masih di bintang 1. jaringan nya butuh spot2 tertentu pula supaya browsing nya aman dan nyaman. biaya mahal, paket data tersisa lenyap begitu saja kalo pakai kartu halo... bagaimana ini telkomsel tangggapan nya. komen dunk dan perbaiki kualitas jaringan nya. jangan hanya paket aja dinaikkan harga nya kualitas jaringan bantu perbaiki juga..."
8,imam Setiawan,2,2026-09-28 15:02:05,paketanya mahal mahal
8,Mohammad Gifari 060,1,2026-09-28 15:00:32,"burik banget ni jaringan,udh bayar mahal2 jg"
8,ICE CREAM TV,1,2026-09-28 14:52:49,"ini beli paket udah 2 x kok ga masuk² ya. saldo udah keluar, tapi di my telkomsel pembelian gagal. apakah ini penipuan?"
8,Ahmad Rifai,5,2026-09-28 14:52:36,sangat puas
8,Nadia Azula Syam,1,2026-09-28 14:39:55,kartu as sdh gk bs pake aplikasi ini y? sy log in gk bs2
8,MazzDa,1,2026-09-28 14:39:26,harga semakin mahal. sinyal semakin buruk
8,Natiran Natiran,5,2026-09-28 14:26:09,mantap
8,Assna muck,3,2026-09-28 14:24:31,sangat cocok
8,Dian Andre,1,2026-09-28 14:19:57,"jaringan buruk, merugikan konsumen"
8,monkey D Luffy,1,2026-09-28 14:18:37,aplikasi lemot
8,Mohammed Al-rasid,5,2026-09-28 14:18:14,beli paket makin gampang
8,Aa Aciel,1,2026-09-28 14:16:08,aplikasi berat berasa rendering grafik tinggi masum pembayaran blank putih promo=non promo
8,Lusi Laia,4,2026-09-28 14:15:35,sangat bagus
8,Azzam Zam,5,2026-09-28 14:11:53,sangat baik tetapi terlalu mahal
8,Syifa Azzahra,1,2026-09-28 14:09:16,Di Stasiun Manggarai gada sinyal sampai ke stasiun Bogor sinyal susah. Hadeuh 🫩 .. paketan paling mahal. tapi kualitas nya kurang oke.. tolong dong sadar Napa jangan dikantor doang kerjanya. cek lapangan keliling tu mana yg sinyal nya bapuk..
8,Suratmanputra,1,2026-09-28 14:08:44,"singkat aja, sinyal nya nge drop terus, paketan juga tergolong tinggi harganya. sama 1 lagi, tolong langsung direpair, jangan minta ulasan langsung dulu."
8,Kaito Jer,1,2026-09-28 14:07:26,"terimakasih atas pengalaman yang tidak memuaskan, tolong agar jaringan anda dapat lebih baik dalam beroperasi karena jaringan anda sangat buruk dan salah satu yang terburuk, saya mungkin akan menyesali menggunakan Telkomsel,Terima Kasih"
8,Aljuna Dwinerin,4,2026-09-28 14:01:34,lebih mudah dan cepat
8,Yoga Priantoro,1,2026-09-28 13:59:11,"harga makin mahal, gak bisa bersaing. kebanyakan korup !!!"
8,ganz midmid,1,2026-09-28 13:47:56,"menara paling banyak, sinyal paling hancur, hadehh"
8,Hzhs Hshs,5,2026-09-28 13:47:30,ok
8,febry sandi,1,2026-09-28 13:47:12,sangat baik
8,Su Wito,5,2026-09-28 13:45:17,puas
8,Bhewok,1,2026-09-28 13:45:08,"jaringan lelet, paket mahal."
8,Sumadi Putra,2,2026-09-28 13:42:00,"pket dat nya makin lama makin mahal,pagi di beli tambah mahal"
8,Abin 925,1,2026-09-28 13:41:00,kuota mahal sinyal lemot
8,surianti ynti,2,2026-09-28 13:36:25,gaguna sering lag bnyk update lagi
8,Cio Mauritz,1,2026-09-28 13:34:26,belasan thn jadi pelanggan setia telkomsel. ko makin parah harga paketan nya makin mahal 👎👎👎👎👎
8,Adithya Sukma,1,2026-09-28 13:33:35,"tau kntl? iya kntl bapakmu, udh mahal, kikir, jaringan busuk tiap malam"
8,Luluq Ayu,2,2026-09-28 13:33:31,"APALAH UDAH HARGANYA MAHAL, PROMO PUN GA BISA DI BILANG PROMO, KIKIR SIAL, SEKARANG APK NYA MALAH ERROR, STUCK DI METODE PEMBAYARAN PADAHAL KEMARIN KEMARIN LANCAR"
8,Tai Oilat,1,2026-09-28 13:33:01,"Telkomsel tolong jaringan nya di perbaiki soalnya jaringan nya lag parah,percuma beli kuota mahal-mahal tapi nglag"
8,Muhammad Furqon kusumo,3,2026-09-28 13:31:41,sampah makin jelek aja N mahal pula
8,Muhammad Rizqi,1,2026-09-28 13:29:34,kagak ngotak jaringan ngeleg pas timnas main cok
8,Kaido,1,2026-09-28 13:29:15,Kalau di dalam gang susah sinyal beda kaya Telkomsel dulu lancar makin kesini makin parah amat sich sinyal dulu di rumah dalam gang masih lancar sinyal nie susah amat udah mahal lagi paketan nya Payah
8,Puja Elphajar,1,2026-09-28 13:13:18,sangat sangat sangat lelet
8,M iklas Hariyadi,1,2026-09-28 13:05:51,mahal2. jaringan jelek. promo dah gak ada
8,Bawuk Sugiyono,2,2026-09-28 13:05:15,setiap ada notifikasi saat dihapus muncul lagi bosen ngehabisin notifikasi nya
8,bismillah semoga bisa,1,2026-09-28 13:02:13,"bodoh tsel sinyal busuk harga paket naik, harga paket gak sesuai sama jaringan, padahal saya di perkotaan loh masih ada drop jaringan nya, giliran nyuruh buat dm sosmed tsel yang jawab malah Bot Ai jawaban sama terus"
8,Adi Ncek,1,2026-09-28 13:00:53,aplikasi super buruk jelek dan gak layak d gunakan.babi memang
8,Rampak Wijaya,1,2026-09-28 13:00:16,"beli paket mahal"" pake main game nglag mulu ajng mending ganti pake yang murah sekalian"
8,Namu Rencar,1,2026-09-28 12:57:41,kurang bagus
8,ade indraputra,5,2026-09-28 12:53:56,mantap paketnya tlong dimurahkan lagi harganya
8,Rofik Wahyudi,2,2026-09-28 12:52:25,semakin lama semakin lemot
8,Rafvi Ramadhan idris,1,2026-09-28 12:51:57,paket mahal jaringan lambat woakeoak
8,zodiak dic,1,2026-09-28 12:50:50,jaringan tidak bagus dan harga paket internet mahal
8,Firman Syah,1,2026-09-28 12:49:57,katanya nomor otpnya dikirim ke whatsapp. kok gak Masuk-masuk ke nomor whatsapp saya? ini tolong ditindak lanjuti untuk masalah ini?!!
8,Yusuf Farhan,1,2026-09-28 12:48:28,jaringannya kenapa si
8,Nur Ali Nurlette,5,2026-09-28 12:46:57,sangat bagus
8,Christy Gracia,1,2026-09-28 12:42:54,"mau beli paket kuota aja dipersulit , provider sampah, kuota mahal jaringan lelet kalau hujan. giliran mau beli loadingnya ampun . beli via qris *123# juga ribet banget heran."
8,Acmad Asis,1,2026-09-28 12:38:22,sinyal nya naik turun terus
8,Anton saputra,3,2026-09-28 12:37:09,trimakasihhh kerja sama nya
8,Fadilurahman 098,1,2026-09-28 12:35:49,sinyal jelek harga mahal ga sesuai bgt
8,Febri Syahfitri,1,2026-09-28 12:34:56,lama kli proses pembayaran loding trs ga selesai'
8,teofilus sianipar,1,2026-09-28 12:25:32,jaringan mu buruk!!!
8,Andy Idris,2,2026-09-28 12:24:53,knp kuota sy tetap hangus
8,Raii Kagenou,1,2026-09-28 12:19:35,aplikasi lag jaringan lag dari dulu gak berubah berubah malah makin parah
8,Adi Romi,1,2026-09-28 12:18:47,puluhan taun pake Simpati. tapi jaringan makin kesini makin lemot eror sibuk dll. Ga bisa buat buru buru.
8,Ilham afra,1,2026-09-28 12:17:34,mahal doang main game lag
8,Fifi Alisma,1,2026-09-28 12:16:55,eror Mulu ga bisa login akun
8,rahmat siregar,1,2026-09-28 12:13:43,semakin beli paket internet dengan kuota besar kok semakin tidak bagus jaringannya. Ada apa ini..
8,Yusron Abdulaziz,1,2026-09-28 12:12:41,"masa hampir tiap bulan harga paket yang jumlah paketnya berkurang sementara harga tetap(mahal) mending pindah provider,ni kartu dah GK bersahabat!!!"
8,Muhammad Daffa,4,2026-09-28 12:11:31,paket telepon nya mantap . sgt bermanfaat utk wilayah yg jaringan internetnya sulit Krn tinggal jauh di wilayah pedalaman . di tengah lembah antara 2 gunung yg tinggi .
8,Patar tampubolon,5,2026-09-28 12:10:06,bagus
8,Pardamean Hasibuan,1,2026-09-28 11:51:12,kok semakin sering kubeli paketnya makin mahal yh kecewa pake Telkomsel
8,anas patoni,5,2026-09-28 11:48:24,jos
8,Jumran Suprianto,1,2026-09-28 11:46:55,paket saya masih byak tp ttp hangus kalau memang paket lama bisa di perpanjang tolong ksih fitur buat beli paket yang sama dan di pemudahkan biar semua pham
8,Jeck Mrb,5,2026-09-28 11:42:05,mantap
8,Azure,1,2026-09-28 11:41:54,Woi lah Napa di gw pas verifikasi wajah susah sekali dan selalu eror untuk registrasi E SIM saya
8,DITZ Kroco,5,2026-09-28 11:35:53,"mantap telkikir paket makin lama makin mahal, jaringan sering lag, semangat 🤭"
8,Tibra Jep,1,2026-09-28 11:29:49,harga kikir mahal kualitas buruk mending gw pake Indosat aja
8,Holis Insani,5,2026-09-28 11:29:46,lumayan bagus 🫰🫰🫰
8,Sando Sandoa,5,2026-09-28 11:23:28,bagus
8,Naumy 1819,1,2026-09-28 11:23:27,"ampun sinyal Telkomsel terburuk dr yg lainn,,, mahal doang"
8,DAVIN SATYA ILHAMSYAH,1,2026-09-28 11:23:18,kuota telkomsel makin lama makin lemot dan jarang ada sinyal
8,Rahman Kurniadi,1,2026-09-28 11:18:41,"parah nih telkomsel, uda paketnya mahal, jaringan gak ada bagus²nya, ya cemana la, BUMN pulam yg urus,"
8,DARMANTO D,4,2026-09-28 11:16:49,ok
8,Basri Dg.ngalu,5,2026-09-28 11:15:14,👍👍👍
8,Debi Saputra12,5,2026-09-28 11:10:14,makasih mas
8,andinaboy,1,2026-09-28 11:03:40,jaringan ampas gak sesuai sama harga kuota saran ganti providers ke XL aj
8,Wandi kanagawa,5,2026-09-28 11:01:42,sangat puas
8,Arif Kurniawan,1,2026-09-28 10:57:53,Gajelas. nomor tidak ditunjukkan saat pembelian paket. beli kuota buat nomor 2 malah kebeli buat nomor 1.
8,Wiwid Dwi,1,2026-09-28 10:56:07,Aplikasi paling cacat!
8,Roha Yani,1,2026-09-28 10:53:16,"harga kuota mahal dan sinyal ngelag, kalo solusinya restart hp sama aja tetep gabisa percuma kasih saran"
8,Syamsul Arifin,1,2026-09-28 10:50:32,"aplikasi lemot, lelet, gak guna!! tidak ada kemajuan, masih berat, lemot, loading super lama, sekelas telkomsel kok payah sekali"
8,Fajruddin Basri,1,2026-09-28 10:38:56,Telkomsel ❌ Telpelit. ✅
8,SUYAN ANTO,1,2026-09-28 10:38:00,jelek
8,R U P,1,2026-09-28 10:25:58,"paket data masih ada 50 gb, tapi masa aktif paket tinggal 5 hari, yg gua sering temukan klo masa aktif paket udah tinggal seminggu, kenapa jaringan nya sering lelet? padahal sisa paket yg bakal hangus masih banyak, ini sunggu merugikan konsumen."
8,Melati Purnamasari,2,2026-09-28 10:20:06,"Kenapa sih sekarang telkosel nyebelin gak kaya dulu, udah sinyal gak sekenceng dulu, ilang²an terus, kuota juga makin mahal, udah mahal masa waktu cuma 28hari udah gak sebulan. kalau kouta masih banyak juga masa aktif abis ya hangus. mau ganti kartu tapi nomor ini udah lama dan udah nyangkut di semua apl. 😑"
8,ridwan71 wibowo,1,2026-09-28 10:17:35,signal sering blank walaupun di sby dan paketnya mahal
8,Yulao Zeg,1,2026-09-28 10:16:49,paket mahala data cuma sedikit kocqkk
8,Yt Jami Clans BT,1,2026-09-28 10:11:06,"aplikasi sangat jelek, jaringan sangat lelet, kalah dari xl, beginilah kalau di isi orang orang tidak kompeten, tidak ada inovasi, perkembangan, hanya semakin menurun kualitasnya dari waktu ke waktu"
8,Lisa Sayang,2,2026-09-28 10:00:08,sekarang paketan semakin mahal dan sinyal semakin jelek
8,Cima Rorr,5,2026-09-28 09:57:15,sngat baik
8,D Y H,1,2026-09-28 09:19:20,"yang penting harga mahal, urusan sinyal jelek no 10"
8,Gani Suki,1,2026-09-28 09:14:26,jaringan tahi
8,iduwar iduwar,5,2026-09-28 09:04:42,berhasil
8,Zulfikar,1,2026-09-28 09:00:23,"harga kuota gak masuk akal,, ngeri memang kartu lintah darat ini"
8,William Bautista,1,2026-09-28 08:58:40,"jaringan lemot, paket internet makin hari makin mahal"
8,Agustian boyan,1,2026-09-28 08:50:54,paket internet harga mahal..
8,Ujin Ujin,1,2026-09-28 08:35:04,paketnya mahal²
8,Kacang Goreng,1,2026-09-28 08:23:51,paketnya mulai mahal.mending pindah ke kartu lainya aja dah
8,Halif Muhammad,1,2026-09-28 08:18:09,kecewa banget pake Telkomsel. lag parah hilang Mulu jaringan internet nya. ga rekomendasi dah pake Telkom sekarang buat kalian.. padahal gua tinggal di Tanggerang tapi jaringan internet nya kek di Papua.
8,Rifqi Jaeni Saputra,1,2026-09-28 08:16:01,"gaguna, setiap kli dipake maen game malah lah mlu"
8,ahmad kabir,5,2026-09-28 08:06:57,Alhamdulillah bisa juga bantu orang lain
8,Erni Ndruru,1,2026-09-28 08:03:12,"kuota harga mahal² jaringanny lelet, hilang DLL, T ini lama2 ga guna, beli paket harusnya satu bulan, sdh jadi 28 Hari🤨 mau cepat kaya ni T, beralih ke 3 aja yoooooooooooooooooo"
8,Akhmad Khoirun,1,2026-09-28 07:58:39,jaringan bangs*t
8,sulung basuki,5,2026-09-28 07:48:36,KALAU TIDAK PAKAI JARINGAN TELKOMSEL SENDIRI APLIKASI TIDAK BISA DIBUKA.
8,Chandro Dedi,1,2026-09-28 07:39:48,"mengecewakan, udahh terkumpul 25 stamp mau klaim 4Gb, 3Gb, 2Gb, 1 Gb dan 500Mb gak bisa di klaim. Malahan yang 50Mb, 100Mb dan 200Mb yg bisa diklaim dasar penipu dan mau menang sendiri"
8,Adhitya Sanjesch,1,2026-09-28 07:35:05,"dia yang punya jaringan, tapi aplikasinya paling burik, lemot parah, udah harga paling mahal pula.., masa buka aplikasi telokmsel pakai jaringan telkomsel susah benar, kyk T*i"
8,Putra Pribadi,5,2026-09-28 07:31:33,tidak bisa di buka lelet
8,Kiki Ancanae,5,2026-09-28 07:18:57,sangat bagud
8,Mudin Rambe,5,2026-09-28 06:48:04,sangat menyenangkan
8,Darsono Darsono,5,2026-09-28 06:46:30,"Aplikasi suka eror..., mau checkin aja susah..., malah gak bisa."
8,GALIH NYEL,1,2026-09-28 06:43:17,harga nya tidak ngotak untuk pelajaran
8,Michael AldySk,4,2026-09-28 06:42:35,"agak mendingan untuk app, tp msh suka laging. tingkatkan lagi.. dan bnykin promo"
8,dafid ekariandi,3,2026-09-28 06:40:49,jaringan lu peebaiki dah sering ilang mulu jaringan
8,anto Anto,1,2026-09-28 06:40:07,ini aplikasi semakin kesini semakin lelet responnya... buat lah aplikasi yg enteng dan simple..
8,Nurman Clasher,1,2026-09-28 06:35:52,"aplikasi lemot, beli kuota aja di bikin lambat"
8,Keling,1,2026-09-28 06:26:03,"Makin lama makin tidak jelas, susah dan tambah berat aplikasinya"
8,Oppo Nazar,1,2026-09-28 06:21:55,apaan ngelag asw
8,F • S OFFICAL,5,2026-09-28 06:16:08,terbaik
8,Multi Merangin,1,2026-09-28 06:13:03,APP BERAT PAKET MAHAL KONEKSI PALING LEMOT dimana mana
8,Arc Gallery,1,2026-09-28 06:11:55,kenapa tampilan tidak bisa dengan tulisan MAAF TERJADI KESALAHAN DAN SILAHKAN MEMUAT ULANG ATAU KEMBALI LAGI NANTI. selalu seperti itu saya masuk pakai akun Indihome. dan tidak bisa dipakai aplikasinya
8,Cahyo Gemilang,1,2026-09-28 06:05:34,"coba lagi beli kuota telkomsel berharap sudah ok jaringan,gak taunya masih sama aja hadeh...."
8,Feberianusdominic Hulu,1,2026-09-28 05:53:41,gila lama² harga paket Telkomsel sudah tenor 28 hari lagi paket masih banyak di kamanakan itu paket yg blm terpakai masa ia hangus... bolak balik masuk keluar mulu makin gk jelas
8,Edy Putra Bungsu,1,2026-09-28 05:53:07,sekarang kartu sakti nya sudah hilang... paket nya udah mahal semua... ngk kayak dulu...
8,purnomo nomo,1,2026-09-28 05:51:50,"jaringan jelek kaliii..!!!! perbakilah internet kalian telkomsel,,dh harga paket nya mahal,,jaringan gk pulak bagus,,kocak kaliannnnn😡🤬🤬🤬"
8,Dedek Mike96,5,2026-09-28 05:42:36,"mahal doang,sinyal empot-empotan. tidak sesuai dengan iklan nya,.bintang 5 biar yang lain tau buruk nya telkomsel"
8,Tommi Kaligis,4,2026-09-28 05:34:31,bagus banget
8,Ishak Pakih,1,2026-09-28 05:11:37,"parah skrng telkomsel,,,apalagi sinyal,tambah parah,saya pengguna telkomsel berpuluh puluh tahun,sangat kcewa sama telkomsel skarang,,,,"
8,roma dhony,2,2026-09-28 05:07:14,"salam telkomsel,,tlong dong untuk kuota videomax d hilangkan saja karena sama sekali tidak berguna d ganti saja dg kuota 3G atau 4G malah lebih bermanfaat,,trimakasih"
8,SENZU GAMING,1,2026-09-28 05:07:13,"gila harga paket makin ke sini makin mahal sinyal kadang ngilang lagi di gondol maling ,apa mnding ganti kartu aja ya sangat mengecewakan"
8,Fuat Pasaribu,5,2026-09-28 05:05:38,bagus
8,Arr [ stellar ],1,2026-09-28 04:56:17,sinyal burukk
8,Nyong Bae,5,2026-09-28 04:49:57,oke
8,Hudan Faqih,1,2026-09-28 04:48:24,"jelek bgt jaringannya, nyesel bgt pake telkomsel"
8,Maya Kui,2,2026-09-28 04:48:01,"Please improve the Telkomsel network in North Maluku, for example in the villages the network is difficult, thank you."
8,abdul Muin,1,2026-09-28 04:43:48,"sekarang lemot, gak bermutu ,. sampah!harga paket mahal .🤮"
8,Oda Nobunaga,1,2026-09-28 04:40:28,"Hebat, dari bintang 5>2>1, Kualitas sinyal internet Telkomsel makin hari makin buruk, udah 3 hari lag Mulu dari pagi sampai malam, lancarnya di jam 12 malam doang, disuruh begadang kali yak, dan kali ini bener bener kecewa banget, lagi ada kerjaan sinyal Telkomsel gabisa digunakan, hitungannya rugi dong beli Kouta harga 200K/28 hari udah bertahun tahun pakai Telkomsel dan selalu begini, setiap chat CS Telkomsel disuruh restart hp/mode pesawat ampun dah"
8,San 4your,2,2026-09-28 04:35:52,"ini kenapa dah perasaan udh dicancel langganan google play lewat pesan malah di spam tagih trus, pas diliat gda langganan hdeh rugi pulsa gw dipotong mau buat beli kuota. klo bisa adain fitur konfirmasi klo apk atau bayaran lain pake pulsa sebelum diambil langsung"
8,Andika yuana,1,2026-09-28 04:27:59,lemot
8,Ihsanul Hikmi Pratama,1,2026-09-28 04:27:54,"Ini gimana sih telkomsel begini amat? dari layanan halo, indihome, indibiz, makin parah. wifi kantor selalu LOS. sangat merugikan kantor saya. jawabannya selalu template. jaringan makin kesini makin lemot parah. bayar mahal mahal tapi dpaat pelayanan seperti ini. kecewa kali udah 😡"
8,Rafli Pratama,1,2026-09-28 04:24:34,"woy telkomsel gila.. apa apaan lu, maen potong pulsa tanpa sepengetahuan. maen potong aja pulsa orang dari 10.000 menjadi 1.120. potongan 3x 2.220, pelayanan digital. apa apaan lu"
8,Noub TM,1,2026-09-28 04:17:57,di kota sinyal nya busuk banget kadang ada kadang ilang harga makin isr@el aja dih maruk maruk
8,Apritamma Laputra,1,2026-09-28 04:16:14,"parah sih, ga konsisten, harga makin mahal, isi paket malah makin di kurangin. dri 10 gb 20 ribu, malah jadi 8 gb 25 ribu. rakus banget anjg"
8,Ahmad Safii,5,2026-09-28 04:08:45,mantull
8,Korneliyus Yus,3,2026-09-28 04:07:20,"jangan lupa 28 sep 2026 ini min, putusan pengadilannya😘"
8,muhammad sarju,5,2026-09-28 04:06:13,sangat bagus dan membantu membeli paket dengan mudah
8,Sofyan Hasibuan,1,2026-09-28 03:59:17,mantap
8,Irpan Maulana,5,2026-09-28 03:55:49,mantap
8,budi pranata,5,2026-09-28 03:55:43,tlong kepada Telkomsel kalau msh byak sisa adakan fitur untuk perpanjangan atau suruh bli pket yg sma biar pke kmi bli tidak sia sia
8,Alifa Aprilia,2,2026-09-28 03:48:44,kenapa sih jadi ga bisa kebuka aplikasinya
8,Supratman Sitorus,2,2026-09-28 03:48:15,sekarang jaringan telkomsel buruk
9,rudi hartono,1,2026-09-28 03:46:56,"saya sangat sadar dan semang hati memberikan bintang 1 untuk Telkomsel yang telah menjadi provider seluler terburuk.. dengan kualitas sinyal yang buruk, pelayanan perbaikan nya ga ada, punya kuota berasa ga punya kuota.. kalian mending beralih k 3 atau XL gaess.. udh banyak d korup ni perusahaan"
9,sulaiman,1,2026-09-28 03:44:17,kuota nya aja yg mahal sinyalnya lemot
9,Hendri Haryanto,5,2026-09-28 03:36:59,baguuss..
9,Muhamad Imam,1,2026-09-28 03:25:22,"makin lama makin busuk jaringannya,mana harga mahal pula"
9,Tumbur Munthe,1,2026-09-28 03:23:51,"pelayanan buruk. tolong ganti takeline nya ""melayani dengan sepenuh hati "" udah 5 hari belum ada tanggapan darin teknisi aek kenopan labuhan batu utara... buruk pelayanan dan tagihan gabisa telat semenit pun.. tolong diperbaiki jaringan dan sistem kamu... agar masyrakat mrlapor dan laporannya tidak tergantung di CS.."
9,Ani Setiawati,5,2026-09-28 03:08:20,membantu sekali dan jauhh lebihh hemat
9,Deabby,3,2026-09-28 03:00:37,"giliran tagihan ga boleh telat, sedangkan perbaikan selalu telat 😡 menghambat pekerjaan"
9,ayayaru,1,2026-09-28 02:55:45,"harga semakin tidak masuk akal dan jaringannya selalu tidak stabil. sudah tidak sebagus dulu, mohon ada perbaikan. jika seperti ini terus, sepertinya lebih baik memakai kartu lain yang masih bisa dibilang terjangkau tapi cukup bagus jaringannya."
9,Rassya praditya,2,2026-09-28 02:46:31,"beli 15 gb tapi ngelag ngelag, dari awal sampe akhir geme masi aja jumping buat jalannya"
9,Areegu Afkar a,1,2026-09-28 02:34:03,beli mahal mahal sinyal gk ada apa apaan susah banget padahal di kota haduh
9,Sangu Akeul93,1,2026-09-28 02:16:07,"jaringan Telkomsel paling buruk, tinggal di perkotaan, jaringanya lemot, beli paket percuma mahal2. pakai provider Indosat sama Axis lebih kenceng jaringanya ditambah murah2 beli paket datanya"
9,Junispatrik Siahaya,5,2026-09-28 02:11:03,bagus
9,Boga Aing,1,2026-09-28 02:09:20,"saya claim reward extra gembira 2GB kok ga masuk ya paketannya, padahal di halaman extra gembiranya sudah terclaim, aneh banget dah,,,kalo emang ga bisa atau ga mau di claim pengguna hapus aja options claim rewardnya"
9,Disky Arinda,1,2026-09-28 02:09:08,"1 aplikasi 2 nomor, isi quota untuk nomor yg 1 tp masuk ny ke nomor yg 1 lagi, kok bisa? mohon ui nya diperbaiki klau sudah pilih nomor ya nomor tsb lah yg harusnya terisi quota."
9,Nazril Ramadhan,5,2026-09-28 02:05:20,"sangat membantu,dan lebih mudah..harga juga terjangkau.sudab mulai tahun 2004 hingga sekarang pelanggan tetap Telkomsel."
9,Roni Usman,1,2026-09-28 02:05:16,apk lemot mau beli paket aja loadingnya lama banget
9,Habib Yanuar,1,2026-09-28 01:44:30,"aplikasi gajelas masak mau ngisi buat nomer ke 2 masuknya malah ke nomer ke 1 sampe 3 kali gitu terus, sistemnya kacauuuuuu"
9,Wahyu WM,1,2026-09-28 01:35:43,"Aplikasi gak guna, susah diakses 🤗😘"
9,Alea febrian Alea,5,2026-09-28 01:32:35,sangat membantu
9,agus triyanto,1,2026-09-28 01:26:41,sisa kuota saya kemana ya..?? kata undang-undang sisa kuota akan di akumulasikan di masa aktif berikuatnya.. ko' punya saya tetap NOL kuota ketika mas aktif habis..
9,Bayu Aji,1,2026-09-28 01:23:34,"pelayanan jelek, harga makin mahal. dan aplikasinya sering bermasalah"
9,Zudha Fahrurozi,1,2026-09-28 01:20:30,srring melambat
9,Afdal Ridho,1,2026-09-28 01:13:30,"Telkomsel b*bi, mahal mahal kuota lu bangs*t"
9,Adi Tya,1,2026-09-28 01:12:22,"jaringan dibenerin blog, masa main ml tiba tiba jaringan ilang nonton tik tok pun sama, jangan harga doang mahal tapi kualitas nol"
9,Ains Ghoul,1,2026-09-28 01:11:42,"selalu Susah masuk, KLO nggk waktu mau bayar loading nya lama bgt padahal pake wifi mau beli paket aja lama bgt"
9,Muhammad Dimas A,1,2026-09-28 01:10:07,harga mahal sinyal nya busuk banget masih bagusan kartu yang kuotanya murah
9,Muktika Wihartuti,1,2026-09-28 00:53:57,lemot banget woyyyyy
9,Nuruddin Rusydi Ilham,1,2026-09-28 00:52:49,UI Jelek Performa Jelek
9,Sudiharto Pangaribuan,5,2026-09-28 00:50:55,layanan wetv suda tidak bisa sementara kita beli paket kombo mahal amat
9,euis Hasanah,1,2026-09-28 00:50:13,tidak bisa membuka aplikasi
9,Ahmad Yani,5,2026-09-28 00:46:45,mantap
9,Galen Galen,1,2026-09-28 00:17:19,apasi gua pake wifi tapi data gua yang kesedotnya padahal gk dinyalain data nya
9,kyra Deolinda,1,2026-09-28 00:16:20,log ini ribet harga paketan g ngotak !!! mending pakai Indosat
9,Suat Maji,2,2026-09-28 00:09:15,"kenapa masih di hanguskan sisa kuota internet nya, padahal komdigi sudah bilang tidak boleh dihanguskan,, kuota ku masih ada 30 gb, hilang sia-sia berdosa kau Telkomsel mengambil bukan hakmu"
9,Mujia Caca,5,2026-09-27 23:54:23,I love you Telkomsel💋
9,Sasta Glovia Talenta Purba,1,2026-09-27 23:49:21,"muncul mulu notif aplikasi siscamling nya, buat risih, hp juga jadi tiba² mati sejak ada itu, benci bgt"
9,Ayub mugu Nego,5,2026-09-27 23:33:50,yaaa sangat bagus
9,cecep indra nuryana,2,2026-09-27 23:14:16,"makin kesini makinnmahal, kualitas malah kenurun. sinyal di beberapa tempat gak lancar, malah lemot. padahal posisi kota sinyal hp penuh tapi internet oambat"
9,Fadli Hardiyanto,1,2026-09-27 23:11:48,harga mahal jaringan jelek ngelag mulu
9,Vivo Vlite5g,5,2026-09-27 23:08:46,I like it
9,Zakin Syahrukin,1,2026-09-27 23:06:52,katanya sisa kuota di akumulasi. kenapa sisa kuota masih hangus? dan juga harganya naik lagi.
9,numpang nampang,1,2026-09-27 22:59:59,"Sudah di bilang Pelayanan CS telkomselnya tidak memuaskan dan tidak bisa meberi solusi,, eh di suruh lapor ke email cs telkomsel. masa harus di tulis ulang lagi! laporannya udah detail banget, udah 7x laporan, ngapain di laporin lagi kalau gak ada hasilnya"
9,khusus cod,1,2026-09-27 22:58:02,lemot bgt apknya
9,Arvinza Kaindra10,1,2026-09-27 22:52:42,tidak bisa masuk aplikasi
9,Rinof Ai,5,2026-09-27 22:48:07,praktis membeli paket data d my Telkomsel
9,Nur Mela,1,2026-09-27 22:42:35,kenapa harus banyak iklan. jadi tergangu. udah mh paket data nya mahal mahal
9,Ayu wulandari Ayu,5,2026-09-27 22:37:46,bagus
9,Yardiaman Zai,5,2026-09-27 22:09:58,ayo download apk my Telkomsel banyak promo menarik
9,Saufi Ufi,1,2026-09-27 22:00:06,"main game moba aja ngeleg, tengah kota lo ni Telkomsel, apalagi pas acara banyak orang selesai dah ni jaringannya, nyese beli ni kartu"
9,Didi Tri Hartono,1,2026-09-27 21:20:48,"Yang developer aplikasi MyTelkomsel ini benar-benar orang gak customer fokus. Segala macam pop-up, notifikasi, fitur sampah yang bikin berat dimasukkan. Mana tiap update layout nya pindah-pindah bikin bingung. Kalian mikir sudah banyak komplain bahkan dari semua flagship smartphone kewalahan buka aplikasi kalian tapi gak pernah berbenah."
9,Nur Muhammad Anis,3,2026-09-27 21:08:20,"emang kenaikan harga 10k dalam waktu dekat itu wajat kah ka? sama di daerahku yang dulu telkomsel bisa dikatakan cepet no delay, sekarang lemooooottttttt polll"
9,Sri Pujiyani,5,2026-09-27 20:43:11,"senang pakai Telkomsel, hemat & bnyk promo"
9,Daniel Febrian,5,2026-09-27 20:37:43,ok
9,Cindi Aulia ningsi,5,2026-09-27 20:22:47,murah baget
9,Alif Ghoni,1,2026-09-27 18:59:35,"lemot, aplikasi gak jelas... gembor gembor 5G, aplikasi lemot..."
9,Cahya,1,2026-09-27 18:45:48,uda 4 hari jaringannya kek taikk
9,Romli Jaya,1,2026-09-27 18:17:40,harga paket y dah gilaxan padahal suka error ....udh hrga y mahal error mah ttp sama z kaya kartu murah juga
9,Syifa Aisih,1,2026-09-27 17:57:21,gada promo kurang baik
9,Ari Kana,4,2026-09-27 17:39:50,"mulai eror my tel ni, d buka kluar terus apa pnyebabnmy"
9,Satrio Pamungkas,1,2026-09-27 17:38:34,nomor tidak di kenal bisa masuk
9,rannn minnexxziu,3,2026-09-27 17:20:50,aplikasi konyol selalu aktif di latar belakang dan bikin boros baterai
9,Nabella Irmades Putri,1,2026-09-27 17:15:01,"lemott, suka ngelag. muakssss"
9,Muhammad Fandi,1,2026-09-27 17:12:48,"tutup bego perusahaan lu ga guna jual jaringan mahal tapi ga sesuai sama performa, main game mlbb jaringan ampas merah mulu tolol. Gw sebenarnya ga ada masalah sama harganya tapi jaringannya di benerin, jadi harga sesuai dengan performa jaringan."
9,Chokeno Renhoran,3,2026-09-27 17:11:30,sangat bagus
9,M. Azfar Faiz Siddiq,1,2026-09-27 17:01:48,"provider telaviv, harga mahal sinyal sulit"
9,lol lol,1,2026-09-27 16:58:54,sinyal telkom makin burik
9,Realme C75,3,2026-09-27 16:41:46,"Telkomsel, mohon evaluasi serius kualitas jaringan dan sistem layanan. Gangguan jaringan yang berulang sangat mengganggu aktivitas pelanggan, sementara pembelian atau pengisian pulsa terkadang juga terlambat masuk. Pelanggan berhak mendapatkan layanan yang stabil dan sesuai dengan yang dibayarkan. Jangan hanya fokus pada promosi dan penjualan paket, tetapi pastikan jaringan, transaksi, dan pencatatan penggunaan benar-benar dapat diandalkan. Mohon perbaikan nyata, bukan sekadar respons standar."
9,llLegion,1,2026-09-27 16:31:59,"ini tuh aplikasi apa game PC sih..??? yang bner aja lah, aplikasi cuma buat isi kuota sama pulsa terasa buka aplikasi game PC, parah banget beratnya cuma buat buka aplikasi .. buat tim IT nya tolong jangan ANAK MAGANG SIH!!! ini cuma aplikasi buat isi kuota & pulsa!!! bukan buat main GAME PC ."
9,Mulyono Joko,1,2026-09-27 16:25:14,"Cok mahal bngt paket datanya 4gb/hari aja harganya 9rb udah ga ngotak cik, yg dulu 30rb bisa beli 20gb/bulan malah sekarang udah ga ada, makin setia malah makin mahal jir sedih gw, mana jaringannya putus putus kadang juga ilang, apalah ini provider lawak. Mana yg katanya jaringan no.1 di indo 7 kali berturut turut tapi untung sekarang udah digantiin posisinya sama XL"
9,Mohammad AliD5,5,2026-09-27 16:24:59,bagus
9,Rono Gade,1,2026-09-27 16:23:10,kata nya dilindungi siscamling td pagi ada yang tlp saya logat batak itu tidak mengenakan seh baru mau percaya bisa tenang sekarang saya harus ganti kartu lagi karna tadi pagi mana saya lagi banyak kerjaan diburu waktu malah ada no tak dikenal nelpon mengangu sekali masih overthink sampe sekarang maksud nya apa mau apa satu lagi setiap saya beli kartu telkomsel baru ternyata tidak baru pasti bekasan orang dengan berbagai masalah mereka nah yang baru pake no yang kata nya baru itu kena imbas nya
9,Natalya,1,2026-09-27 16:21:19,no komen. ini ulasan bnrn d baca g sih? kalo gini gua pindah jaringan aj dah last.
9,KHALI M,1,2026-09-27 16:14:25,"naek lagi harganya dulu 20ribuan, setelah itu naek lagi 32ribuan, setelah itu naek lagi 35ribuan, setelah itu saat ini saya mau beli 37ribuan udah gitu paket data nya semakin mahal semakin kecil GB nya.😭"
9,tri yanto,1,2026-09-27 16:11:31,koneksi sampah ga pernah ada perubahan udah gitu harganya kuotanya mahal
9,Yofa Lailun,1,2026-09-27 16:10:47,"app banyak iklan, berat, mahal.."
9,Be Djo,5,2026-09-27 16:06:39,"Di pengaturan off kan pengunaan data dan alihkan SEMUA ke wifi. Batasi/on kan penggunaan latar blkng SEMUA aplikasi. On kan jeda SEMUA aplikasi apabila tidak di gunakan. Isi kuota 20 giga, tar sebulan jg abis sendiri...🤣 taekkk..."
9,Regyta Cahyani,1,2026-09-27 16:05:52,"Hilangkan fitur SISCAMLING!!! Tujuannya ok tapi ga di trial error dengan baik langsung main diadain bukannya terbantu malah bikin emosi, masa OTP aja kaga masuk mana apa² konfirmasi lewat SMS jadinya harus beli kartu provider lain. Sejak ada fitur SISCAMLING aku pindah provider lain karna kecewa sama Telkomsel, repot bener harus telpon CS dulu katanya ada yg harus direfresh dari pihak mreka nyatanya sama aja gada yg berubah. Parah sih!!!"
9,Tamsur Samosir,1,2026-09-27 16:04:44,"terlalu mahal, kuota semakin menurun niat beli paket internet bukan paket wetv atau yg lainnya, dulu cuma ada paket wetv sama prime video sekarang banyak banget paket yang gak berguna"
9,Es Teh enak,1,2026-09-27 16:01:57,"sekarang harga paket internet di telkomtol ini sudah gak masuk akal kalau ngasi harga paket itu jangan di lihat dari aktivitas penggunaan tapi prioritas utama kesetaraan, kalau harga paket tetap di naikan tapi pendapatan per-gb di turunkan malah menyusahkan pengguna mana harian di kurangi cuma 28 hari memang komtol. merass saja kerjaannya provider satu ini kaya juga ngak gua sumpahin lo pada mati cepet..... .."
9,Abdul Latiff,1,2026-09-27 16:01:01,"bar doang penuh, sampahhhh"
9,Adam Adam Malik,5,2026-09-27 15:48:54,sangat membantu
9,Muhammad Angga Ashari,1,2026-09-27 15:46:29,"benerin dong jaringannya,ilang2an terus sinyal selalu nyisah kuota kalo beli karena jarang pake data"
9,Slaron Geming,1,2026-09-27 15:41:56,"size aplikasi nya sampe 1gb Jing , padahal cuma apk buat beli kuota doang. cs nya lambat banget respon nya, sinyal kartu Telkom gw dua batang mulu. tau gini mending gw isi kuota kartu tri gw ajah"
9,Raman Harahap,5,2026-09-27 15:40:04,rahmanhrp
9,de uzman24,1,2026-09-27 15:11:08,proveder bajingan signal bapuk mahal ga ngotak GOBLOKKKK
9,Anis Suuda,1,2026-09-27 15:10:06,tiba² udah ada paket darurat padal saya ngga bikin paket darurat
9,Dedi Simamora,1,2026-09-27 15:08:33,makin kesini makin parah jaringannya
9,Lathif Naufal,1,2026-09-27 15:05:51,disemua tempat sama aja udah beli mahal mahal tetep ngelag
9,Bhanshsb Hdhfnfjnfi,4,2026-09-27 15:04:49,"benahi lagi dong pelayanan,ni yaa namanyaa orang mau beli kuota pasti kehabisan kuota masak mau beli harus pake data,akunya pake wifi ngestuck di pembayaran ngga masuk ke metode kayak pake qris/pulsa. udah itu ajaa tolong dibenahi"
9,Kaira 31,2,2026-09-27 14:55:56,"kenapa sih paket super seru sekarang di bagi dengan YouTube, padahal udah nyaman beli paket super seru soalnya paketnya utama semua, sekarang malah di ubah, mana paket ke YouTube nya setengah dari paket utama lagi, saya ga suka nonton YouTube jadi kan sayang kuotanya"
9,koko man,1,2026-09-27 14:52:37,makin berat apk nya sering force close...
9,Rudi Efendi,5,2026-09-27 14:49:50,the best..
9,Mika SadeGa,1,2026-09-27 14:47:42,Telkomsel sekarang jelek sinyal nya dan terkenal mahal bukannya mahal tpi jaringan dienakin malah jadi ga enak sekarang sinyalnya payah
9,T. Fajar,1,2026-09-27 14:45:07,suka ngelag...paketan mahal
9,Noaa,4,2026-09-27 14:38:20,harganya terlalu mahal
9,Fadli Wae,2,2026-09-27 14:34:35,kuota mahal doang sinyal kayak aneh.Perbaiki woy 😡
9,Irwan Sibande,1,2026-09-27 14:33:45,"sinyal buruk, harga mahal, bintang 0"
9,putra pandawa,5,2026-09-27 14:28:24,ok
9,Winda,1,2026-09-27 14:27:18,mengecewakan jaringan lalot
9,Fikry Fikry,5,2026-09-27 14:27:12,sangat 👍
9,Suryadi Isur,1,2026-09-27 14:27:11,telkomsel sinyal'y paraaaaaah
9,Salsabila Handita Putri,5,2026-09-27 14:23:03,"jaringannya suka jelek, tolong dong diperbaiki"
9,Edwin Maulana,1,2026-09-27 14:18:12,"Semakin hari semakin lelet sinyalnya, Padahal saya tinggal di kota, Sungguh mengecewakan."
9,ariyanto eva,1,2026-09-27 14:09:50,mahalll
9,Master Chief,1,2026-09-27 14:07:56,server nya aneh
9,Suwaryo Aryo,1,2026-09-27 14:06:45,paket 150 k. kecepatannya lemot . percuma 120 gn di awal doang kenceng pertengahan bulan buka FB ajah sinyanya lama bgt
9,ISMAIL ACHMAD,1,2026-09-27 14:02:02,Signal Jelek Tidak Stabil
9,Lilu Hardian,1,2026-09-27 13:50:28,sinyal jelel bgt
9,Cimeng Aja,5,2026-09-27 13:46:56,puji santoso
9,Ruhman 99,1,2026-09-27 13:28:48,"saya mau beli paket, tapi loading nya lama sekali. smpai saat ini masih belum bisa beli paket 🙏"
9,Martdyanta Pascal Ketaren,1,2026-09-27 13:24:07,"aplikasi dari provider babi, jaringan lag parah sering ngilang harga paket internet super mahal.."
9,wahyu eko,1,2026-09-27 13:22:44,sinyal hancur
9,sisri adri yeni,5,2026-09-27 13:17:29,bgus sekali
9,Defrizal Xcy,1,2026-09-27 13:16:51,udah mah mahal lemot kikir amat
9,jesika natalia,5,2026-09-27 13:16:24,Okehhh unggerrr 👍👍👍
9,Bekungkung Katak,5,2026-09-27 13:14:10,"saya merasa di rugikan, saya membeli 250 149Gb, 30day. masih menyisakan 40 GB tapi sudah hangus setelah 30day. seharusnya ada pengembalian dana untuk Kouta yg masih ada. berdasarkan putusan MK nomor 273PUU-XXlll 2025. Mewajibkan Operator Telekomunikasi menyediakan opsi layanan agar sisa Kouta tetap aktif"
9,sardi pratama,5,2026-09-27 13:10:01,bagus
9,Mutiara Iskandar,2,2026-09-27 13:09:51,"sekarang jadi susah di buka mana kuotanya tiba tiba abis waktu baru beli bahkan waktu ada informasi sisi kuota 2,91 gb ehh waktu di pakau tiba tiba abis"
9,No Name,1,2026-09-27 13:07:20,"Telkomsel anjengggggg sudah jaringan lambat, mahal lagi anjeng memang provider kapitalis satu ini upload file kurang 1 mb aja perlu 10 menit??? anjeng memang"
9,zayn al alim,1,2026-09-27 12:59:25,"provider paling KIKIR, harga kuota mahal, internet LEMOT, kuota cepat habis. ditambah kuota YouTube tapi tidak bisa buka aplikasi YouTube. pemerintah sangat senang mencekik rakyat"
9,Sat Satria ilham,5,2026-09-27 12:58:46,syt bgus
9,Adf S,1,2026-09-27 12:49:57,lelet
9,Bolu Kukus,1,2026-09-27 12:49:06,aplikasi paling bolooooooot sedunia
9,Di Va,2,2026-09-27 12:45:04,"udah paket mahal,sinyal lelet pulak"
9,Dimas grx,1,2026-09-27 12:44:44,"binatang sungguh binatang pdhl masih sisa 2 hari knpa kouta ku hangus, masih banyak pdhl ada 271gb hangus telkomsel² mau pindah operator lain aja dah makin gak nyaman pke Telkomsel ini"
9,Wijaya Saputra,1,2026-09-27 12:43:18,apk babi
9,Fiki Grover,1,2026-09-27 12:41:48,bagi yg sudah beli kartu Telkomsel labih baik beli yg lain aja soalnya paketnya mahal setiap kali kalian beli jari saran saya beli kartu lain aja
9,dika pranata,1,2026-09-27 12:33:01,notifikasi aplikasi perihal SISCAMLING sangat mengganggu. tidak bisa dihilangkan
9,Mas Dedi,1,2026-09-27 12:31:57,"jaringan rusak, paketan mahal"
9,kevinzaa nata negara,1,2026-09-27 12:30:29,"harga paket mahal,sinyal ngelag,telkomsel ini mau ny apasih?"
9,Ahmad Slamet,5,2026-09-27 12:21:50,kalau dapat reward Kouta selalu gak masuk
9,Rizky Ramadhan,1,2026-09-27 12:20:52,flash sale scam
9,Aminul Akbar,5,2026-09-27 12:18:02,keren
9,Savira Uswatun K,2,2026-09-27 12:11:37,"harga makin mahal banget, trus kadang mau beli pulsa harus login login ulang itu ga sekali duakali sering jga, masa paketannya jg ga smpe sebulan cma 28hari"
9,Dino Pranata,1,2026-09-27 12:09:52,"jaringan hilang """
9,Ren 17,1,2026-09-27 12:09:32,banyak bug lelet parah apknya
9,Surya Kanjeng,1,2026-09-27 12:08:02,sinyal bobrok
9,Muhammad Nur Ramadhan,1,2026-09-27 12:04:01,sering error
9,Novian Abadi,1,2026-09-27 12:03:27,"Setelah update malah jadi susah diakses. Perlu banyak akses perizinan di android. Sering tertukar nomor, perpindahan nomor belum smooth. Jadi sering salah isi kuota untuk nomor anak atau nomor sendiri."
9,Hermanto,1,2026-09-27 12:00:44,aplikasi hanya buat lihat sisa kuota dan pulsa. selebihnya tidak bisa buat beli paket. aplikasi sampah
9,aljajuli street#c70,1,2026-09-27 12:00:30,minimal klok sinyal gampang ilang tu jangan lah paket data mahal mahal udah beli kuota sampek ratusan ribu dipakek sinyal hilang hilangan aih parahnyooo bikin orang jadi nyesel beli mahal. mahal harga mahal kualitas bagus ada harga ada kualitas harga doang mahal tpi kualitas gak di upgrade
9,Midun Hamidun,5,2026-09-27 11:59:46,mantap
9,Sar Ino,3,2026-09-27 11:58:27,bagusss
9,Siti Hajar,3,2026-09-27 11:47:52,kenapa ya beberapa bulan ini di tempat saya daerah batanghari sinyal Telkomsel gangguan terus tolong dong sinyal nya di perbaiki
9,Yohanes Rampang,5,2026-09-27 11:46:40,baik
9,Nerdi Ven,1,2026-09-27 11:36:00,sinyal telkomsel makin lama makin parah. di tengah kota masa sinyal byar pe?! giliran komplain. malah nyalahin hape ny. disuruh restart. bukannya malah nerima masukan.
9,Iqbal Syahputra,1,2026-09-27 11:35:36,"Indihome nya lama-lama ngeselin sinyal ditempat gw hilang-hilangan terus,modem sering restart sendiri, hampir tiap hari setelah bayar tagihan tgl 20 pasti tgl 20 keatas Indihome nya ngeselin pokoknya dah,saya sudah berlangganan hampir 5tahun masa kayak gini pelayanan nya makin gak bener,"
9,Asnhy,5,2026-09-27 11:28:43,sangat puas dengan internetnya
9,Rinto Dammai 31,4,2026-09-27 11:11:09,"Bintangnya saya kurangi, tolong perbaiki apknya, karena sering eror gak bisa di buka🙏"
9,IBNU SQUAD,1,2026-09-27 11:10:28,HARGA PAKET NYA SEKARANG GK NGOTAK
9,Get Get,5,2026-09-27 11:09:36,mantap
9,Bass Tiand,1,2026-09-27 11:07:50,"sinyal buruk,padahal di kota besar."
9,sondaQ,1,2026-09-27 11:06:26,"Percuma jadi pelanggan setia, harga paket tambah mahal, paket rollover harga gak ngotak, udahlah saatnya ganti yg lain"
9,Chandra Cepu Channel,1,2026-09-27 11:05:30,"Maaf y Telkomsel belum bisa tambah bintangnya,harga paket tambah mahal dan sinyal lelet banget. Terimakasih."
9,Hasanudin,1,2026-09-27 11:05:11,internet gx jln sama sekali gx biasanya jadi eror
9,Honcino Nikolaus,5,2026-09-27 11:04:51,luarbiasa
9,Adit Backstreet,1,2026-09-27 11:04:34,"bisa gak, gak minta update terus app ini, udah gitu zise updatenya gede hingga 100MB lebih, mubazir kuota, udah gitu kita yang pakai kartu lama, beli paket mahalnya sama kayak kartu baru..."
9,khairuddin official,1,2026-09-27 11:01:32,makin baru kok malah makin jelek aplikasinya tambah ribet dan susah
9,Fauzi Fauzi,5,2026-09-27 10:56:01,bagus
9,Ivanyanuar Pradana2,1,2026-09-27 10:54:36,"makin kesini makin ga rekomendasi make Telkomsel, dulu paket mahal tapi kualitas sinyal bagus, tapi sekarang paket kecil mahal, kualitas sinyal menurun, reward poin cuman bisa di tuker paket sekali mana cuman 1 hari, sisanya reward kuota 2 hari ga ngotak, paket bulanan 28hari yg tanggung,Makin KAPITALIS makin KIKIR nih provider. Buruk sekali."
9,Erni yuniarti,1,2026-09-27 10:53:02,aplikasi buruk. koneksi buruk. harga mahal. signal palsu.
9,Noto Harmono,5,2026-09-27 10:51:49,"f. vh di cg. bxyx7. cvgxo,c0 .thH c. F BB 7"
9,Fir Daus,5,2026-09-27 10:48:46,"poin sering hangus,karena penukaran tidak masuk ke kategori kebutuhan custumer"
9,Anthony Han,1,2026-09-27 10:48:31,menyesal saya pakai Telkomsel harga paket makin mahal bukanya makin baik malah kualitas jaringan makin buruk rusak rusak GK recommended kalo user baru
9,Arman Abu Khalid,5,2026-09-27 10:42:47,sangat membantu dalam keadaan darurat
9,Abil Nur Fadilah,1,2026-09-27 10:42:03,"urusin apa tu jaringan, harga doang dimahalin pas buka apknya malah koneksi jaringan, pdhl jaringannya lagi bagus, HADEH"
9,Ade Supriatna,5,2026-09-27 10:38:38,untuk transaksi beli pulsa atau paketan lebih mudah
9,adi zauhari,1,2026-09-27 10:38:14,tiap ada update aplikasi malah makin lama proses dibuka/digunakannya. ditambah biaya beli kuota makin mahal. sudah lama pakai kartu telkomsel bukan malah makin dimudahkan malah makin sulit sayang ini no sudah lama dipakai kalau ga dah mau ganti aja k provider Lain
9,FerdiSurya Ferdi,1,2026-09-27 10:37:52,dah Kikir jaringan nya jelek pula. entah jaringan kuota atau wifi sama sama gak bagus
9,Sopiyan Vivo.,3,2026-09-27 10:34:35,Oke
9,Fadlan Firdaus,2,2026-09-27 10:30:37,"tolong jaringan nya di perbaiki, kadang suka ilang ilangan, angka 4G nya suka ilang padahal baik baik aja jaringan nya. trus jga harga paketan ""rekomendasi untuk anda"" sngt mahal. jumlah GB nya sedikit, masa aktif nya sedikit, tapi harga nya sngt mahal bisa² tembus di atas 40 rb. saya biasanya beli kuota yang 7 GB 7 hari 20 rb, atau pun yang 10 GB 14 hari 25 rb, dan itu masih wajar. Dan paketan yg sering saya beli tiba tiba menghilang dan berubah, tolong kembalikan paketan yg saya sebutkan tdi."
9,Noviansyah Ansyah,5,2026-09-27 10:30:34,sinyal mantap
9,Shanaya,1,2026-09-27 10:16:00,"jahat banget, dipake ml an gua gabisa farming, ampe nangis, mana gua mm☺️"
9,Sultan Maulana,1,2026-09-27 10:06:51,"beli paket elit, jaringan sulit"
9,Raden Andi,1,2026-09-27 10:03:17,"Percuma ngasi promo 500gb dengan harga 200k sekian setelah dibeli sinyal ga normal, sangat merugikan sekali"
9,Alisye Katiandagho,1,2026-09-27 10:00:47,TIDAK BISA TUKAR KOIN
9,Eva Elisabeth,1,2026-09-27 09:51:50,"terlalu bertele-tele 😐 malas komplain, malas juga menjadikan pilihan utama 😷 itu ulasan tgl 24 Sep hari ini ulasan lain 1 Sep saya beli paket 80 rb, tiap hari chek in tapi ga pernah periksa di kolom stamp, ternyata kemarin, tgl 26 tertulis bahwa tidak ada pembelian paket bulan ini? 😡 ke veronika katanya nunggu 72 jam, dapat SMS + WA, isinya disuruh tulis ulang kendalanya 😡 lha apa kalian pikir jari pelanggan ini pengangguran kah? TIDAK ADAKAH ITIKAD BAIK UNTUK MENGEMBALIKAN BONUS KUOTA?"
9,Adrian Yusup,5,2026-09-27 09:14:57,"guyss mending kalian uninstal apk+ganti kartu ke yg lain aja udah apk nya ngeleg,,mahal,, mauny,,,jaringan nya sering ngilang mending kalian hapus aja nih apk sengaja kasi bintang 5 biar di up sekarang aku udah beralih ke axis paket data murah banyak bonus mending kalian halus aja ni apk terus ganti kartu usahan jangan telkomsel yach soalx mahallll banget masa 30gb 30rb mana cumn 5 hari lagi kalo di axis mungkin 28hri mana lagi bonus nya pok9nya ya guysss HAPUSSS APK INI SEKARANG!!"
9,アキルAkiru,1,2026-09-27 09:07:13,"eror mulu saya beli paket sama pulsa gak kelihatan, mana sekarang siscamling yang gak guna cuma ngabisin batrai aja"
9,ahmad dwiyanto,1,2026-09-27 08:52:55,makin kesini makin g jelas dr thun 2004 sy mengunakan telkomsel.yg loyal ky saya aj paket ttp mahal jaringan busuk kaya belek singa.apa lagi yang pelangan baru.oeeeeee dengerin lah kata pelangan kl g mau pd pindah ke operator lain.
9,Y12s Vivo,1,2026-09-27 08:52:15,apa ini apk.. mau klaim stemp pun gak bisa korup banget sih padahal sudah memenuhi syarat
9,Neni Mulur,1,2026-09-27 08:38:42,Mahal + ngelag
9,Yuliati Hari Parmanto,5,2026-09-27 08:37:52,kenapa ya Telkomsel tidak bisa dibuka dan jadinya tidak bisa ambil hadiah promonya
9,Muhamad Saepi,5,2026-09-27 08:19:30,mantap
9,Siti Agustina Fitriani,5,2026-09-27 08:18:26,"SARAN BUAT TEMAN-TEMAN JANGAN BELI TELKOMSEL SERIUSS DEHH NTAR NYESEL KALIANN....Kasih bintang 1 pun masih Kebagusan ini mah, aplikasi nya sering error mau registrasi aja sulitnya minta ampun nyesel dah beli Kartu Telkomsel"
9,Vindi Adiguna,1,2026-09-27 08:06:01,terlalu mahaal dan paket swadaya nya gak bisa pake qris
9,Veril Satria,2,2026-09-27 08:04:13,"sinyal suka tiba"" lemah nggak jelas padahal posisi berada di lingkungan yang mumpuni, tolong diperbaiki kualitas sinyalnya"
9,Muliono Yuliono,5,2026-09-27 08:02:42,💜💜💜💜💜
9,Didi Neverdie,2,2026-09-27 07:52:48,ko kluar sendiri mulu
9,Saiful Bahri,1,2026-09-27 07:50:19,sisa kuota tetap hangus tdk bertaimbah dgn kuota yg baru diisikan
9,Ananda Nanda,5,2026-09-27 07:48:54,bisa di lebih di perbaiki dan punya banyak promo yang menarik
9,nda rastafara,1,2026-09-27 07:44:35,"maaf bro saya uninstall dulu ,,karena membuat hp saya panasss, tolong perbaiki"
9,Adhypahry,1,2026-09-27 07:43:01,Mengapa poin telkomsel saya tidak bisa digunakan untuk menukar kuota dan jika hanya pengguna tertentu saja yang bisa mengakses hal tersebut buat apa ada fitur tukar poin di akun saya🫩 sebagai pengguna yang sudah lama memakai kartu telkomsel saya merasa kurang puas karena jaringan kadang lelet di pusat kota maupun di pinggiran kota
9,boy_ R92,1,2026-09-27 07:41:25,paket elite harga sulit
9,Muclis Almukatiry,1,2026-09-27 07:37:57,super lelet
9,Herry DVOC,1,2026-09-27 07:35:08,paket blm msk smartpay da d potong
9,Salji Rahman,1,2026-09-27 07:34:04,"ini paket game ga guna ya di beli? gabisa di pakai , hapus aja tu paket game gak guna mending AXIS masi bisa di pakai paket game nya ini ngga bisa sama sekali!!muakk gw"
9,Radithya Putra,1,2026-09-27 07:14:31,makin kesini Telkomsel makin taik sinyal jelek harga naik 4x lipat mau korup atau rampas uang konsumen? udah kayak pejabat aja
9,Helmy Pramudita,1,2026-09-27 07:07:08,"aplikasi nya berat, gausah nyaranin Clear cache. fungsi cache secara bawaan digunakan nyimpen data yg sering tampil di apk nya, justru klo ada cache normalnya lebih lancar pas buka apk ke 2 atau 3 kalinya karena ada cache, ada ada aja alasannya untuk menghindar dari kritik. programmer nya jangan disuruh cuman diminta nimpa aja apa yg udah ada. Jadi setiap update itu cuman apa yg ada dulu ditimpa terus² an sampe sekarang. OPTIMALISASI PERFORMA nya mana?"
9,Rasydatul Naja,4,2026-09-27 07:03:02,mantap
10,Ujang Rahmat,5,2026-09-27 07:00:33,ok
10,Vina Nurul Gina,5,2026-09-27 06:58:26,baik
10,rahman hakim Lutfi,5,2026-09-27 06:48:51,bagus
10,Andi Irawan,5,2026-09-27 06:47:33,mantap
10,jak siputraragel,1,2026-09-27 06:37:32,"pinjam paket drurat 2gb harga 30 ribu,giliran ngisi pulsa di embat 65000, hati hati pra pengguna telkomsel,sekarang bnyak kebijakan di ambil scara spihak"
10,Anto Neurabot,5,2026-09-27 06:18:46,fast respon
10,Rospita Sari,1,2026-09-27 06:16:55,"percuma aplikasi tolol, lemot banget,"
10,PD TEKNISI,3,2026-09-27 06:11:47,"saran min telkomsel,adakan even buat langganan vip melolo untuk sebulan,,karena poin telkomsel melimpah dan penggunaannya gak spt dulu,anying"
10,Devi Deviyana,1,2026-09-27 06:11:08,"Indihome sering eror, merasa rugi lah jdny sy, tgl 17 Agustus eror lalu diperbaiki teknisi, tgl 19 agustus kembali los sampai tgl 20 agustus masih eror. mau ganti provider lain aja dah kebanyakan erornya indihome paketan mahal pula sering eror lama banget perbaikannya"
10,Muhammad Rifqi,2,2026-09-27 06:01:00,lag banget ykin ini jaringan ga Kya dulu udah mahal lelet banget jaringan nya aduh
10,Nazifa Syafira,5,2026-09-27 05:58:19,mantap
10,Selvi,1,2026-09-27 05:55:32,"sinyal ilang2an aplikasi lemot, haraga pol mahal sekali, mau pindah ke kartu lain aje"
10,D. Nasrulloh R,5,2026-09-27 05:52:01,Ok
10,Seril Ramdani,1,2026-09-27 05:40:26,"aplikasi gak jelas padahal tanggal 1 awal saya check in melalui stamp berhadiah dan sama nonton video jadi 2 , pas keesokkan nya mau check in malah balik lagi jadi 0 coba hadeh ditambah bagian reward kuota gratis extra gembira untuk semua pengguna malah bug atau gak jelas kenapa padahal sudah ditukarkan tapi statusnya malah gagal penukaran katanya hanya untuk pengguna tertentu saja, padahal saya pengguna gold dan ini seharusnya untuk semua pengguna manapun kecuali prestige baru gak bisa."
10,Ahmad Dinejat,1,2026-09-27 05:37:31,"paket gamemaxs pembodohan, ladang korupsi"
10,Junaidi Maulana,4,2026-09-27 05:37:07,makin keren
10,Gavin Mahendra,5,2026-09-27 05:35:07,baik
10,Syahnanda Utama,1,2026-09-27 05:31:41,Masa kuota masih hangus kalau lewat masa aktif?kok ga diakumulasikan dengan paket baru?adakah yang lapor Komdigi?
10,ARDIAN KALTARA CHANNEL,1,2026-09-27 05:14:47,"sampah..... sudah harga paket mahal-mahal,,jaringannya jelek lagi,,,,"
10,Mawar Anthika,1,2026-09-27 05:13:04,"Kenapa setiap kali isi pulsa masa aktifnya tidak bertambah, padahal isi pulsa banyak untuk membeli kuota internet, juga kuota internet nya yang mahal tetapi jaringannya tidak stabil ketika digunakan"
10,Hendry kozaki,5,2026-09-27 05:11:09,bagus
10,Marnatati Ndruru,1,2026-09-27 05:09:54,payah banget... login sampe puluhan kli bru kebuka....
10,Aam Uchll,4,2026-09-27 05:07:54,mur ah banget
10,Aidil Fitra Mulia,1,2026-09-27 05:07:24,haduh bukan nya makin bagus malah makin payah aplikasi nya masa lama kali reload apk nya
10,Purba hengki,1,2026-09-27 04:59:09,sinyal jelekkkk
10,indonesia indonesia,1,2026-09-27 04:58:39,"aplikasi sampah gampang buat LAG , apa2 keluar sendiri"
10,Azuma Kayzo,1,2026-09-27 04:50:39,"Telkomsel, mending lu lenyap aja sekalian, karena sekarang banyak pengguna lu yg udah jengkel banget sama lu, mereka kasih lu B5, karena lu adalah sampah, bukan top tier, anda adalah sampah B5, bukan top tier B5"
10,Dila Gabriela,1,2026-09-27 04:48:22,"buruk banget, Udah kuota mahal, jaringannya jelek, tenggak waktu kuotanya jg ga ngotak."
10,Ahmad Tomo,1,2026-09-27 04:47:02,mati lampu = mati sinyal
10,Surya Mandiri,5,2026-09-27 04:45:29,bagussss
10,B M W,2,2026-09-27 04:44:32,"beli paket gak sepadan, bali paket mahal mahal tapi jaringannya gak lambat"
10,Tri ART,1,2026-09-27 04:39:56,tetap mengecewakan
10,Rais,1,2026-09-27 04:36:36,"jelek sinyal nya siput juga menang, aing geus maen deket modem gak ada yang pake wifi masih ngelag sama pake kuota juga kalo hujan hilang sinyal, kalo bikin sinyal yang bagus lah jangan yang penting ada sinyal bagus di kota doang desa masih jelek ini"
10,Arya maulana,1,2026-09-27 04:34:59,"bisa ga si kalo buat apk itu ga usah berat berat aku mau beli aja kepental bolak balik, terus ya apa apaan paket 1 bulan 28 hari itu, dikira februari?, malesin banget kalo mau beli atau ngecek lama banget."
10,Yaemi Tsuyo,1,2026-09-27 04:17:57,"wah gila hebat banget pakai kartu ini, sangat amat murah sekali dan juga sangat amat KENCANG SEKALI INTERNETNYA. bagi kalian yang ingin mencoba tes mental lebih baik gunakan kartu ini, dijamin mental kalian setiap hari setiap jam setiap menit setiap detik akan selalu diuji oleh kehebatan sinyal ini"
10,araa's,1,2026-09-27 04:16:30,"Kacau bgt tellkomsel ni udah di nonaktifkan penggunaan pulsa non paket, gaada hidupkan data seluler selalu pakai wifi. Tapi pulsa tetap kepakai non paket. Stres"
10,Asrisal Sudirman,1,2026-09-27 04:15:22,"pelanggan lama maupun pelanggan baru tidak ada beda nya, Telkomsel Taikkk paketan mahal serba mahal masa 100k cuma 15 GB doang bab1. saya pengguna Telkomsel dari 2016 ga pernah ganti kartu sampai detik ini dan promonya kek bab1. ini juga katanya berlaku 28 hari masa berlakunya di korupsi lagi menjadi 26 hari. yang 30 hari berlalu 28 hari.. seluler taii"
10,Y Line Pekanbaru,5,2026-09-27 03:50:59,makjos
10,Trimanto,2,2026-09-27 03:49:17,sangat lambat loading
10,Uciha Itachi,1,2026-09-27 03:42:00,sinyal jelek terus paketan mahal
10,Brondong Muda,1,2026-09-27 03:35:19,harga kikir jaringan gk bagus
10,Jimi Tetop,5,2026-09-27 03:25:09,Jemi tetop
10,Lestari Zebua,5,2026-09-27 03:23:31,sangat baik
10,Monesa Nurfahayu,5,2026-09-27 03:22:33,sangat membantu saya
10,Nurlidiana Ntx,1,2026-09-27 03:18:58,"kenapa Telkomsel nih semangkin buruk pelayan dia,aku sudah bayar tagihan pinjaman masih di chat mau di blokir padahal semua tagihan pinjaman selalu sy lunasin tadi malam juga saya lunasin pinjaman sekarang di chat terus ,spam chat dr smlm buat apa lah ngerusak mode aja mana harga paket mangkin mahal mangkin di beli terus mangkin mahal is benci banget sama Telkomsel sekarang"
10,iwan destiawan,1,2026-09-27 03:00:07,sering lemot...mau beli kuota aja susah kali.sudah update terbaru..sudah instal ulang..sama aja..
10,tasik malaya.,1,2026-09-27 02:53:51,lemot ke kuya jir
10,juswa bragi,1,2026-09-27 02:50:58,paket terlalu mahal terlalu bnyak tambahan berlangganan yang tidak penting
10,Kurniadi W. Nugroho,1,2026-09-27 02:43:52,"Setelah keluar kebijakan pemerintah tentang kuota tidak boleh hangus, hari saya lihat di My Telkomsel, sudah ada paket yang Rollover, tapi hanya untuk 6 varian dengan harga minimal Rp 70.000 dengan kuota 9 GB masa berlaku 30 hari. Ternyata oleh Telkomsel kebijakan itu masih diakali. Tidak semua produk paket yang dijual adalah Rollover. Yaa bisnis emang gitu, gak perlu semua dipenuhi. Regulator diakali oleh pebisnis. Sekedar menggugurkan kewajiban, yang penting ada paket Rollover klo disidak."
10,Rifaldi Dealova,1,2026-09-27 02:42:21,ngeleg kali mbut
10,Fakriyah Fakriyah,1,2026-09-27 02:41:44,mahal sekali pembelian paket internetan
10,kapten jarot,1,2026-09-27 02:39:46,"woi telkomnyet dengar gak sih pemerintah udah bilang kuota kostumer gak boleh dihanguskan ni masih juga dihanguskan,terus kalian tau gak 1 bulan tu berapa hari gak semua kalender 28 hari bujang,udah hargamahal klen buat harinya pun klen potong juga otak tak adda bujang"
10,Pangestu,1,2026-09-27 02:36:06,"kenapa jaringan Telkomsel pas hari minggu gak pernah bisa di pakai, lokasi di medan tembung. tolol kali jaringan kau, orang mau santai di hari minggu malah gak bisa"
10,rachmat wahyudin,1,2026-09-27 02:18:08,sumpah aplikasinya lemot dan berat banget
10,Maung Sibelang,5,2026-09-27 02:09:29,"jaringan suka hilang, jaringan suka lemot, jaringan jelek, jaringan tidak bagus, tiba tiba G, tiba tiba sinyal hilang entah kemana tanpa jejak, tanpa pamrih. tanpa basa basi. rek kieu wae?. coba sinyalna leuwih bebelesatan."
10,Hasna Donna,5,2026-09-27 02:05:08,👍👍👍👍👍
10,Asep Mancung,1,2026-09-27 01:53:31,BANYAK BUG
10,M. Davy Abdurrahim,1,2026-09-27 01:52:55,kau punya jaringan kau perjelek terus sampe aku tidak bisa memakai untuk server global. korupsiiii. game clash royaleku suka force close DASAR HAMA negara
10,Sohiron Sohir,1,2026-09-27 01:45:59,"telkomsel tidak pantas, pemerasan namanya paket darurat minimal 35ribu udah ketik PA35 dan belum aktif eh suruh ketik lagi buat claim pas udah aktif malah cuma kepake 1 hari doang bayarnya 70ribu, udah sinyalnya jelek banget 😡"
10,Muhammadarifin Kadafi,1,2026-09-27 01:40:17,telkomsel sekarang lelet.apalagi pas lagi gaming.mau tiba'hilang sinyal.vc an pun jaringn suka hilang timbul
10,Yeni Rahmawati,1,2026-09-27 01:39:18,jaringan lelet
10,supandi pandi,5,2026-09-27 01:35:03,mantap
10,kasanova nova,5,2026-09-27 01:33:46,ok
10,Aan Aan,5,2026-09-27 01:32:20,terbaik
10,Kania Nia,1,2026-09-27 01:30:00,"beli pulsa dari gopay tidak masuk²,sudah bikin laporan di gopay,gopay sudah menyelesaikan pembayaran.. tp pulsa tidak masuk².. gmn ini?"
10,resa rianda,1,2026-09-27 01:27:38,no comment liat aja app nya
10,Chalisa Nabila,5,2026-09-27 01:19:09,sangat bermanfaat
10,Abdul Kholik,1,2026-09-27 01:06:16,"keputusan MK 23 juli 2026 sisa kuota internet tidak boleh hangus, TERNYATA HANGUS sengaja beli kuota internet agar masa aktif kuota internet Diperpanjang TERNYATA SISA KUOTA INTERNET 232 GB SEBELUMNYA HANGUS...preeett"
10,Dud Dwi,1,2026-09-27 01:02:20,"kenapa telkomsel sisa kuota hangus,padahal sudah beli kuota sebelum masa aktif habis,,developer lain sudah bagus tidak menghilangkan sisa kuota,simpati belum memikirkan pelanggan"
10,Diffa Daffa,1,2026-09-27 00:48:53,aplikasinya jelek poll.. masaa. dubuka kluar2 sendiri.. dah mahal2 lgi. semkin sering beli disini semkin mahal. taiiii
10,dicky heroes,1,2026-09-27 00:44:32,JARINGAN SAMPAH
10,Rosa Amelia,3,2026-09-27 00:43:38,nge bug ga bisa transfer kuota
10,Muhammad Arifin,5,2026-09-27 00:32:09,👍👍👍
10,Tini Tini,5,2026-09-27 00:31:02,sangat membatu saya untuk beli paket data dan banyak reward yang bisa ditukar dengan apa aja
10,Sri Widyawati,5,2026-09-27 00:27:35,baik
10,Oppo,5,2026-09-27 00:21:18,jos
10,Edi Haryanto,3,2026-09-27 00:06:50,"coba dulu unduh ulang, klu lbh bagus dan hrg paketnya tdk naik terus tak tmbh bintang 5"
10,Agus Fari Andik,1,2026-09-27 00:05:10,"parah ,sekelas telkomsel aplikasinya lelet banget dan sering eror"
10,Misur 160684,4,2026-09-26 23:55:33,mantap
10,javas osborn,1,2026-09-26 23:51:54,paket internet nya mahal
10,MUHAMMAD TASRONI,5,2026-09-26 23:49:20,paket telkomsel terlalu mahal dan saat mati lampu jaringanya hilang mohon di perbaiki lagi.
10,Fransiskus olla Iku,5,2026-09-26 23:44:30,ok
10,Al Sydin,4,2026-09-26 23:40:50,uji coba
10,Aris Nanda,4,2026-09-26 23:31:02,"semakin serba mahal, jaringan jelek dan boros kuota ataupun pulsa. Telkomsel semakin mengecewakan"
10,Asep Joy,4,2026-09-26 23:26:40,jaringan kurang membaik
10,Adila nisa Ardani,3,2026-09-26 23:24:17,"malam tdi ada pulsa 38 ribu pas pagi bngun tdr ngecek sisa pulsa 24 ribu, kok pulsa nya dipotong belum dibelikn ke paket apapun pencurian pulsa customer itu tdk ad keterangan nya kenapaa dipotong"
10,Afat Liu,1,2026-09-26 23:22:58,"jaringan Telkomsel di daerah puri kembangan dekat walikota Jakarta Barat, kok lelet banget ya? bisa di benarin ni ? buat komunikasi jadi susah 🤦🏻🤦🏻🤦🏻"
10,ERNA WATI,5,2026-09-26 23:14:19,oke
10,suryo wibowo,2,2026-09-26 23:12:39,"ampun dah ini aplikasi, apa yg ada di menunya lemot bgt bukanya, ujung-ujungnya terjadi masalah, jaringan w pake speed test ajh sampai 50mbps, berarti server lu yg lemot bro...yg bener napa punya aplikasi gini bgt"
10,Ahmad Puji,1,2026-09-26 23:06:45,aplikasi berat sekali hanya untuk proses mengisi data
10,Raichi desu,5,2026-09-26 23:02:59,"UPDATE APAAN SKRG??? BELI PAKETAN HARUS MASUKIN OTP TPI DITUNGGU 15 MENIT KGK MASUK MASUK OTP NYA, UDAHLAH HARGA NGK MASUK AKAL, KADANG JUGA JARINGAN SUKA NGILANG SENDIRI, TERLEBIH LAGI BUKA APLIKASI NYA LAMA BANGET!!!! TOLONG LAH TELKOM, MALU AMA PROVIDER SEBELAH"
10,Hru Setyawan,1,2026-09-26 22:57:21,"puluhan taun pakai telkomsel. sekarang dikecewain fitur bagi pulsa/hadiah gak jelas! awalnya pulsa gak masuk ke penerima, tapi saldo kepotong. sekarang setelah komplain katanya pulsa udah masuk, tapi riwayat transaksi gak ada? jadi gimana saya mau buktiin kalau riwayat transaksi gak ada?? sangat kecewa sekali ! halo indosat xl axis kamu kaya gini gak.. beta mau berpaling aja"
10,zidan Alfaro,1,2026-09-26 22:56:48,daftar nya susah bener
10,Febri Gono,2,2026-09-26 22:41:40,knp ada tulisan maaf item sudah habis saya mau top up MLBB JADI GAK BISA NIH MANA STARLIGHT UDAH MAU BERAKHIR SAYA PERLU DIAMOND
10,hasrul,5,2026-09-26 22:35:10,bagus
10,Muhamad Sandi Nurholis,1,2026-09-26 22:33:22,jelek
10,Salman Semet,5,2026-09-26 22:31:07,need more promo
10,Muhamad Salas,1,2026-09-26 22:13:48,akhir akhir ini lemot banget sinyal nya... mahal doang lu kualitas nya gaada.. pindah aja ke XL
10,Deck Yog,2,2026-09-26 21:56:08,kurang puas
10,Xresidivist 86,5,2026-09-26 21:28:06,sangat membantu
10,Rina Rayhannan,1,2026-09-26 21:26:52,"telkom, semoga kamu dapet karma nya, mau bangkrut bangkrut sekalian. bertahun tahun pake, makin sini makin nyawit. udah jaringan lelet, paketnya makin sini makin mahal mahal, udah sengaja beli paket yang rollover biar sisa kuota masih bisa di pake di bulan depan, tetap aja hangus. kalo ada bintang lebih rendah dari bingang 1, saya kasih deh buat telkom doang👎🏻"
10,Jenni,1,2026-09-26 20:32:06,"udh sinyal buruk, eh sekarang paket akumulasi pure ilang, penipu nih!!! menurut pemerintah harusnya semua paket harusnya bisa diakumulasikan, bukan cuma beberapa doang!"
10,Amie minsky,1,2026-09-26 19:53:14,cek sisa quota melalui sms tidak detail sprt sebelum nya. semenjak berlakunya quota akumulasi. cek quota via sms isinya hanya tgl berakhir nya paket. parah
10,Fariz Setiawan,1,2026-09-26 19:42:26,optimalisasi dulu app lu bgst edit: masih bintang satu karena di jawab sama bot anj*ng
10,Bravo Jaya,4,2026-09-26 19:30:01,tolong di perbaiki kusus wilayah Cikarang Bekasi Cibitung Setu sinyal Telkomsel jelek ilang ilangan
10,Luqman Rafi,1,2026-09-26 19:24:46,sinyal idiot
10,Agrifa Agung 252,1,2026-09-26 19:22:52,"makin lama makin turun... jaringan lalot mahal lagi, +boros, 32 gb dlm 28 hari habis cuman 20 hari padahal cuman WA aja dan tiktok pun selingan dijam istirahat saja. kacau"
10,Dimassaputra Saputra,1,2026-09-26 19:16:26,"muak bngt sama harganya, ganti kartu aelah klo begini terus"
10,Rukani Kudus,5,2026-09-26 18:47:42,jos Telkomsel selalu setia waktu pokoknya oye telkomsel
10,Viy Vi,5,2026-09-26 17:43:01,baguss
10,Widelia Nopianti Simanjuntak,5,2026-09-26 17:29:29,baik
10,Agus Iskandar,1,2026-09-26 17:21:12,paketan mahal jaringan udah kaya maen di kebon. ingat kepuasan pelanggan nomor 1 bos
10,adam breezzy,1,2026-09-26 17:17:36,sumpah NAJIS kali lihat sinyal telkomsel ini lah pengen ku robohkan aja tiang tower nya 😑😑
10,Zeit Lich,1,2026-09-26 17:16:53,error mulu mau liat sisa kuota
10,Muhammad Alasyarif,1,2026-09-26 17:12:37,jaringan jelekk uda kuotanya mahal tutup aja kalo ga niat
10,Eka Widdianto,1,2026-09-26 17:02:49,"stamp nya udah balik, tapi kenapa harganya di naikin😓"
10,Nover Linda (Kak Lin),2,2026-09-26 16:59:50,"harga biasa yg sering di beli uda ilang ,10k,15k,20k 6GB uda di riset menjadi 20k4GB sangat tidak ramah"
10,chanel show,1,2026-09-26 16:58:57,"telkomsel semakin lama semakin buruk jaringan nya, paket internet sangat mahal , segalanya sudah buruk telkomsel"
10,Farhan Fahrizal,1,2026-09-26 16:55:37,jaringan lemot trus
10,Iwan Zai,5,2026-09-26 16:54:50,"jaringan sialan,makin di loyalin malah makin buruk kualitas jaringannya😠"
10,sastro gultom,1,2026-09-26 16:47:31,"makin lama makin gak beres sinyal klen, provider lain berlomba buat inovasi baru, gimana biar sinyal lancar terus , ini klen makin merosot, udahlah kuota harga selangit , ampass"
10,Pengguna Google,5,2026-09-26 16:47:12,bgus
10,Clay Claymore,1,2026-09-26 16:45:37,apk berat banyak errornya
10,Muhamad Hasan alinudin,1,2026-09-26 16:33:46,kotanya pada mahal banget & sinyal jelek banget sih tolong pulsa darurat jang yang 1 hari ajah dong wkwkw anjay pada mahal banget sih kotanya turun apah
10,Mochammad Rofiqi,4,2026-09-26 16:24:58,top
10,RNB Reborn,1,2026-09-26 16:23:23,kartu Telkomsel saya baru ketemu dan sudah ada notifikasi panggilan darurat saja haduh
10,Nana Karlina,1,2026-09-26 16:18:46,"mahal kuota doang sinyal nya nauzubillah, mohon perbaikan dong tlkom peminat banyak cuma gada perbaikan sama sekali"
10,Mirzam Jeky,1,2026-09-26 16:17:04,payah ngasi fitur kirim kuota tp ndak bisa di pakai selalu kesalahan sistem
10,Yelvel Vanzista,1,2026-09-26 16:15:05,ini gimana aplikasinya kouta ku habis. sudah pake hotspot teman .mau beli eror terus mau duit gak telkomsel astaga jelek minta ampunn edit:saya main game mobile legend nonton tik tok bagus koneksi nya pas buka aplikasi gak bisa beli paket gimana ini
10,rstnkhi nns,1,2026-09-26 16:01:42,"ga worth it, harga kouta nya mahal²"
10,Fanny xml,1,2026-09-26 15:54:32,ni Telkom ganguan Mulu sebener nya ada masalah apa si tiap hari ada aja ganguan udah pakek mahal ga berkualitas sinyal buruk
10,Yosi poari,1,2026-09-26 15:48:21,"stop pakai Telkomsel!!! nyesel anjir sekarang pakai ini kartu, untuk yg wilayah Bali jgn pernah lagi pakai, padahal langganan 300rb perbulan sinyal suka hilang"" sekarang EMG betul XL lebih kenceng"
10,Fajri Rahmasari,1,2026-09-26 15:44:01,"Aplikasi ga jelas loading Mulu, stressss, buka halaman cek kuota aja abis 2 menitan gila"
10,MIRASANTIKA DIARY,1,2026-09-26 15:40:37,jaringan nda sesuai mahal nya
10,Fahmi Sequad,1,2026-09-26 15:39:49,makin lama kuota nya makin sedikit dan lebih mahal penawarn nya kaga ada yang bener masa cuma 2GB aja bisa lebih dari 30 ribu cuman ditambah waktu nya aja emang kaga ngotak yang bener aja 20 ribu 7GB 7hari kemana ya
10,Ghufron Dahlan,1,2026-09-26 15:35:33,"bye telkomsel jaringan suka ngilang, paling dananya dikprupsi"
10,Dermawan Dadan,5,2026-09-26 15:34:46,sangat bagus
10,muhammad arsyad,5,2026-09-26 15:31:50,bagus
10,Wahyu Rahmat,1,2026-09-26 15:29:00,harga doang mahal jaringan sulit bgst
10,naa aee,1,2026-09-26 15:27:56,mahal mahal cuma buat lag gajelas?? mana kalo mati lampu lagg parahh
10,arfa adi,1,2026-09-26 15:22:24,"sinyal makin lama makin ancurrrr.. full lag, kuota mahal.. jangan cuma bisa ningkatin harga kuota tanpa jaga kualitas sinyal .."
10,Agus Sudibyo,5,2026-09-26 15:14:42,terima kasih
10,Reza Octavila,1,2026-09-26 15:14:24,"aku beli super seru promo 50k 15gb, di my telkomselny gagal tapi uang ku di brimo terpotong gimana ya 😭😭"
10,Ikhsan Faskha,1,2026-09-26 15:11:31,"Sinyal gak jelas padahal penuh,lemot ngeleg parah sinyal full tetap leg .kecewa sama sinyal sekarang makin parah bukannya di perbaiki malah makin parah"
10,David Robinson,5,2026-09-26 15:08:13,josss
10,Tanjung Oloan,1,2026-09-26 14:52:11,TELKOMSEL MAKIN GA JELAS SERING DI ISI MALAH MAKIN MAHAL SEMUANYA saya tidak mau kasih bintang bodo amat
10,Kael Crescent,1,2026-09-26 14:40:18,JARINGAN INTERNET SELALU LAG! TIAP BIKIN KELUHAN KE CUSTOMER SERVICE NGGA CEPAT DITANGANI!
10,Tian Tiun,2,2026-09-26 14:39:36,aku mau kasih saran mending tambahin fitur pilihan buat kuota yang udah kita beli jadi kalau kita beli 2 atau lebih kuota kita masih bisa pake kuota utama contoh aku beli 6gb nah 3 hari kemudian kuota ku sisa 2gb terus aku beli lagi 6gb nah disini aku bisa milih pakai kuota yg sisa 2gb atau 6gb jadinya biar kuota utama yg sisa enggak kebuang sia sia gara gara yg kepake malah kuota yg barusan dibeli
10,Muhamad Ripandi,5,2026-09-26 14:39:11,sangat baik
10,Herdy herdyherdiana,5,2026-09-26 14:36:15,bagus
10,Raden Kusyanto,4,2026-09-26 14:35:39,bagus
10,ujang edi,5,2026-09-26 14:31:16,ok
10,Lis Man,3,2026-09-26 14:24:27,baik
10,Ayshilla yasmine,5,2026-09-26 14:23:36,bagus .tingkatkan terus
10,RS. Siagian,1,2026-09-26 14:23:14,"Ampass, lelet begujanginam"
10,Zalfa Salsabila,1,2026-09-26 14:20:54,"ga bisa offline, logika aja kalo beli pulsa harus tuker di apk nya sedangkan di rumah ga ada wifi kita beli pulsa ya biar ada paketan. harus kesana kesini cari wifi dulu. mau hotspot kelurga jg SM SM Telkom duh ribett bet bet. ga kaya apk lain udh bnyk gratisan bs offline LG."
10,Inggridh S,1,2026-09-26 14:18:50,"TELKOM BUSUK, JARINGANNYA KADANG JELEK, HARGA SELANGIT, BUSUK POKOKNYA BUSUK, GASUKA Y AKU."
10,Masembo 1979,5,2026-09-26 14:17:52,baik
10,Fatih Widjan,5,2026-09-26 14:15:48,"PANTAS WARNA APKNYA MERAH SOALNYA SINYALNYA MERAH JUGA 🤭🤭🤭😹😹 HARI DIKORUP HARGA MAHAL , KUALITAS PLR😹😹😹"
10,Atik Eko,5,2026-09-26 14:08:19,muantab
10,Kang Mas Fuad,1,2026-09-26 14:01:26,eror mau beli paket data eror
10,Arya Putra123,1,2026-09-26 14:01:15,jaringan jelek terus
10,Iman S,1,2026-09-26 13:59:19,update terus tapi masih ngeleg aplikasinya sinyal keekk taii
10,Ramdan Alip,1,2026-09-26 13:52:29,"Telkomsel 🙉 ,jaringan lelet bngt,udh paketan nya mahal jringan nya lelet,Telkomsel perusahaan besar TPI knp jringan nya skrng lelet bngt,sangat kecewa,"
10,Marc,1,2026-09-26 13:50:55,"tolong kurangi harganya paket yang 1-5 gb perbulan dan perpanjang masa aktif juga gak ada lagi ""Rekomendasi Untukmu"" dan promonya juga masih tergolong mahal dan kurang sesuai untuk penggunaan"
10,Mawi Dar,1,2026-09-26 13:50:20,paketnya makin mahal gila
10,Marno94,5,2026-09-26 13:44:20,kuata intrnet Masi mahal
10,Motor Rri,1,2026-09-26 13:43:28,Telkomsel yatim
10,Namih “namih” Namih,5,2026-09-26 13:34:38,bagus
10,rahman buton,1,2026-09-26 13:26:04,paket terlalu mahall
10,Deny Attarazka,5,2026-09-26 13:09:39,tolong sinyal nya lebih di tingkatkan agar tidak lemot
10,Muhamad Pramadia,4,2026-09-26 13:09:06,"Beli paket cukup praktis, tapi aga lelet aplikasinya"
10,Diki Shaputra,1,2026-09-26 13:06:40,mahal sering gangguan lg
10,Abdul Kodir,5,2026-09-26 13:01:19,Keren
10,Ms syahrif Syahrif,4,2026-09-26 12:58:17,"trimakasih sudah merespon, keluh kesah castemer.,. semoga pihak Telkomsel lebih memperbaiki kualitas jaringan dan sistem nya"
10,Rahman alfarisilukman,1,2026-09-26 12:57:02,"TIDAK USAH KIRIM IKLAN HADIA, KARNAH SEMUA HADIA HANYA ANGGOTA KALIAN SAJA YANG MENDAPATKAN, JADI TIDAK USAH GANGGU-GANGU KAMI PENGGUNA INI, DENGAN TIPUDAYA KALIAN.."
10,Aal Medan,2,2026-09-26 12:52:11,aplikasi susa dibuka jaringan jelek dan pakett makin lama makin mahal harganyaa
10,Max Devil,1,2026-09-26 12:43:49,apk nyaa selalu keluar sendirii🙏 mohonn di perbaikii.
10,Ramadika Wisnu,1,2026-09-26 12:39:58,"aplikasi busuk kebanyakan eeror mau sinyal bagus wifi bagus, ngeload mulu bangke gimana sih"
10,Bucin Gaming,1,2026-09-26 12:39:21,"bosok, kuota mahal jaringan busuk"
10,Ahmad Faiz,1,2026-09-26 12:30:30,"pakai kartu dah 5tahun lbih..malah makin mahal..hdeh²..adanya hotpromo juga percuma tetep mahal, jaringan udah g sekuat dulu..malah makin lemah"
10,Vivin Riansen,5,2026-09-26 12:25:06,my Telkomsel keren
10,Pulung Sejati,5,2026-09-26 12:21:52,sangat puas
10,Marcello Damanik,1,2026-09-26 12:20:28,ngelek
10,Muhammad Fadel,1,2026-09-26 12:19:57,perbaiki jaringanmu
10,David Fawwaz Nugraha,1,2026-09-26 12:14:08,"Jaringan area saya udah 5 tahun masih tetap buruk jaringan hanya 10 mb/s kadang hanya mendapatkan 3G saya mengalami ini bukan 1 hari 2 Minggu, hampir setiap tahun tidak ada perubahan"
10,AL Qaish,1,2026-09-26 12:11:51,"KENAPA KUOTA TIDAK DI JUAL UTUH, CONTOHNYA SERU, KUOTA 30 GB, HANYA BISA DI GUNAKAN 15 GB, 15 GB YOUTUBE, KENAPA KAYA GITU, 80 GB KUOTA CUMA 40, HELLO YANG PASTI PASTI SAJA LAH KUOTA NYA"
10,Aji Santoso,5,2026-09-26 12:00:40,sangat bagus
10,Hari Poe,2,2026-09-26 11:55:09,"kurang memuaskan skrng,stiap pengisian pulsa sllu terpotong tau"" udh ngisi kuota,terkadang dari harga juga pasang surut trakadng mahal terkdng murah,mohon d permudah keperluan masyarakat pengguna telkomsel"
10,Boby Prasetiyo,1,2026-09-26 11:49:13,"sinyal buruk sekali, tidak dapat buat main game!!"
10,Fadly Hidayat Viazi,1,2026-09-26 11:39:26,paket yg ditawarkan terlalu mahal
10,arif rizqi,1,2026-09-26 11:38:19,"Terlalu banyak Menu menu yg ngga berguna, aplikasi jadi berat. ini mau beli paket aja muter muter mulu"
10,Nata Winata,2,2026-09-26 11:34:48,"Saya pelanggan lama,,makin kesini kuota semakin mahal😔"
10,22 - 004 Pedro Lumban Gaol,1,2026-09-26 11:33:56,"wah kacau ni perusahaan, saya punya sisa 15GB kouta YouTube dan itu ga bisa di pake, apa sih, maruk kali kalian koncet, jadi cmana ini, udah lah mahal, gabisa lagi di pake, udah super duper kapitalis kalian perusahaan babi"
10,Dahlan Lajulu,2,2026-09-26 11:30:08,lalot
10,Humas Tirtamedal,5,2026-09-26 11:28:04,mantap
10,Nurul Yakin,5,2026-09-26 11:21:41,mantap
10,Mahsun Azkha,5,2026-09-26 11:16:30,bagus
10,X _Andy,2,2026-09-26 11:16:23,"Aplikasi sudah lumayan, jadi bisa d buka & beli paket. Tapi kenapa 2 hari ini koneksi internetnya Busuk Sekali?! Dari pertama pakai Orbit hampir 4 tahun yg lalu baru kali ini internetnya busuk...jadi Not Recommend buat alternatif internet."
10,Nidal Concept,2,2026-09-26 11:10:08,re dttsetye retrrrhgsiyhrrftrjg hilo grre
